{
  "precision": 1.0,
  "recall": 0.7263157894736842,
  "f1": 0.8414634146341463,
  "accuracy": 0.8693467336683417,
  "true_positives": 69,
  "false_positives": 0,
  "false_negatives": 26,
  "true_negatives": 104,
  "threshold_used": 0.0,
  "total_correspondences": 24966,
  "filtered_correspondences": 24966,
  "evaluation_timestamp": "2025-11-20T19:56:06.440611"
}