{
  "precision": 1.0,
  "recall": 0.8842105263157894,
  "f1": 0.9385474860335195,
  "accuracy": 0.9447236180904522,
  "true_positives": 84,
  "false_positives": 0,
  "false_negatives": 11,
  "true_negatives": 104,
  "threshold_used": 0.0,
  "total_correspondences": 6617,
  "filtered_correspondences": 6617,
  "evaluation_timestamp": "2025-11-23T00:40:24.903536"
}