{
  "precision": 1.0,
  "recall": 0.8631578947368421,
  "f1": 0.9265536723163842,
  "accuracy": 0.9346733668341709,
  "true_positives": 82,
  "false_positives": 0,
  "false_negatives": 13,
  "true_negatives": 104,
  "threshold_used": 0.0,
  "total_correspondences": 125226,
  "filtered_correspondences": 125226,
  "evaluation_timestamp": "2025-11-23T00:43:08.034878"
}