{
  "precision": 1.0,
  "recall": 0.8736842105263158,
  "f1": 0.9325842696629214,
  "accuracy": 0.9396984924623115,
  "true_positives": 83,
  "false_positives": 0,
  "false_negatives": 12,
  "true_negatives": 104,
  "threshold_used": 0.0,
  "total_correspondences": 193428,
  "filtered_correspondences": 193428,
  "evaluation_timestamp": "2025-11-20T20:00:02.785437"
}