[INFO ] PyDI.fusion.analysis - Analyzed 17 attributes across 3 datasets
[INFO ] PyDI.entitymatching.blocking.standard.StandardBlocker - created 48978 blocking keys for first dataset
[INFO ] PyDI.entitymatching.blocking.standard.StandardBlocker - created 10405 blocking keys for second dataset
[INFO ] PyDI.entitymatching.blocking.standard.StandardBlocker - created 1476 blocks from blocking keys
[INFO ] PyDI.entitymatching.blocking.standard.StandardBlocker - Debug results written to file: /Users/abd/Developer/wdi-project/output/blocking_evaluation/debugResultsBlocking_StandardBlocker.csv
[INFO ] PyDI.entitymatching.blocking.sorted_neighbourhood.SortedNeighbourhoodBlocker - created sorted neighbourhood with window size 20
[INFO ] PyDI.entitymatching.blocking.sorted_neighbourhood.SortedNeighbourhoodBlocker - created 1 sorted sequence from 111897 records
[INFO ] PyDI.entitymatching.blocking.sorted_neighbourhood.SortedNeighbourhoodBlocker - Debug results written to file: /Users/abd/Developer/wdi-project/output/blocking_evaluation/debugResultsBlocking_SortedNeighbourhoodBlocker.csv
[INFO ] PyDI.entitymatching.blocking.token_blocking.TokenBlocker - created 14492 token keys for first dataset
[INFO ] PyDI.entitymatching.blocking.token_blocking.TokenBlocker - created 8724 token keys for second dataset
[INFO ] PyDI.entitymatching.blocking.token_blocking.TokenBlocker - created 8356 blocks from token keys
[INFO ] PyDI.entitymatching.blocking.token_blocking.TokenBlocker - Debug results written to file: /Users/abd/Developer/wdi-project/output/blocking_evaluation/debugResultsBlocking_TokenBlocker.csv
[INFO ] PyDI.entitymatching.blocking.embedding.EmbeddingBlocker - Initialized EmbeddingBlocker with sklearn backend, top_k=10, threshold=0.3
[INFO ] root -   Pair Completeness: 0.072
[INFO ] root -   Pair Quality:      0.004
[INFO ] root -   Reduction Ratio:   0.999995
[INFO ] root -   True Matches Found: 27/375
[INFO ] root - Blocking evaluation complete!
[INFO ] root -   Pair Completeness: 0.992
[INFO ] root -   Pair Quality:      0.001
[INFO ] root -   Reduction Ratio:   0.999668
[INFO ] root -   True Matches Found: 372/375
[INFO ] root - Blocking evaluation complete!
[INFO ] root -   Pair Completeness: 0.106
[INFO ] root -   Pair Quality:      0.001
[INFO ] root -   Reduction Ratio:   0.999995
[INFO ] root -   True Matches Found: 10/94
[INFO ] root - Blocking evaluation complete!
[INFO ] root -   Pair Completeness: 1.000
[INFO ] root -   Pair Quality:      0.000
[INFO ] root -   Reduction Ratio:   0.999668
[INFO ] root -   True Matches Found: 94/94
[INFO ] root - Blocking evaluation complete!
[INFO ] PyDI.entitymatching.blocking.standard.StandardBlocker - created 48978 blocking keys for first dataset
[INFO ] PyDI.entitymatching.blocking.standard.StandardBlocker - created 11917 blocking keys for second dataset
[INFO ] PyDI.entitymatching.blocking.standard.StandardBlocker - created 2731 blocks from blocking keys
[INFO ] PyDI.entitymatching.blocking.standard.StandardBlocker - Debug results written to file: /Users/abd/Developer/wdi-project/output/blocking_evaluation/debugResultsBlocking_StandardBlocker.csv
[INFO ] PyDI.entitymatching.blocking.sorted_neighbourhood.SortedNeighbourhoodBlocker - created sorted neighbourhood with window size 20
[INFO ] PyDI.entitymatching.blocking.sorted_neighbourhood.SortedNeighbourhoodBlocker - created 1 sorted sequence from 113829 records
[INFO ] PyDI.entitymatching.blocking.sorted_neighbourhood.SortedNeighbourhoodBlocker - Debug results written to file: /Users/abd/Developer/wdi-project/output/blocking_evaluation/debugResultsBlocking_SortedNeighbourhoodBlocker.csv
[INFO ] PyDI.entitymatching.blocking.token_blocking.TokenBlocker - created 14492 token keys for first dataset
[INFO ] PyDI.entitymatching.blocking.token_blocking.TokenBlocker - created 10123 token keys for second dataset
[INFO ] PyDI.entitymatching.blocking.token_blocking.TokenBlocker - created 9244 blocks from token keys
[INFO ] PyDI.entitymatching.blocking.token_blocking.TokenBlocker - Debug results written to file: /Users/abd/Developer/wdi-project/output/blocking_evaluation/debugResultsBlocking_TokenBlocker.csv
[INFO ] PyDI.entitymatching.blocking.embedding.EmbeddingBlocker - Initialized EmbeddingBlocker with sklearn backend, top_k=10, threshold=0.3
[INFO ] root -   Pair Completeness: 0.106
[INFO ] root -   Pair Quality:      0.001
[INFO ] root -   Reduction Ratio:   0.999995
[INFO ] root -   True Matches Found: 10/94
[INFO ] root - Blocking evaluation complete!
[INFO ] root -   Pair Completeness: 1.000
[INFO ] root -   Pair Quality:      0.000
[INFO ] root -   Reduction Ratio:   0.999668
[INFO ] root -   True Matches Found: 94/94
[INFO ] root - Blocking evaluation complete!
[INFO ] root -   Pair Completeness: 0.253
[INFO ] root -   Pair Quality:      0.002
[INFO ] root -   Reduction Ratio:   0.999991
[INFO ] root -   True Matches Found: 24/95
[INFO ] root - Blocking evaluation complete!
[INFO ] root -   Pair Completeness: 0.874
[INFO ] root -   Pair Quality:      0.000
[INFO ] root -   Reduction Ratio:   0.999691
[INFO ] root -   True Matches Found: 83/95
[INFO ] root - Blocking evaluation complete!
[INFO ] PyDI.entitymatching.rule_based.RuleBasedMatcher - Starting Entity Matching
[INFO ] PyDI.entitymatching.rule_based.RuleBasedMatcher - Blocking 97231 x 14666 elements
[INFO ] PyDI.entitymatching.rule_based.RuleBasedMatcher - Matching 97231 x 14666 elements after 0:00:1.149; 473866 blocked pairs (reduction ratio: 0.9996676932859451)
[INFO ] PyDI.entitymatching.rule_based.RuleBasedMatcher - Entity Matching finished after 0:00:53.122; found 28313 correspondences.
[INFO ] root - Confusion Matrix:
[INFO ] root -   True Positives:  88
[INFO ] root -   True Negatives:  105
[INFO ] root -   False Positives: 0
[INFO ] root -   False Negatives: 6
[INFO ] root - Performance Metrics:
[INFO ] root -   Accuracy:  0.970
[INFO ] root -   Precision: 1.000
[INFO ] root -   Recall:    0.936
[INFO ] root -   F1-Score:  0.967
[INFO ] root - Label distribution: 375 positive, 420 negative
[INFO ] root - Label distribution: 378 positive, 418 negative
[INFO ] PyDI.entitymatching.ml_based.MLBasedMatcher - Starting Entity Matching
[INFO ] PyDI.entitymatching.ml_based.MLBasedMatcher - Blocking 97231 x 14666 elements
[INFO ] PyDI.entitymatching.ml_based.MLBasedMatcher - Matching 97231 x 14666 elements after 0:00:0.572; 473866 blocked pairs (reduction ratio: 0.9996676932859451)
[INFO ] PyDI.entitymatching.ml_based.MLBasedMatcher - Entity Matching finished after 0:00:81.528; found 376092 correspondences.
[INFO ] PyDI.entitymatching.ml_based.MLBasedMatcher - Starting Entity Matching
[INFO ] PyDI.entitymatching.ml_based.MLBasedMatcher - Blocking 97231 x 16598 elements
[INFO ] PyDI.entitymatching.ml_based.MLBasedMatcher - Matching 97231 x 16598 elements after 0:00:0.210; 498960 blocked pairs (reduction ratio: 0.999690824395644)
[INFO ] PyDI.entitymatching.ml_based.MLBasedMatcher - Entity Matching finished after 0:00:84.808; found 193428 correspondences.
[INFO ] PyDI.entitymatching.rule_based.RuleBasedMatcher - Starting Entity Matching
[INFO ] PyDI.entitymatching.rule_based.RuleBasedMatcher - Blocking 97231 x 14666 elements
[INFO ] PyDI.entitymatching.rule_based.RuleBasedMatcher - Matching 97231 x 14666 elements after 0:00:0.502; 473866 blocked pairs (reduction ratio: 0.9996676932859451)
[INFO ] PyDI.entitymatching.rule_based.RuleBasedMatcher - Entity Matching finished after 0:00:50.981; found 13409 correspondences.
[INFO ] PyDI.entitymatching.rule_based.RuleBasedMatcher - Starting Entity Matching
[INFO ] PyDI.entitymatching.rule_based.RuleBasedMatcher - Blocking 97231 x 16598 elements
[INFO ] PyDI.entitymatching.rule_based.RuleBasedMatcher - Matching 97231 x 16598 elements after 0:00:0.240; 498960 blocked pairs (reduction ratio: 0.999690824395644)
[INFO ] PyDI.entitymatching.rule_based.RuleBasedMatcher - Starting Entity Matching
[INFO ] PyDI.entitymatching.rule_based.RuleBasedMatcher - Blocking 97231 x 14666 elements
[INFO ] PyDI.entitymatching.rule_based.RuleBasedMatcher - Matching 97231 x 14666 elements after 0:00:0.263; 473866 blocked pairs (reduction ratio: 0.9996676932859451)
[INFO ] PyDI.entitymatching.rule_based.RuleBasedMatcher - Starting Entity Matching
[INFO ] PyDI.entitymatching.rule_based.RuleBasedMatcher - Blocking 97231 x 14666 elements
[INFO ] PyDI.entitymatching.rule_based.RuleBasedMatcher - Matching 97231 x 14666 elements after 0:00:0.213; 473866 blocked pairs (reduction ratio: 0.9996676932859451)
[INFO ] PyDI.entitymatching.rule_based.RuleBasedMatcher - Entity Matching finished after 0:00:49.632; found 13409 correspondences.
[INFO ] PyDI.entitymatching.rule_based.RuleBasedMatcher - Starting Entity Matching
[INFO ] PyDI.entitymatching.rule_based.RuleBasedMatcher - Blocking 97231 x 16598 elements
[INFO ] PyDI.entitymatching.rule_based.RuleBasedMatcher - Matching 97231 x 16598 elements after 0:00:0.222; 498960 blocked pairs (reduction ratio: 0.999690824395644)
[INFO ] PyDI.entitymatching.rule_based.RuleBasedMatcher - Entity Matching finished after 0:00:50.109; found 24966 correspondences.
[INFO ] root - Confusion Matrix:
[INFO ] root -   True Positives:  88
[INFO ] root -   True Negatives:  105
[INFO ] root -   False Positives: 0
[INFO ] root -   False Negatives: 6
[INFO ] root - Performance Metrics:
[INFO ] root -   Accuracy:  0.970
[INFO ] root -   Precision: 1.000
[INFO ] root -   Recall:    0.936
[INFO ] root -   F1-Score:  0.967
[INFO ] root - Confusion Matrix:
[INFO ] root -   True Positives:  69
[INFO ] root -   True Negatives:  104
[INFO ] root -   False Positives: 0
[INFO ] root -   False Negatives: 26
[INFO ] root - Performance Metrics:
[INFO ] root -   Accuracy:  0.869
[INFO ] root -   Precision: 1.000
[INFO ] root -   Recall:    0.726
[INFO ] root -   F1-Score:  0.841
[INFO ] root - Label distribution: 375 positive, 420 negative
[INFO ] root - Label distribution: 378 positive, 418 negative
[INFO ] PyDI.entitymatching.ml_based.MLBasedMatcher - Starting Entity Matching
[INFO ] PyDI.entitymatching.ml_based.MLBasedMatcher - Blocking 97231 x 14666 elements
[INFO ] PyDI.entitymatching.ml_based.MLBasedMatcher - Matching 97231 x 14666 elements after 0:00:0.246; 473866 blocked pairs (reduction ratio: 0.9996676932859451)
[INFO ] PyDI.entitymatching.ml_based.MLBasedMatcher - Entity Matching finished after 0:00:87.344; found 376092 correspondences.
[INFO ] PyDI.entitymatching.ml_based.MLBasedMatcher - Starting Entity Matching
[INFO ] PyDI.entitymatching.ml_based.MLBasedMatcher - Blocking 97231 x 16598 elements
[INFO ] PyDI.entitymatching.ml_based.MLBasedMatcher - Matching 97231 x 16598 elements after 0:00:0.211; 498960 blocked pairs (reduction ratio: 0.999690824395644)
[INFO ] PyDI.entitymatching.ml_based.MLBasedMatcher - Entity Matching finished after 0:00:92.358; found 193428 correspondences.
[INFO ] root - Confusion Matrix:
[INFO ] root -   True Positives:  94
[INFO ] root -   True Negatives:  105
[INFO ] root -   False Positives: 0
[INFO ] root -   False Negatives: 0
[INFO ] root - Performance Metrics:
[INFO ] root -   Accuracy:  1.000
[INFO ] root -   Precision: 1.000
[INFO ] root -   Recall:    1.000
[INFO ] root -   F1-Score:  1.000
[INFO ] root - Confusion Matrix:
[INFO ] root -   True Positives:  83
[INFO ] root -   True Negatives:  104
[INFO ] root -   False Positives: 0
[INFO ] root -   False Negatives: 12
[INFO ] root - Performance Metrics:
[INFO ] root -   Accuracy:  0.940
[INFO ] root -   Precision: 1.000
[INFO ] root -   Recall:    0.874
[INFO ] root -   F1-Score:  0.933
[INFO ] PyDI.fusion.strategy - Registered fuser for attribute 'title' using rule 'longest_string'
[INFO ] PyDI.fusion.strategy - Registered fuser for attribute 'release_year' using rule 'prefer_higher_trust'
[INFO ] PyDI.fusion.strategy - Registered fuser for attribute 'platform' using rule 'prefer_higher_trust'
[INFO ] PyDI.fusion.strategy - Registered fuser for attribute 'genres' using rule 'union'
[INFO ] PyDI.fusion.engine - Fusion debug logging enabled; refer to output/data_fusion/debug_fusion_ml_standard_blocker.jsonl for detailed traces.
[INFO ] PyDI.fusion.engine - Starting data fusion with strategy 'video_games_fusion_strategy'
[INFO ] PyDI.fusion.engine - *    Loading correspondences    *
[INFO ] PyDI.fusion.engine - Correspondence ID coverage: matched 116679 of 116679 unique IDs
[INFO ] PyDI.fusion.engine - Created 12345 record groups from 569520 correspondences
[INFO ] PyDI.fusion.engine - Group Size Distribution of 12345 clusters:
[INFO ] PyDI.fusion.engine - 	Cluster Size	| Frequency	| Percentage
[INFO ] PyDI.fusion.engine - 	──────────────────────────────────────────────────
[INFO ] PyDI.fusion.engine - 		2	|	72	|	0.58%
[INFO ] PyDI.fusion.engine - 		3	|	19	|	0.15%
[INFO ] PyDI.fusion.engine - 		4	|	13	|	0.11%
[INFO ] PyDI.fusion.engine - 		5	|	8	|	0.06%
[INFO ] PyDI.fusion.engine - 		6	|	3	|	0.02%
[INFO ] PyDI.fusion.engine - 		7	|	5	|	0.04%
[INFO ] PyDI.fusion.engine - 		8	|	3	|	0.02%
[INFO ] PyDI.fusion.engine - 		9	|	5	|	0.04%
[INFO ] PyDI.fusion.engine - 		10	|	7	|	0.06%
[INFO ] PyDI.fusion.engine - 		11	|	2	|	0.02%
[INFO ] PyDI.fusion.engine - 		12	|	4	|	0.03%
[INFO ] PyDI.fusion.engine - 		14	|	2	|	0.02%
[INFO ] PyDI.fusion.engine - 		16	|	1	|	0.01%
[INFO ] PyDI.fusion.engine - 		17	|	1	|	0.01%
[INFO ] PyDI.fusion.engine - 		18	|	2	|	0.02%
[INFO ] PyDI.fusion.engine - 		19	|	2	|	0.02%
[INFO ] PyDI.fusion.engine - 		23	|	4	|	0.03%
[INFO ] PyDI.fusion.engine - 		25	|	1	|	0.01%
[INFO ] PyDI.fusion.engine - 		26	|	1	|	0.01%
[INFO ] PyDI.fusion.engine - 		27	|	1	|	0.01%
[INFO ] PyDI.fusion.engine - 		29	|	1	|	0.01%
[INFO ] PyDI.fusion.engine - 		32	|	2	|	0.02%
[INFO ] PyDI.fusion.engine - 		33	|	3	|	0.02%
[INFO ] PyDI.fusion.engine - 		34	|	2	|	0.02%
[INFO ] PyDI.fusion.engine - 		36	|	1	|	0.01%
[INFO ] PyDI.fusion.engine - 		39	|	2	|	0.02%
[INFO ] PyDI.fusion.engine - 		41	|	2	|	0.02%
[INFO ] PyDI.fusion.engine - 		42	|	3	|	0.02%
[INFO ] PyDI.fusion.engine - 		43	|	4	|	0.03%
[INFO ] PyDI.fusion.engine - 		45	|	2	|	0.02%
[INFO ] PyDI.fusion.engine - 		46	|	2	|	0.02%
[INFO ] PyDI.fusion.engine - 		47	|	1	|	0.01%
[INFO ] PyDI.fusion.engine - 		49	|	2	|	0.02%
[INFO ] PyDI.fusion.engine - 		50	|	1	|	0.01%
[INFO ] PyDI.fusion.engine - 		51	|	3	|	0.02%
[INFO ] PyDI.fusion.engine - 		52	|	3	|	0.02%
[INFO ] PyDI.fusion.engine - 		53	|	3	|	0.02%
[INFO ] PyDI.fusion.engine - 		54	|	2	|	0.02%
[INFO ] PyDI.fusion.engine - 		55	|	4	|	0.03%
[INFO ] PyDI.fusion.engine - 		56	|	3	|	0.02%
[INFO ] PyDI.fusion.engine - 		57	|	2	|	0.02%
[INFO ] PyDI.fusion.engine - 		58	|	2	|	0.02%
[INFO ] PyDI.fusion.engine - 		59	|	1	|	0.01%
[INFO ] PyDI.fusion.engine - 		62	|	3	|	0.02%
[INFO ] PyDI.fusion.engine - 		63	|	4	|	0.03%
[INFO ] PyDI.fusion.engine - 		64	|	4	|	0.03%
[INFO ] PyDI.fusion.engine - 		65	|	2	|	0.02%
[INFO ] PyDI.fusion.engine - 		66	|	1	|	0.01%
[INFO ] PyDI.fusion.engine - 		68	|	2	|	0.02%
[INFO ] PyDI.fusion.engine - 		71	|	2	|	0.02%
[INFO ] PyDI.fusion.engine - 		72	|	1	|	0.01%
[INFO ] PyDI.fusion.engine - 		73	|	1	|	0.01%
[INFO ] PyDI.fusion.engine - 		74	|	2	|	0.02%
[INFO ] PyDI.fusion.engine - 		77	|	2	|	0.02%
[INFO ] PyDI.fusion.engine - 		78	|	1	|	0.01%
[INFO ] PyDI.fusion.engine - 		79	|	1	|	0.01%
[INFO ] PyDI.fusion.engine - 		80	|	3	|	0.02%
[INFO ] PyDI.fusion.engine - 		81	|	1	|	0.01%
[INFO ] PyDI.fusion.engine - 		82	|	1	|	0.01%
[INFO ] PyDI.fusion.engine - 		83	|	1	|	0.01%
[INFO ] PyDI.fusion.engine - 		85	|	1	|	0.01%
[INFO ] PyDI.fusion.engine - 		86	|	1	|	0.01%
[INFO ] PyDI.fusion.engine - 		87	|	2	|	0.02%
[INFO ] PyDI.fusion.engine - 		93	|	3	|	0.02%
[INFO ] PyDI.fusion.engine - 		96	|	2	|	0.02%
[INFO ] PyDI.fusion.engine - 		97	|	1	|	0.01%
[INFO ] PyDI.fusion.engine - 		98	|	3	|	0.02%
[INFO ] PyDI.fusion.engine - 		99	|	1	|	0.01%
[INFO ] PyDI.fusion.engine - 		102	|	1	|	0.01%
[INFO ] PyDI.fusion.engine - 		104	|	1	|	0.01%
[INFO ] PyDI.fusion.engine - 		105	|	3	|	0.02%
[INFO ] PyDI.fusion.engine - 		106	|	1	|	0.01%
[INFO ] PyDI.fusion.engine - 		107	|	2	|	0.02%
[INFO ] PyDI.fusion.engine - 		108	|	1	|	0.01%
[INFO ] PyDI.fusion.engine - 		109	|	3	|	0.02%
[INFO ] PyDI.fusion.engine - 		111	|	2	|	0.02%
[INFO ] PyDI.fusion.engine - 		112	|	1	|	0.01%
[INFO ] PyDI.fusion.engine - 		113	|	4	|	0.03%
[INFO ] PyDI.fusion.engine - 		114	|	1	|	0.01%
[INFO ] PyDI.fusion.engine - 		115	|	2	|	0.02%
[INFO ] PyDI.fusion.engine - 		117	|	2	|	0.02%
[INFO ] PyDI.fusion.engine - 		118	|	3	|	0.02%
[INFO ] PyDI.fusion.engine - 		119	|	1	|	0.01%
[INFO ] PyDI.fusion.engine - 		120	|	3	|	0.02%
[INFO ] PyDI.fusion.engine - 		122	|	1	|	0.01%
[INFO ] PyDI.fusion.engine - 		123	|	1	|	0.01%
[INFO ] PyDI.fusion.engine - 		124	|	2	|	0.02%
[INFO ] PyDI.fusion.engine - 		126	|	2	|	0.02%
[INFO ] PyDI.fusion.engine - 		129	|	2	|	0.02%
[INFO ] PyDI.fusion.engine - 		132	|	1	|	0.01%
[INFO ] PyDI.fusion.engine - 		133	|	2	|	0.02%
[INFO ] PyDI.fusion.engine - 		137	|	1	|	0.01%
[INFO ] PyDI.fusion.engine - 		138	|	1	|	0.01%
[INFO ] PyDI.fusion.engine - 		139	|	2	|	0.02%
[INFO ] PyDI.fusion.engine - 		140	|	1	|	0.01%
[INFO ] PyDI.fusion.engine - 		142	|	1	|	0.01%
[INFO ] PyDI.fusion.engine - 		143	|	1	|	0.01%
[INFO ] PyDI.fusion.engine - 		144	|	1	|	0.01%
[INFO ] PyDI.fusion.engine - 		145	|	4	|	0.03%
[INFO ] PyDI.fusion.engine - 		146	|	1	|	0.01%
[INFO ] PyDI.fusion.engine - 		147	|	1	|	0.01%
[INFO ] PyDI.fusion.engine - 		149	|	1	|	0.01%
[INFO ] PyDI.fusion.engine - 		151	|	1	|	0.01%
[INFO ] PyDI.fusion.engine - 		152	|	2	|	0.02%
[INFO ] PyDI.fusion.engine - 		153	|	1	|	0.01%
[INFO ] PyDI.fusion.engine - 		154	|	3	|	0.02%
[INFO ] PyDI.fusion.engine - 		155	|	1	|	0.01%
[INFO ] PyDI.fusion.engine - 		156	|	2	|	0.02%
[INFO ] PyDI.fusion.engine - 		157	|	2	|	0.02%
[INFO ] PyDI.fusion.engine - 		158	|	1	|	0.01%
[INFO ] PyDI.fusion.engine - 		159	|	1	|	0.01%
[INFO ] PyDI.fusion.engine - 		161	|	2	|	0.02%
[INFO ] PyDI.fusion.engine - 		162	|	3	|	0.02%
[INFO ] PyDI.fusion.engine - 		166	|	1	|	0.01%
[INFO ] PyDI.fusion.engine - 		167	|	1	|	0.01%
[INFO ] PyDI.fusion.engine - 		169	|	1	|	0.01%
[INFO ] PyDI.fusion.engine - 		171	|	1	|	0.01%
[INFO ] PyDI.fusion.engine - 		174	|	1	|	0.01%
[INFO ] PyDI.fusion.engine - 		176	|	3	|	0.02%
[INFO ] PyDI.fusion.engine - 		178	|	1	|	0.01%
[INFO ] PyDI.fusion.engine - 		179	|	2	|	0.02%
[INFO ] PyDI.fusion.engine - 		180	|	2	|	0.02%
[INFO ] PyDI.fusion.engine - 		182	|	1	|	0.01%
[INFO ] PyDI.fusion.engine - 		183	|	2	|	0.02%
[INFO ] PyDI.fusion.engine - 		184	|	2	|	0.02%
[INFO ] PyDI.fusion.engine - 		185	|	1	|	0.01%
[INFO ] PyDI.fusion.engine - 		189	|	1	|	0.01%
[INFO ] PyDI.fusion.engine - 		190	|	1	|	0.01%
[INFO ] PyDI.fusion.engine - 		191	|	1	|	0.01%
[INFO ] PyDI.fusion.engine - 		192	|	1	|	0.01%
[INFO ] PyDI.fusion.engine - 		194	|	1	|	0.01%
[INFO ] PyDI.fusion.engine - 		195	|	1	|	0.01%
[INFO ] PyDI.fusion.engine - 		198	|	1	|	0.01%
[INFO ] PyDI.fusion.engine - 		200	|	1	|	0.01%
[INFO ] PyDI.fusion.engine - 		205	|	2	|	0.02%
[INFO ] PyDI.fusion.engine - 		208	|	2	|	0.02%
[INFO ] PyDI.fusion.engine - 		209	|	1	|	0.01%
[INFO ] PyDI.fusion.engine - 		210	|	1	|	0.01%
[INFO ] PyDI.fusion.engine - 		212	|	2	|	0.02%
[INFO ] PyDI.fusion.engine - 		213	|	1	|	0.01%
[INFO ] PyDI.fusion.engine - 		215	|	1	|	0.01%
[INFO ] PyDI.fusion.engine - 		216	|	1	|	0.01%
[INFO ] PyDI.fusion.engine - 		220	|	2	|	0.02%
[INFO ] PyDI.fusion.engine - 		221	|	1	|	0.01%
[INFO ] PyDI.fusion.engine - 		224	|	1	|	0.01%
[INFO ] PyDI.fusion.engine - 		225	|	1	|	0.01%
[INFO ] PyDI.fusion.engine - 		229	|	1	|	0.01%
[INFO ] PyDI.fusion.engine - 		232	|	2	|	0.02%
[INFO ] PyDI.fusion.engine - 		235	|	3	|	0.02%
[INFO ] PyDI.fusion.engine - 		237	|	2	|	0.02%
[INFO ] PyDI.fusion.engine - 		238	|	1	|	0.01%
[INFO ] PyDI.fusion.engine - 		239	|	3	|	0.02%
[INFO ] PyDI.fusion.engine - 		247	|	1	|	0.01%
[INFO ] PyDI.fusion.engine - 		251	|	1	|	0.01%
[INFO ] PyDI.fusion.engine - 		252	|	1	|	0.01%
[INFO ] PyDI.fusion.engine - 		254	|	1	|	0.01%
[INFO ] PyDI.fusion.engine - 		256	|	1	|	0.01%
[INFO ] PyDI.fusion.engine - 		259	|	1	|	0.01%
[INFO ] PyDI.fusion.engine - 		261	|	1	|	0.01%
[INFO ] PyDI.fusion.engine - 		265	|	1	|	0.01%
[INFO ] PyDI.fusion.engine - 		267	|	4	|	0.03%
[INFO ] PyDI.fusion.engine - 		269	|	1	|	0.01%
[INFO ] PyDI.fusion.engine - 		271	|	2	|	0.02%
[INFO ] PyDI.fusion.engine - 		274	|	1	|	0.01%
[INFO ] PyDI.fusion.engine - 		276	|	1	|	0.01%
[INFO ] PyDI.fusion.engine - 		284	|	1	|	0.01%
[INFO ] PyDI.fusion.engine - 		297	|	1	|	0.01%
[INFO ] PyDI.fusion.engine - 		299	|	1	|	0.01%
[INFO ] PyDI.fusion.engine - 		306	|	1	|	0.01%
[INFO ] PyDI.fusion.engine - 		307	|	2	|	0.02%
[INFO ] PyDI.fusion.engine - 		314	|	2	|	0.02%
[INFO ] PyDI.fusion.engine - 		317	|	1	|	0.01%
[INFO ] PyDI.fusion.engine - 		319	|	2	|	0.02%
[INFO ] PyDI.fusion.engine - 		321	|	1	|	0.01%
[INFO ] PyDI.fusion.engine - 		324	|	1	|	0.01%
[INFO ] PyDI.fusion.engine - 		325	|	1	|	0.01%
[INFO ] PyDI.fusion.engine - 		327	|	1	|	0.01%
[INFO ] PyDI.fusion.engine - 		328	|	1	|	0.01%
[INFO ] PyDI.fusion.engine - 		333	|	1	|	0.01%
[INFO ] PyDI.fusion.engine - 		339	|	1	|	0.01%
[INFO ] PyDI.fusion.engine - 		342	|	1	|	0.01%
[INFO ] PyDI.fusion.engine - 		351	|	1	|	0.01%
[INFO ] PyDI.fusion.engine - 		352	|	1	|	0.01%
[INFO ] PyDI.fusion.engine - 		356	|	3	|	0.02%
[INFO ] PyDI.fusion.engine - 		363	|	1	|	0.01%
[INFO ] PyDI.fusion.engine - 		371	|	1	|	0.01%
[INFO ] PyDI.fusion.engine - 		375	|	2	|	0.02%
[INFO ] PyDI.fusion.engine - 		381	|	1	|	0.01%
[INFO ] PyDI.fusion.engine - 		389	|	1	|	0.01%
[INFO ] PyDI.fusion.engine - 		390	|	1	|	0.01%
[INFO ] PyDI.fusion.engine - 		393	|	1	|	0.01%
[INFO ] PyDI.fusion.engine - 		394	|	1	|	0.01%
[INFO ] PyDI.fusion.engine - 		398	|	1	|	0.01%
[INFO ] PyDI.fusion.engine - 		401	|	1	|	0.01%
[INFO ] PyDI.fusion.engine - 		409	|	1	|	0.01%
[INFO ] PyDI.fusion.engine - 		412	|	1	|	0.01%
[INFO ] PyDI.fusion.engine - 		427	|	2	|	0.02%
[INFO ] PyDI.fusion.engine - 		435	|	2	|	0.02%
[INFO ] PyDI.fusion.engine - 		443	|	1	|	0.01%
[INFO ] PyDI.fusion.engine - 		446	|	1	|	0.01%
[INFO ] PyDI.fusion.engine - 		449	|	1	|	0.01%
[INFO ] PyDI.fusion.engine - 		461	|	2	|	0.02%
[INFO ] PyDI.fusion.engine - 		467	|	1	|	0.01%
[INFO ] PyDI.fusion.engine - 		470	|	1	|	0.01%
[INFO ] PyDI.fusion.engine - 		472	|	1	|	0.01%
[INFO ] PyDI.fusion.engine - 		477	|	1	|	0.01%
[INFO ] PyDI.fusion.engine - 		481	|	2	|	0.02%
[INFO ] PyDI.fusion.engine - 		500	|	1	|	0.01%
[INFO ] PyDI.fusion.engine - 		503	|	2	|	0.02%
[INFO ] PyDI.fusion.engine - 		505	|	1	|	0.01%
[INFO ] PyDI.fusion.engine - 		507	|	2	|	0.02%
[INFO ] PyDI.fusion.engine - 		508	|	1	|	0.01%
[INFO ] PyDI.fusion.engine - 		516	|	1	|	0.01%
[INFO ] PyDI.fusion.engine - 		522	|	1	|	0.01%
[INFO ] PyDI.fusion.engine - 		523	|	1	|	0.01%
[INFO ] PyDI.fusion.engine - 		525	|	1	|	0.01%
[INFO ] PyDI.fusion.engine - 		530	|	1	|	0.01%
[INFO ] PyDI.fusion.engine - 		542	|	1	|	0.01%
[INFO ] PyDI.fusion.engine - 		544	|	1	|	0.01%
[INFO ] PyDI.fusion.engine - 		546	|	1	|	0.01%
[INFO ] PyDI.fusion.engine - 		548	|	1	|	0.01%
[INFO ] PyDI.fusion.engine - 		576	|	1	|	0.01%
[INFO ] PyDI.fusion.engine - 		590	|	1	|	0.01%
[INFO ] PyDI.fusion.engine - 		607	|	1	|	0.01%
[INFO ] PyDI.fusion.engine - 		631	|	1	|	0.01%
[INFO ] PyDI.fusion.engine - 		645	|	1	|	0.01%
[INFO ] PyDI.fusion.engine - 		649	|	1	|	0.01%
[INFO ] PyDI.fusion.engine - 		654	|	1	|	0.01%
[INFO ] PyDI.fusion.engine - 		657	|	1	|	0.01%
[INFO ] PyDI.fusion.engine - 		661	|	1	|	0.01%
[INFO ] PyDI.fusion.engine - 		663	|	1	|	0.01%
[INFO ] PyDI.fusion.engine - 		664	|	2	|	0.02%
[INFO ] PyDI.fusion.engine - 		669	|	1	|	0.01%
[INFO ] PyDI.fusion.engine - 		671	|	1	|	0.01%
[INFO ] PyDI.fusion.engine - 		691	|	1	|	0.01%
[INFO ] PyDI.fusion.engine - 		705	|	2	|	0.02%
[INFO ] PyDI.fusion.engine - 		706	|	1	|	0.01%
[INFO ] PyDI.fusion.engine - 		707	|	1	|	0.01%
[INFO ] PyDI.fusion.engine - 		716	|	1	|	0.01%
[INFO ] PyDI.fusion.engine - 		727	|	1	|	0.01%
[INFO ] PyDI.fusion.engine - 		741	|	1	|	0.01%
[INFO ] PyDI.fusion.engine - 		743	|	1	|	0.01%
[INFO ] PyDI.fusion.engine - 		750	|	1	|	0.01%
[INFO ] PyDI.fusion.engine - 		783	|	1	|	0.01%
[INFO ] PyDI.fusion.engine - 		785	|	1	|	0.01%
[INFO ] PyDI.fusion.engine - 		787	|	1	|	0.01%
[INFO ] PyDI.fusion.engine - 		790	|	1	|	0.01%
[INFO ] PyDI.fusion.engine - 		792	|	1	|	0.01%
[INFO ] PyDI.fusion.engine - 		800	|	2	|	0.02%
[INFO ] PyDI.fusion.engine - 		802	|	2	|	0.02%
[INFO ] PyDI.fusion.engine - 		807	|	1	|	0.01%
[INFO ] PyDI.fusion.engine - 		812	|	1	|	0.01%
[INFO ] PyDI.fusion.engine - 		845	|	1	|	0.01%
[INFO ] PyDI.fusion.engine - 		855	|	1	|	0.01%
[INFO ] PyDI.fusion.engine - 		868	|	1	|	0.01%
[INFO ] PyDI.fusion.engine - 		869	|	1	|	0.01%
[INFO ] PyDI.fusion.engine - 		887	|	1	|	0.01%
[INFO ] PyDI.fusion.engine - 		929	|	1	|	0.01%
[INFO ] PyDI.fusion.engine - 		948	|	1	|	0.01%
[INFO ] PyDI.fusion.engine - 		957	|	1	|	0.01%
[INFO ] PyDI.fusion.engine - 		969	|	1	|	0.01%
[INFO ] PyDI.fusion.engine - 		1017	|	1	|	0.01%
[INFO ] PyDI.fusion.engine - 		1040	|	1	|	0.01%
[INFO ] PyDI.fusion.engine - 		1111	|	1	|	0.01%
[INFO ] PyDI.fusion.engine - 		1132	|	1	|	0.01%
[INFO ] PyDI.fusion.engine - 		1269	|	1	|	0.01%
[INFO ] PyDI.fusion.engine - 		1302	|	2	|	0.02%
[INFO ] PyDI.fusion.engine - 		1322	|	1	|	0.01%
[INFO ] PyDI.fusion.engine - 		1345	|	1	|	0.01%
[INFO ] PyDI.fusion.engine - 		1516	|	1	|	0.01%
[INFO ] PyDI.fusion.engine - 		1537	|	1	|	0.01%
[INFO ] PyDI.fusion.engine - 		1543	|	1	|	0.01%
[INFO ] PyDI.fusion.engine - 		1807	|	1	|	0.01%
[INFO ] PyDI.fusion.engine - 		1856	|	1	|	0.01%
[INFO ] PyDI.fusion.engine - 		1883	|	1	|	0.01%
[INFO ] PyDI.fusion.engine - 		2166	|	1	|	0.01%
[INFO ] PyDI.fusion.strategy - Registered fuser for attribute 'title' using rule 'longest_string'
[INFO ] PyDI.fusion.strategy - Registered fuser for attribute 'release_year' using rule 'prefer_higher_trust'
[INFO ] PyDI.fusion.strategy - Registered fuser for attribute 'platform' using rule 'prefer_higher_trust'
[INFO ] PyDI.fusion.strategy - Registered fuser for attribute 'genres' using rule 'union'
[INFO ] PyDI.fusion.engine - Fusion debug logging enabled; refer to output/data_fusion/debug_fusion_ml_standard_blocker.jsonl for detailed traces.
[INFO ] PyDI.fusion.engine - Starting data fusion with strategy 'video_games_fusion_strategy'
[INFO ] PyDI.fusion.engine - *    Loading correspondences    *
[INFO ] PyDI.fusion.engine - Correspondence ID coverage: matched 116679 of 116679 unique IDs
[INFO ] PyDI.fusion.engine - Created 12345 record groups from 569520 correspondences
[INFO ] PyDI.fusion.engine - Group Size Distribution of 12345 clusters:
[INFO ] PyDI.fusion.engine - 	Cluster Size	| Frequency	| Percentage
[INFO ] PyDI.fusion.engine - 	──────────────────────────────────────────────────
[INFO ] PyDI.fusion.engine - 		2	|	72	|	0.58%
[INFO ] PyDI.fusion.engine - 		3	|	19	|	0.15%
[INFO ] PyDI.fusion.engine - 		4	|	13	|	0.11%
[INFO ] PyDI.fusion.engine - 		5	|	8	|	0.06%
[INFO ] PyDI.fusion.engine - 		6	|	3	|	0.02%
[INFO ] PyDI.fusion.engine - 		7	|	5	|	0.04%
[INFO ] PyDI.fusion.engine - 		8	|	3	|	0.02%
[INFO ] PyDI.fusion.engine - 		9	|	5	|	0.04%
[INFO ] PyDI.fusion.engine - 		10	|	7	|	0.06%
[INFO ] PyDI.fusion.engine - 		11	|	2	|	0.02%
[INFO ] PyDI.fusion.engine - 		12	|	4	|	0.03%
[INFO ] PyDI.fusion.engine - 		14	|	2	|	0.02%
[INFO ] PyDI.fusion.engine - 		16	|	1	|	0.01%
[INFO ] PyDI.fusion.engine - 		17	|	1	|	0.01%
[INFO ] PyDI.fusion.engine - 		18	|	2	|	0.02%
[INFO ] PyDI.fusion.engine - 		19	|	2	|	0.02%
[INFO ] PyDI.fusion.engine - 		23	|	4	|	0.03%
[INFO ] PyDI.fusion.engine - 		25	|	1	|	0.01%
[INFO ] PyDI.fusion.engine - 		26	|	1	|	0.01%
[INFO ] PyDI.fusion.engine - 		27	|	1	|	0.01%
[INFO ] PyDI.fusion.engine - 		29	|	1	|	0.01%
[INFO ] PyDI.fusion.engine - 		32	|	2	|	0.02%
[INFO ] PyDI.fusion.engine - 		33	|	3	|	0.02%
[INFO ] PyDI.fusion.engine - 		34	|	2	|	0.02%
[INFO ] PyDI.fusion.engine - 		36	|	1	|	0.01%
[INFO ] PyDI.fusion.engine - 		39	|	2	|	0.02%
[INFO ] PyDI.fusion.engine - 		41	|	2	|	0.02%
[INFO ] PyDI.fusion.engine - 		42	|	3	|	0.02%
[INFO ] PyDI.fusion.engine - 		43	|	4	|	0.03%
[INFO ] PyDI.fusion.engine - 		45	|	2	|	0.02%
[INFO ] PyDI.fusion.engine - 		46	|	2	|	0.02%
[INFO ] PyDI.fusion.engine - 		47	|	1	|	0.01%
[INFO ] PyDI.fusion.engine - 		49	|	2	|	0.02%
[INFO ] PyDI.fusion.engine - 		50	|	1	|	0.01%
[INFO ] PyDI.fusion.engine - 		51	|	3	|	0.02%
[INFO ] PyDI.fusion.engine - 		52	|	3	|	0.02%
[INFO ] PyDI.fusion.engine - 		53	|	3	|	0.02%
[INFO ] PyDI.fusion.engine - 		54	|	2	|	0.02%
[INFO ] PyDI.fusion.engine - 		55	|	4	|	0.03%
[INFO ] PyDI.fusion.engine - 		56	|	3	|	0.02%
[INFO ] PyDI.fusion.engine - 		57	|	2	|	0.02%
[INFO ] PyDI.fusion.engine - 		58	|	2	|	0.02%
[INFO ] PyDI.fusion.engine - 		59	|	1	|	0.01%
[INFO ] PyDI.fusion.engine - 		62	|	3	|	0.02%
[INFO ] PyDI.fusion.engine - 		63	|	4	|	0.03%
[INFO ] PyDI.fusion.engine - 		64	|	4	|	0.03%
[INFO ] PyDI.fusion.engine - 		65	|	2	|	0.02%
[INFO ] PyDI.fusion.engine - 		66	|	1	|	0.01%
[INFO ] PyDI.fusion.engine - 		68	|	2	|	0.02%
[INFO ] PyDI.fusion.engine - 		71	|	2	|	0.02%
[INFO ] PyDI.fusion.engine - 		72	|	1	|	0.01%
[INFO ] PyDI.fusion.engine - 		73	|	1	|	0.01%
[INFO ] PyDI.fusion.engine - 		74	|	2	|	0.02%
[INFO ] PyDI.fusion.engine - 		77	|	2	|	0.02%
[INFO ] PyDI.fusion.engine - 		78	|	1	|	0.01%
[INFO ] PyDI.fusion.engine - 		79	|	1	|	0.01%
[INFO ] PyDI.fusion.engine - 		80	|	3	|	0.02%
[INFO ] PyDI.fusion.engine - 		81	|	1	|	0.01%
[INFO ] PyDI.fusion.engine - 		82	|	1	|	0.01%
[INFO ] PyDI.fusion.engine - 		83	|	1	|	0.01%
[INFO ] PyDI.fusion.engine - 		85	|	1	|	0.01%
[INFO ] PyDI.fusion.engine - 		86	|	1	|	0.01%
[INFO ] PyDI.fusion.engine - 		87	|	2	|	0.02%
[INFO ] PyDI.fusion.engine - 		93	|	3	|	0.02%
[INFO ] PyDI.fusion.engine - 		96	|	2	|	0.02%
[INFO ] PyDI.fusion.engine - 		97	|	1	|	0.01%
[INFO ] PyDI.fusion.engine - 		98	|	3	|	0.02%
[INFO ] PyDI.fusion.engine - 		99	|	1	|	0.01%
[INFO ] PyDI.fusion.engine - 		102	|	1	|	0.01%
[INFO ] PyDI.fusion.engine - 		104	|	1	|	0.01%
[INFO ] PyDI.fusion.engine - 		105	|	3	|	0.02%
[INFO ] PyDI.fusion.engine - 		106	|	1	|	0.01%
[INFO ] PyDI.fusion.engine - 		107	|	2	|	0.02%
[INFO ] PyDI.fusion.engine - 		108	|	1	|	0.01%
[INFO ] PyDI.fusion.engine - 		109	|	3	|	0.02%
[INFO ] PyDI.fusion.engine - 		111	|	2	|	0.02%
[INFO ] PyDI.fusion.engine - 		112	|	1	|	0.01%
[INFO ] PyDI.fusion.engine - 		113	|	4	|	0.03%
[INFO ] PyDI.fusion.engine - 		114	|	1	|	0.01%
[INFO ] PyDI.fusion.engine - 		115	|	2	|	0.02%
[INFO ] PyDI.fusion.engine - 		117	|	2	|	0.02%
[INFO ] PyDI.fusion.engine - 		118	|	3	|	0.02%
[INFO ] PyDI.fusion.engine - 		119	|	1	|	0.01%
[INFO ] PyDI.fusion.engine - 		120	|	3	|	0.02%
[INFO ] PyDI.fusion.engine - 		122	|	1	|	0.01%
[INFO ] PyDI.fusion.engine - 		123	|	1	|	0.01%
[INFO ] PyDI.fusion.engine - 		124	|	2	|	0.02%
[INFO ] PyDI.fusion.engine - 		126	|	2	|	0.02%
[INFO ] PyDI.fusion.engine - 		129	|	2	|	0.02%
[INFO ] PyDI.fusion.engine - 		132	|	1	|	0.01%
[INFO ] PyDI.fusion.engine - 		133	|	2	|	0.02%
[INFO ] PyDI.fusion.engine - 		137	|	1	|	0.01%
[INFO ] PyDI.fusion.engine - 		138	|	1	|	0.01%
[INFO ] PyDI.fusion.engine - 		139	|	2	|	0.02%
[INFO ] PyDI.fusion.engine - 		140	|	1	|	0.01%
[INFO ] PyDI.fusion.engine - 		142	|	1	|	0.01%
[INFO ] PyDI.fusion.engine - 		143	|	1	|	0.01%
[INFO ] PyDI.fusion.engine - 		144	|	1	|	0.01%
[INFO ] PyDI.fusion.engine - 		145	|	4	|	0.03%
[INFO ] PyDI.fusion.engine - 		146	|	1	|	0.01%
[INFO ] PyDI.fusion.engine - 		147	|	1	|	0.01%
[INFO ] PyDI.fusion.engine - 		149	|	1	|	0.01%
[INFO ] PyDI.fusion.engine - 		151	|	1	|	0.01%
[INFO ] PyDI.fusion.engine - 		152	|	2	|	0.02%
[INFO ] PyDI.fusion.engine - 		153	|	1	|	0.01%
[INFO ] PyDI.fusion.engine - 		154	|	3	|	0.02%
[INFO ] PyDI.fusion.engine - 		155	|	1	|	0.01%
[INFO ] PyDI.fusion.engine - 		156	|	2	|	0.02%
[INFO ] PyDI.fusion.engine - 		157	|	2	|	0.02%
[INFO ] PyDI.fusion.engine - 		158	|	1	|	0.01%
[INFO ] PyDI.fusion.engine - 		159	|	1	|	0.01%
[INFO ] PyDI.fusion.engine - 		161	|	2	|	0.02%
[INFO ] PyDI.fusion.engine - 		162	|	3	|	0.02%
[INFO ] PyDI.fusion.engine - 		166	|	1	|	0.01%
[INFO ] PyDI.fusion.engine - 		167	|	1	|	0.01%
[INFO ] PyDI.fusion.engine - 		169	|	1	|	0.01%
[INFO ] PyDI.fusion.engine - 		171	|	1	|	0.01%
[INFO ] PyDI.fusion.engine - 		174	|	1	|	0.01%
[INFO ] PyDI.fusion.engine - 		176	|	3	|	0.02%
[INFO ] PyDI.fusion.engine - 		178	|	1	|	0.01%
[INFO ] PyDI.fusion.engine - 		179	|	2	|	0.02%
[INFO ] PyDI.fusion.engine - 		180	|	2	|	0.02%
[INFO ] PyDI.fusion.engine - 		182	|	1	|	0.01%
[INFO ] PyDI.fusion.engine - 		183	|	2	|	0.02%
[INFO ] PyDI.fusion.engine - 		184	|	2	|	0.02%
[INFO ] PyDI.fusion.engine - 		185	|	1	|	0.01%
[INFO ] PyDI.fusion.engine - 		189	|	1	|	0.01%
[INFO ] PyDI.fusion.engine - 		190	|	1	|	0.01%
[INFO ] PyDI.fusion.engine - 		191	|	1	|	0.01%
[INFO ] PyDI.fusion.engine - 		192	|	1	|	0.01%
[INFO ] PyDI.fusion.engine - 		194	|	1	|	0.01%
[INFO ] PyDI.fusion.engine - 		195	|	1	|	0.01%
[INFO ] PyDI.fusion.engine - 		198	|	1	|	0.01%
[INFO ] PyDI.fusion.engine - 		200	|	1	|	0.01%
[INFO ] PyDI.fusion.engine - 		205	|	2	|	0.02%
[INFO ] PyDI.fusion.engine - 		208	|	2	|	0.02%
[INFO ] PyDI.fusion.engine - 		209	|	1	|	0.01%
[INFO ] PyDI.fusion.engine - 		210	|	1	|	0.01%
[INFO ] PyDI.fusion.engine - 		212	|	2	|	0.02%
[INFO ] PyDI.fusion.engine - 		213	|	1	|	0.01%
[INFO ] PyDI.fusion.engine - 		215	|	1	|	0.01%
[INFO ] PyDI.fusion.engine - 		216	|	1	|	0.01%
[INFO ] PyDI.fusion.engine - 		220	|	2	|	0.02%
[INFO ] PyDI.fusion.engine - 		221	|	1	|	0.01%
[INFO ] PyDI.fusion.engine - 		224	|	1	|	0.01%
[INFO ] PyDI.fusion.engine - 		225	|	1	|	0.01%
[INFO ] PyDI.fusion.engine - 		229	|	1	|	0.01%
[INFO ] PyDI.fusion.engine - 		232	|	2	|	0.02%
[INFO ] PyDI.fusion.engine - 		235	|	3	|	0.02%
[INFO ] PyDI.fusion.engine - 		237	|	2	|	0.02%
[INFO ] PyDI.fusion.engine - 		238	|	1	|	0.01%
[INFO ] PyDI.fusion.engine - 		239	|	3	|	0.02%
[INFO ] PyDI.fusion.engine - 		247	|	1	|	0.01%
[INFO ] PyDI.fusion.engine - 		251	|	1	|	0.01%
[INFO ] PyDI.fusion.engine - 		252	|	1	|	0.01%
[INFO ] PyDI.fusion.engine - 		254	|	1	|	0.01%
[INFO ] PyDI.fusion.engine - 		256	|	1	|	0.01%
[INFO ] PyDI.fusion.engine - 		259	|	1	|	0.01%
[INFO ] PyDI.fusion.engine - 		261	|	1	|	0.01%
[INFO ] PyDI.fusion.engine - 		265	|	1	|	0.01%
[INFO ] PyDI.fusion.engine - 		267	|	4	|	0.03%
[INFO ] PyDI.fusion.engine - 		269	|	1	|	0.01%
[INFO ] PyDI.fusion.engine - 		271	|	2	|	0.02%
[INFO ] PyDI.fusion.engine - 		274	|	1	|	0.01%
[INFO ] PyDI.fusion.engine - 		276	|	1	|	0.01%
[INFO ] PyDI.fusion.engine - 		284	|	1	|	0.01%
[INFO ] PyDI.fusion.engine - 		297	|	1	|	0.01%
[INFO ] PyDI.fusion.engine - 		299	|	1	|	0.01%
[INFO ] PyDI.fusion.engine - 		306	|	1	|	0.01%
[INFO ] PyDI.fusion.engine - 		307	|	2	|	0.02%
[INFO ] PyDI.fusion.engine - 		314	|	2	|	0.02%
[INFO ] PyDI.fusion.engine - 		317	|	1	|	0.01%
[INFO ] PyDI.fusion.engine - 		319	|	2	|	0.02%
[INFO ] PyDI.fusion.engine - 		321	|	1	|	0.01%
[INFO ] PyDI.fusion.engine - 		324	|	1	|	0.01%
[INFO ] PyDI.fusion.engine - 		325	|	1	|	0.01%
[INFO ] PyDI.fusion.engine - 		327	|	1	|	0.01%
[INFO ] PyDI.fusion.engine - 		328	|	1	|	0.01%
[INFO ] PyDI.fusion.engine - 		333	|	1	|	0.01%
[INFO ] PyDI.fusion.engine - 		339	|	1	|	0.01%
[INFO ] PyDI.fusion.engine - 		342	|	1	|	0.01%
[INFO ] PyDI.fusion.engine - 		351	|	1	|	0.01%
[INFO ] PyDI.fusion.engine - 		352	|	1	|	0.01%
[INFO ] PyDI.fusion.engine - 		356	|	3	|	0.02%
[INFO ] PyDI.fusion.engine - 		363	|	1	|	0.01%
[INFO ] PyDI.fusion.engine - 		371	|	1	|	0.01%
[INFO ] PyDI.fusion.engine - 		375	|	2	|	0.02%
[INFO ] PyDI.fusion.engine - 		381	|	1	|	0.01%
[INFO ] PyDI.fusion.engine - 		389	|	1	|	0.01%
[INFO ] PyDI.fusion.engine - 		390	|	1	|	0.01%
[INFO ] PyDI.fusion.engine - 		393	|	1	|	0.01%
[INFO ] PyDI.fusion.engine - 		394	|	1	|	0.01%
[INFO ] PyDI.fusion.engine - 		398	|	1	|	0.01%
[INFO ] PyDI.fusion.engine - 		401	|	1	|	0.01%
[INFO ] PyDI.fusion.engine - 		409	|	1	|	0.01%
[INFO ] PyDI.fusion.engine - 		412	|	1	|	0.01%
[INFO ] PyDI.fusion.engine - 		427	|	2	|	0.02%
[INFO ] PyDI.fusion.engine - 		435	|	2	|	0.02%
[INFO ] PyDI.fusion.engine - 		443	|	1	|	0.01%
[INFO ] PyDI.fusion.engine - 		446	|	1	|	0.01%
[INFO ] PyDI.fusion.engine - 		449	|	1	|	0.01%
[INFO ] PyDI.fusion.engine - 		461	|	2	|	0.02%
[INFO ] PyDI.fusion.engine - 		467	|	1	|	0.01%
[INFO ] PyDI.fusion.engine - 		470	|	1	|	0.01%
[INFO ] PyDI.fusion.engine - 		472	|	1	|	0.01%
[INFO ] PyDI.fusion.engine - 		477	|	1	|	0.01%
[INFO ] PyDI.fusion.engine - 		481	|	2	|	0.02%
[INFO ] PyDI.fusion.engine - 		500	|	1	|	0.01%
[INFO ] PyDI.fusion.engine - 		503	|	2	|	0.02%
[INFO ] PyDI.fusion.engine - 		505	|	1	|	0.01%
[INFO ] PyDI.fusion.engine - 		507	|	2	|	0.02%
[INFO ] PyDI.fusion.engine - 		508	|	1	|	0.01%
[INFO ] PyDI.fusion.engine - 		516	|	1	|	0.01%
[INFO ] PyDI.fusion.engine - 		522	|	1	|	0.01%
[INFO ] PyDI.fusion.engine - 		523	|	1	|	0.01%
[INFO ] PyDI.fusion.engine - 		525	|	1	|	0.01%
[INFO ] PyDI.fusion.engine - 		530	|	1	|	0.01%
[INFO ] PyDI.fusion.engine - 		542	|	1	|	0.01%
[INFO ] PyDI.fusion.engine - 		544	|	1	|	0.01%
[INFO ] PyDI.fusion.engine - 		546	|	1	|	0.01%
[INFO ] PyDI.fusion.engine - 		548	|	1	|	0.01%
[INFO ] PyDI.fusion.engine - 		576	|	1	|	0.01%
[INFO ] PyDI.fusion.engine - 		590	|	1	|	0.01%
[INFO ] PyDI.fusion.engine - 		607	|	1	|	0.01%
[INFO ] PyDI.fusion.engine - 		631	|	1	|	0.01%
[INFO ] PyDI.fusion.engine - 		645	|	1	|	0.01%
[INFO ] PyDI.fusion.engine - 		649	|	1	|	0.01%
[INFO ] PyDI.fusion.engine - 		654	|	1	|	0.01%
[INFO ] PyDI.fusion.engine - 		657	|	1	|	0.01%
[INFO ] PyDI.fusion.engine - 		661	|	1	|	0.01%
[INFO ] PyDI.fusion.engine - 		663	|	1	|	0.01%
[INFO ] PyDI.fusion.engine - 		664	|	2	|	0.02%
[INFO ] PyDI.fusion.engine - 		669	|	1	|	0.01%
[INFO ] PyDI.fusion.engine - 		671	|	1	|	0.01%
[INFO ] PyDI.fusion.engine - 		691	|	1	|	0.01%
[INFO ] PyDI.fusion.engine - 		705	|	2	|	0.02%
[INFO ] PyDI.fusion.engine - 		706	|	1	|	0.01%
[INFO ] PyDI.fusion.engine - 		707	|	1	|	0.01%
[INFO ] PyDI.fusion.engine - 		716	|	1	|	0.01%
[INFO ] PyDI.fusion.engine - 		727	|	1	|	0.01%
[INFO ] PyDI.fusion.engine - 		741	|	1	|	0.01%
[INFO ] PyDI.fusion.engine - 		743	|	1	|	0.01%
[INFO ] PyDI.fusion.engine - 		750	|	1	|	0.01%
[INFO ] PyDI.fusion.engine - 		783	|	1	|	0.01%
[INFO ] PyDI.fusion.engine - 		785	|	1	|	0.01%
[INFO ] PyDI.fusion.engine - 		787	|	1	|	0.01%
[INFO ] PyDI.fusion.engine - 		790	|	1	|	0.01%
[INFO ] PyDI.fusion.engine - 		792	|	1	|	0.01%
[INFO ] PyDI.fusion.engine - 		800	|	2	|	0.02%
[INFO ] PyDI.fusion.engine - 		802	|	2	|	0.02%
[INFO ] PyDI.fusion.engine - 		807	|	1	|	0.01%
[INFO ] PyDI.fusion.engine - 		812	|	1	|	0.01%
[INFO ] PyDI.fusion.engine - 		845	|	1	|	0.01%
[INFO ] PyDI.fusion.engine - 		855	|	1	|	0.01%
[INFO ] PyDI.fusion.engine - 		868	|	1	|	0.01%
[INFO ] PyDI.fusion.engine - 		869	|	1	|	0.01%
[INFO ] PyDI.fusion.engine - 		887	|	1	|	0.01%
[INFO ] PyDI.fusion.engine - 		929	|	1	|	0.01%
[INFO ] PyDI.fusion.engine - 		948	|	1	|	0.01%
[INFO ] PyDI.fusion.engine - 		957	|	1	|	0.01%
[INFO ] PyDI.fusion.engine - 		969	|	1	|	0.01%
[INFO ] PyDI.fusion.engine - 		1017	|	1	|	0.01%
[INFO ] PyDI.fusion.engine - 		1040	|	1	|	0.01%
[INFO ] PyDI.fusion.engine - 		1111	|	1	|	0.01%
[INFO ] PyDI.fusion.engine - 		1132	|	1	|	0.01%
[INFO ] PyDI.fusion.engine - 		1269	|	1	|	0.01%
[INFO ] PyDI.fusion.engine - 		1302	|	2	|	0.02%
[INFO ] PyDI.fusion.engine - 		1322	|	1	|	0.01%
[INFO ] PyDI.fusion.engine - 		1345	|	1	|	0.01%
[INFO ] PyDI.fusion.engine - 		1516	|	1	|	0.01%
[INFO ] PyDI.fusion.engine - 		1537	|	1	|	0.01%
[INFO ] PyDI.fusion.engine - 		1543	|	1	|	0.01%
[INFO ] PyDI.fusion.engine - 		1807	|	1	|	0.01%
[INFO ] PyDI.fusion.engine - 		1856	|	1	|	0.01%
[INFO ] PyDI.fusion.engine - 		1883	|	1	|	0.01%
[INFO ] PyDI.fusion.engine - 		2166	|	1	|	0.01%
[INFO ] PyDI.fusion.engine - Attribute Consistencies:
[INFO ] PyDI.fusion.engine -     _id: 0.00
[INFO ] PyDI.fusion.engine -     completionist_hour: 0.14
[INFO ] PyDI.fusion.engine -     critic_score: 0.05
[INFO ] PyDI.fusion.engine -     developer: 0.21
[INFO ] PyDI.fusion.engine -     esrb_rating: 0.13
[INFO ] PyDI.fusion.engine -     eu_sales_mil: 0.31
[INFO ] PyDI.fusion.engine -     genres: 0.07
[INFO ] PyDI.fusion.engine -     global_sales_mil: 0.25
[INFO ] PyDI.fusion.engine -     id: 0.00
[INFO ] PyDI.fusion.engine -     jp_sales_mil: 0.36
[INFO ] PyDI.fusion.engine -     main_plus_sides_hour: 0.14
[INFO ] PyDI.fusion.engine -     main_story_hour: 0.18
[INFO ] PyDI.fusion.engine -     na_sales_mil: 0.30
[INFO ] PyDI.fusion.engine -     other_sales_mil: 0.31
[INFO ] PyDI.fusion.engine -     platform: 0.05
[INFO ] PyDI.fusion.engine -     publisher: 0.10
[INFO ] PyDI.fusion.engine -     release_year: 0.09
[INFO ] PyDI.fusion.engine -     title: 0.08
[INFO ] PyDI.fusion.engine -     user_score: 0.06
[INFO ] PyDI.fusion.engine - *    Running data fusion    *
[INFO ] PyDI.fusion.engine - Fusion complete: 529 records from 529 groups
[INFO ] PyDI.fusion.engine - Fusion time: 30.84 seconds
[INFO ] PyDI.fusion.engine - DataSet density: 0.93
[INFO ] PyDI.fusion.engine - Attributes densities:
[INFO ] PyDI.fusion.engine -     _id: 1.00
[INFO ] PyDI.fusion.engine -     completionist_hour: 0.88
[INFO ] PyDI.fusion.engine -     critic_score: 0.71
[INFO ] PyDI.fusion.engine -     developer: 0.98
[INFO ] PyDI.fusion.engine -     esrb_rating: 0.71
[INFO ] PyDI.fusion.engine -     eu_sales_mil: 0.98
[INFO ] PyDI.fusion.engine -     genres: 1.00
[INFO ] PyDI.fusion.engine -     global_sales_mil: 0.98
[INFO ] PyDI.fusion.engine -     id: 1.00
[INFO ] PyDI.fusion.engine -     jp_sales_mil: 0.98
[INFO ] PyDI.fusion.engine -     main_plus_sides_hour: 0.90
[INFO ] PyDI.fusion.engine -     main_story_hour: 0.96
[INFO ] PyDI.fusion.engine -     na_sales_mil: 0.98
[INFO ] PyDI.fusion.engine -     other_sales_mil: 0.98
[INFO ] PyDI.fusion.engine -     platform: 1.00
[INFO ] PyDI.fusion.engine -     publisher: 1.00
[INFO ] PyDI.fusion.engine -     release_year: 1.00
[INFO ] PyDI.fusion.engine -     title: 1.00
[INFO ] PyDI.fusion.engine -     user_score: 0.71
[INFO ] PyDI.fusion.strategy - Registered fuser for attribute 'title' using rule 'longest_string'
[INFO ] PyDI.fusion.strategy - Registered fuser for attribute 'release_year' using rule 'prefer_higher_trust'
[INFO ] PyDI.fusion.strategy - Registered fuser for attribute 'platform' using rule 'prefer_higher_trust'
[INFO ] PyDI.fusion.strategy - Registered fuser for attribute 'genres' using rule 'union'
[INFO ] PyDI.fusion.engine - Fusion debug logging enabled; refer to output/data_fusion/debug_fusion_ml_standard_blocker.jsonl for detailed traces.
[INFO ] PyDI.fusion.engine - Starting data fusion with strategy 'video_games_fusion_strategy'
[INFO ] PyDI.fusion.engine - *    Loading correspondences    *
[INFO ] PyDI.fusion.engine - Correspondence ID coverage: matched 116679 of 116679 unique IDs
[INFO ] PyDI.fusion.engine - Created 12345 record groups from 569520 correspondences
[INFO ] PyDI.fusion.engine - Group Size Distribution of 12345 clusters:
[INFO ] PyDI.fusion.engine - 	Cluster Size	| Frequency	| Percentage
[INFO ] PyDI.fusion.engine - 	──────────────────────────────────────────────────
[INFO ] PyDI.fusion.engine - 		2	|	72	|	0.58%
[INFO ] PyDI.fusion.engine - 		3	|	19	|	0.15%
[INFO ] PyDI.fusion.engine - 		4	|	13	|	0.11%
[INFO ] PyDI.fusion.engine - 		5	|	8	|	0.06%
[INFO ] PyDI.fusion.engine - 		6	|	3	|	0.02%
[INFO ] PyDI.fusion.engine - 		7	|	5	|	0.04%
[INFO ] PyDI.fusion.engine - 		8	|	3	|	0.02%
[INFO ] PyDI.fusion.engine - 		9	|	5	|	0.04%
[INFO ] PyDI.fusion.engine - 		10	|	7	|	0.06%
[INFO ] PyDI.fusion.engine - 		11	|	2	|	0.02%
[INFO ] PyDI.fusion.engine - 		12	|	4	|	0.03%
[INFO ] PyDI.fusion.engine - 		14	|	2	|	0.02%
[INFO ] PyDI.fusion.engine - 		16	|	1	|	0.01%
[INFO ] PyDI.fusion.engine - 		17	|	1	|	0.01%
[INFO ] PyDI.fusion.engine - 		18	|	2	|	0.02%
[INFO ] PyDI.fusion.engine - 		19	|	2	|	0.02%
[INFO ] PyDI.fusion.engine - 		23	|	4	|	0.03%
[INFO ] PyDI.fusion.engine - 		25	|	1	|	0.01%
[INFO ] PyDI.fusion.engine - 		26	|	1	|	0.01%
[INFO ] PyDI.fusion.engine - 		27	|	1	|	0.01%
[INFO ] PyDI.fusion.engine - 		29	|	1	|	0.01%
[INFO ] PyDI.fusion.engine - 		32	|	2	|	0.02%
[INFO ] PyDI.fusion.engine - 		33	|	3	|	0.02%
[INFO ] PyDI.fusion.engine - 		34	|	2	|	0.02%
[INFO ] PyDI.fusion.engine - 		36	|	1	|	0.01%
[INFO ] PyDI.fusion.engine - 		39	|	2	|	0.02%
[INFO ] PyDI.fusion.engine - 		41	|	2	|	0.02%
[INFO ] PyDI.fusion.engine - 		42	|	3	|	0.02%
[INFO ] PyDI.fusion.engine - 		43	|	4	|	0.03%
[INFO ] PyDI.fusion.engine - 		45	|	2	|	0.02%
[INFO ] PyDI.fusion.engine - 		46	|	2	|	0.02%
[INFO ] PyDI.fusion.engine - 		47	|	1	|	0.01%
[INFO ] PyDI.fusion.engine - 		49	|	2	|	0.02%
[INFO ] PyDI.fusion.engine - 		50	|	1	|	0.01%
[INFO ] PyDI.fusion.engine - 		51	|	3	|	0.02%
[INFO ] PyDI.fusion.engine - 		52	|	3	|	0.02%
[INFO ] PyDI.fusion.engine - 		53	|	3	|	0.02%
[INFO ] PyDI.fusion.engine - 		54	|	2	|	0.02%
[INFO ] PyDI.fusion.engine - 		55	|	4	|	0.03%
[INFO ] PyDI.fusion.engine - 		56	|	3	|	0.02%
[INFO ] PyDI.fusion.engine - 		57	|	2	|	0.02%
[INFO ] PyDI.fusion.engine - 		58	|	2	|	0.02%
[INFO ] PyDI.fusion.engine - 		59	|	1	|	0.01%
[INFO ] PyDI.fusion.engine - 		62	|	3	|	0.02%
[INFO ] PyDI.fusion.engine - 		63	|	4	|	0.03%
[INFO ] PyDI.fusion.engine - 		64	|	4	|	0.03%
[INFO ] PyDI.fusion.engine - 		65	|	2	|	0.02%
[INFO ] PyDI.fusion.engine - 		66	|	1	|	0.01%
[INFO ] PyDI.fusion.engine - 		68	|	2	|	0.02%
[INFO ] PyDI.fusion.engine - 		71	|	2	|	0.02%
[INFO ] PyDI.fusion.engine - 		72	|	1	|	0.01%
[INFO ] PyDI.fusion.engine - 		73	|	1	|	0.01%
[INFO ] PyDI.fusion.engine - 		74	|	2	|	0.02%
[INFO ] PyDI.fusion.engine - 		77	|	2	|	0.02%
[INFO ] PyDI.fusion.engine - 		78	|	1	|	0.01%
[INFO ] PyDI.fusion.engine - 		79	|	1	|	0.01%
[INFO ] PyDI.fusion.engine - 		80	|	3	|	0.02%
[INFO ] PyDI.fusion.engine - 		81	|	1	|	0.01%
[INFO ] PyDI.fusion.engine - 		82	|	1	|	0.01%
[INFO ] PyDI.fusion.engine - 		83	|	1	|	0.01%
[INFO ] PyDI.fusion.engine - 		85	|	1	|	0.01%
[INFO ] PyDI.fusion.engine - 		86	|	1	|	0.01%
[INFO ] PyDI.fusion.engine - 		87	|	2	|	0.02%
[INFO ] PyDI.fusion.engine - 		93	|	3	|	0.02%
[INFO ] PyDI.fusion.engine - 		96	|	2	|	0.02%
[INFO ] PyDI.fusion.engine - 		97	|	1	|	0.01%
[INFO ] PyDI.fusion.engine - 		98	|	3	|	0.02%
[INFO ] PyDI.fusion.engine - 		99	|	1	|	0.01%
[INFO ] PyDI.fusion.engine - 		102	|	1	|	0.01%
[INFO ] PyDI.fusion.engine - 		104	|	1	|	0.01%
[INFO ] PyDI.fusion.engine - 		105	|	3	|	0.02%
[INFO ] PyDI.fusion.engine - 		106	|	1	|	0.01%
[INFO ] PyDI.fusion.engine - 		107	|	2	|	0.02%
[INFO ] PyDI.fusion.engine - 		108	|	1	|	0.01%
[INFO ] PyDI.fusion.engine - 		109	|	3	|	0.02%
[INFO ] PyDI.fusion.engine - 		111	|	2	|	0.02%
[INFO ] PyDI.fusion.engine - 		112	|	1	|	0.01%
[INFO ] PyDI.fusion.engine - 		113	|	4	|	0.03%
[INFO ] PyDI.fusion.engine - 		114	|	1	|	0.01%
[INFO ] PyDI.fusion.engine - 		115	|	2	|	0.02%
[INFO ] PyDI.fusion.engine - 		117	|	2	|	0.02%
[INFO ] PyDI.fusion.engine - 		118	|	3	|	0.02%
[INFO ] PyDI.fusion.engine - 		119	|	1	|	0.01%
[INFO ] PyDI.fusion.engine - 		120	|	3	|	0.02%
[INFO ] PyDI.fusion.engine - 		122	|	1	|	0.01%
[INFO ] PyDI.fusion.engine - 		123	|	1	|	0.01%
[INFO ] PyDI.fusion.engine - 		124	|	2	|	0.02%
[INFO ] PyDI.fusion.engine - 		126	|	2	|	0.02%
[INFO ] PyDI.fusion.engine - 		129	|	2	|	0.02%
[INFO ] PyDI.fusion.engine - 		132	|	1	|	0.01%
[INFO ] PyDI.fusion.engine - 		133	|	2	|	0.02%
[INFO ] PyDI.fusion.engine - 		137	|	1	|	0.01%
[INFO ] PyDI.fusion.engine - 		138	|	1	|	0.01%
[INFO ] PyDI.fusion.engine - 		139	|	2	|	0.02%
[INFO ] PyDI.fusion.engine - 		140	|	1	|	0.01%
[INFO ] PyDI.fusion.engine - 		142	|	1	|	0.01%
[INFO ] PyDI.fusion.engine - 		143	|	1	|	0.01%
[INFO ] PyDI.fusion.engine - 		144	|	1	|	0.01%
[INFO ] PyDI.fusion.engine - 		145	|	4	|	0.03%
[INFO ] PyDI.fusion.engine - 		146	|	1	|	0.01%
[INFO ] PyDI.fusion.engine - 		147	|	1	|	0.01%
[INFO ] PyDI.fusion.engine - 		149	|	1	|	0.01%
[INFO ] PyDI.fusion.engine - 		151	|	1	|	0.01%
[INFO ] PyDI.fusion.engine - 		152	|	2	|	0.02%
[INFO ] PyDI.fusion.engine - 		153	|	1	|	0.01%
[INFO ] PyDI.fusion.engine - 		154	|	3	|	0.02%
[INFO ] PyDI.fusion.engine - 		155	|	1	|	0.01%
[INFO ] PyDI.fusion.engine - 		156	|	2	|	0.02%
[INFO ] PyDI.fusion.engine - 		157	|	2	|	0.02%
[INFO ] PyDI.fusion.engine - 		158	|	1	|	0.01%
[INFO ] PyDI.fusion.engine - 		159	|	1	|	0.01%
[INFO ] PyDI.fusion.engine - 		161	|	2	|	0.02%
[INFO ] PyDI.fusion.engine - 		162	|	3	|	0.02%
[INFO ] PyDI.fusion.engine - 		166	|	1	|	0.01%
[INFO ] PyDI.fusion.engine - 		167	|	1	|	0.01%
[INFO ] PyDI.fusion.engine - 		169	|	1	|	0.01%
[INFO ] PyDI.fusion.engine - 		171	|	1	|	0.01%
[INFO ] PyDI.fusion.engine - 		174	|	1	|	0.01%
[INFO ] PyDI.fusion.engine - 		176	|	3	|	0.02%
[INFO ] PyDI.fusion.engine - 		178	|	1	|	0.01%
[INFO ] PyDI.fusion.engine - 		179	|	2	|	0.02%
[INFO ] PyDI.fusion.engine - 		180	|	2	|	0.02%
[INFO ] PyDI.fusion.engine - 		182	|	1	|	0.01%
[INFO ] PyDI.fusion.engine - 		183	|	2	|	0.02%
[INFO ] PyDI.fusion.engine - 		184	|	2	|	0.02%
[INFO ] PyDI.fusion.engine - 		185	|	1	|	0.01%
[INFO ] PyDI.fusion.engine - 		189	|	1	|	0.01%
[INFO ] PyDI.fusion.engine - 		190	|	1	|	0.01%
[INFO ] PyDI.fusion.engine - 		191	|	1	|	0.01%
[INFO ] PyDI.fusion.engine - 		192	|	1	|	0.01%
[INFO ] PyDI.fusion.engine - 		194	|	1	|	0.01%
[INFO ] PyDI.fusion.engine - 		195	|	1	|	0.01%
[INFO ] PyDI.fusion.engine - 		198	|	1	|	0.01%
[INFO ] PyDI.fusion.engine - 		200	|	1	|	0.01%
[INFO ] PyDI.fusion.engine - 		205	|	2	|	0.02%
[INFO ] PyDI.fusion.engine - 		208	|	2	|	0.02%
[INFO ] PyDI.fusion.engine - 		209	|	1	|	0.01%
[INFO ] PyDI.fusion.engine - 		210	|	1	|	0.01%
[INFO ] PyDI.fusion.engine - 		212	|	2	|	0.02%
[INFO ] PyDI.fusion.engine - 		213	|	1	|	0.01%
[INFO ] PyDI.fusion.engine - 		215	|	1	|	0.01%
[INFO ] PyDI.fusion.engine - 		216	|	1	|	0.01%
[INFO ] PyDI.fusion.engine - 		220	|	2	|	0.02%
[INFO ] PyDI.fusion.engine - 		221	|	1	|	0.01%
[INFO ] PyDI.fusion.engine - 		224	|	1	|	0.01%
[INFO ] PyDI.fusion.engine - 		225	|	1	|	0.01%
[INFO ] PyDI.fusion.engine - 		229	|	1	|	0.01%
[INFO ] PyDI.fusion.engine - 		232	|	2	|	0.02%
[INFO ] PyDI.fusion.engine - 		235	|	3	|	0.02%
[INFO ] PyDI.fusion.engine - 		237	|	2	|	0.02%
[INFO ] PyDI.fusion.engine - 		238	|	1	|	0.01%
[INFO ] PyDI.fusion.engine - 		239	|	3	|	0.02%
[INFO ] PyDI.fusion.engine - 		247	|	1	|	0.01%
[INFO ] PyDI.fusion.engine - 		251	|	1	|	0.01%
[INFO ] PyDI.fusion.engine - 		252	|	1	|	0.01%
[INFO ] PyDI.fusion.engine - 		254	|	1	|	0.01%
[INFO ] PyDI.fusion.engine - 		256	|	1	|	0.01%
[INFO ] PyDI.fusion.engine - 		259	|	1	|	0.01%
[INFO ] PyDI.fusion.engine - 		261	|	1	|	0.01%
[INFO ] PyDI.fusion.engine - 		265	|	1	|	0.01%
[INFO ] PyDI.fusion.engine - 		267	|	4	|	0.03%
[INFO ] PyDI.fusion.engine - 		269	|	1	|	0.01%
[INFO ] PyDI.fusion.engine - 		271	|	2	|	0.02%
[INFO ] PyDI.fusion.engine - 		274	|	1	|	0.01%
[INFO ] PyDI.fusion.engine - 		276	|	1	|	0.01%
[INFO ] PyDI.fusion.engine - 		284	|	1	|	0.01%
[INFO ] PyDI.fusion.engine - 		297	|	1	|	0.01%
[INFO ] PyDI.fusion.engine - 		299	|	1	|	0.01%
[INFO ] PyDI.fusion.engine - 		306	|	1	|	0.01%
[INFO ] PyDI.fusion.engine - 		307	|	2	|	0.02%
[INFO ] PyDI.fusion.engine - 		314	|	2	|	0.02%
[INFO ] PyDI.fusion.engine - 		317	|	1	|	0.01%
[INFO ] PyDI.fusion.engine - 		319	|	2	|	0.02%
[INFO ] PyDI.fusion.engine - 		321	|	1	|	0.01%
[INFO ] PyDI.fusion.engine - 		324	|	1	|	0.01%
[INFO ] PyDI.fusion.engine - 		325	|	1	|	0.01%
[INFO ] PyDI.fusion.engine - 		327	|	1	|	0.01%
[INFO ] PyDI.fusion.engine - 		328	|	1	|	0.01%
[INFO ] PyDI.fusion.engine - 		333	|	1	|	0.01%
[INFO ] PyDI.fusion.engine - 		339	|	1	|	0.01%
[INFO ] PyDI.fusion.engine - 		342	|	1	|	0.01%
[INFO ] PyDI.fusion.engine - 		351	|	1	|	0.01%
[INFO ] PyDI.fusion.engine - 		352	|	1	|	0.01%
[INFO ] PyDI.fusion.engine - 		356	|	3	|	0.02%
[INFO ] PyDI.fusion.engine - 		363	|	1	|	0.01%
[INFO ] PyDI.fusion.engine - 		371	|	1	|	0.01%
[INFO ] PyDI.fusion.engine - 		375	|	2	|	0.02%
[INFO ] PyDI.fusion.engine - 		381	|	1	|	0.01%
[INFO ] PyDI.fusion.engine - 		389	|	1	|	0.01%
[INFO ] PyDI.fusion.engine - 		390	|	1	|	0.01%
[INFO ] PyDI.fusion.engine - 		393	|	1	|	0.01%
[INFO ] PyDI.fusion.engine - 		394	|	1	|	0.01%
[INFO ] PyDI.fusion.engine - 		398	|	1	|	0.01%
[INFO ] PyDI.fusion.engine - 		401	|	1	|	0.01%
[INFO ] PyDI.fusion.engine - 		409	|	1	|	0.01%
[INFO ] PyDI.fusion.engine - 		412	|	1	|	0.01%
[INFO ] PyDI.fusion.engine - 		427	|	2	|	0.02%
[INFO ] PyDI.fusion.engine - 		435	|	2	|	0.02%
[INFO ] PyDI.fusion.engine - 		443	|	1	|	0.01%
[INFO ] PyDI.fusion.engine - 		446	|	1	|	0.01%
[INFO ] PyDI.fusion.engine - 		449	|	1	|	0.01%
[INFO ] PyDI.fusion.engine - 		461	|	2	|	0.02%
[INFO ] PyDI.fusion.engine - 		467	|	1	|	0.01%
[INFO ] PyDI.fusion.engine - 		470	|	1	|	0.01%
[INFO ] PyDI.fusion.engine - 		472	|	1	|	0.01%
[INFO ] PyDI.fusion.engine - 		477	|	1	|	0.01%
[INFO ] PyDI.fusion.engine - 		481	|	2	|	0.02%
[INFO ] PyDI.fusion.engine - 		500	|	1	|	0.01%
[INFO ] PyDI.fusion.engine - 		503	|	2	|	0.02%
[INFO ] PyDI.fusion.engine - 		505	|	1	|	0.01%
[INFO ] PyDI.fusion.engine - 		507	|	2	|	0.02%
[INFO ] PyDI.fusion.engine - 		508	|	1	|	0.01%
[INFO ] PyDI.fusion.engine - 		516	|	1	|	0.01%
[INFO ] PyDI.fusion.engine - 		522	|	1	|	0.01%
[INFO ] PyDI.fusion.engine - 		523	|	1	|	0.01%
[INFO ] PyDI.fusion.engine - 		525	|	1	|	0.01%
[INFO ] PyDI.fusion.engine - 		530	|	1	|	0.01%
[INFO ] PyDI.fusion.engine - 		542	|	1	|	0.01%
[INFO ] PyDI.fusion.engine - 		544	|	1	|	0.01%
[INFO ] PyDI.fusion.engine - 		546	|	1	|	0.01%
[INFO ] PyDI.fusion.engine - 		548	|	1	|	0.01%
[INFO ] PyDI.fusion.engine - 		576	|	1	|	0.01%
[INFO ] PyDI.fusion.engine - 		590	|	1	|	0.01%
[INFO ] PyDI.fusion.engine - 		607	|	1	|	0.01%
[INFO ] PyDI.fusion.engine - 		631	|	1	|	0.01%
[INFO ] PyDI.fusion.engine - 		645	|	1	|	0.01%
[INFO ] PyDI.fusion.engine - 		649	|	1	|	0.01%
[INFO ] PyDI.fusion.engine - 		654	|	1	|	0.01%
[INFO ] PyDI.fusion.engine - 		657	|	1	|	0.01%
[INFO ] PyDI.fusion.engine - 		661	|	1	|	0.01%
[INFO ] PyDI.fusion.engine - 		663	|	1	|	0.01%
[INFO ] PyDI.fusion.engine - 		664	|	2	|	0.02%
[INFO ] PyDI.fusion.engine - 		669	|	1	|	0.01%
[INFO ] PyDI.fusion.engine - 		671	|	1	|	0.01%
[INFO ] PyDI.fusion.engine - 		691	|	1	|	0.01%
[INFO ] PyDI.fusion.engine - 		705	|	2	|	0.02%
[INFO ] PyDI.fusion.engine - 		706	|	1	|	0.01%
[INFO ] PyDI.fusion.engine - 		707	|	1	|	0.01%
[INFO ] PyDI.fusion.engine - 		716	|	1	|	0.01%
[INFO ] PyDI.fusion.engine - 		727	|	1	|	0.01%
[INFO ] PyDI.fusion.engine - 		741	|	1	|	0.01%
[INFO ] PyDI.fusion.engine - 		743	|	1	|	0.01%
[INFO ] PyDI.fusion.engine - 		750	|	1	|	0.01%
[INFO ] PyDI.fusion.engine - 		783	|	1	|	0.01%
[INFO ] PyDI.fusion.engine - 		785	|	1	|	0.01%
[INFO ] PyDI.fusion.engine - 		787	|	1	|	0.01%
[INFO ] PyDI.fusion.engine - 		790	|	1	|	0.01%
[INFO ] PyDI.fusion.engine - 		792	|	1	|	0.01%
[INFO ] PyDI.fusion.engine - 		800	|	2	|	0.02%
[INFO ] PyDI.fusion.engine - 		802	|	2	|	0.02%
[INFO ] PyDI.fusion.engine - 		807	|	1	|	0.01%
[INFO ] PyDI.fusion.engine - 		812	|	1	|	0.01%
[INFO ] PyDI.fusion.engine - 		845	|	1	|	0.01%
[INFO ] PyDI.fusion.engine - 		855	|	1	|	0.01%
[INFO ] PyDI.fusion.engine - 		868	|	1	|	0.01%
[INFO ] PyDI.fusion.engine - 		869	|	1	|	0.01%
[INFO ] PyDI.fusion.engine - 		887	|	1	|	0.01%
[INFO ] PyDI.fusion.engine - 		929	|	1	|	0.01%
[INFO ] PyDI.fusion.engine - 		948	|	1	|	0.01%
[INFO ] PyDI.fusion.engine - 		957	|	1	|	0.01%
[INFO ] PyDI.fusion.engine - 		969	|	1	|	0.01%
[INFO ] PyDI.fusion.engine - 		1017	|	1	|	0.01%
[INFO ] PyDI.fusion.engine - 		1040	|	1	|	0.01%
[INFO ] PyDI.fusion.engine - 		1111	|	1	|	0.01%
[INFO ] PyDI.fusion.engine - 		1132	|	1	|	0.01%
[INFO ] PyDI.fusion.engine - 		1269	|	1	|	0.01%
[INFO ] PyDI.fusion.engine - 		1302	|	2	|	0.02%
[INFO ] PyDI.fusion.engine - 		1322	|	1	|	0.01%
[INFO ] PyDI.fusion.engine - 		1345	|	1	|	0.01%
[INFO ] PyDI.fusion.engine - 		1516	|	1	|	0.01%
[INFO ] PyDI.fusion.engine - 		1537	|	1	|	0.01%
[INFO ] PyDI.fusion.engine - 		1543	|	1	|	0.01%
[INFO ] PyDI.fusion.engine - 		1807	|	1	|	0.01%
[INFO ] PyDI.fusion.engine - 		1856	|	1	|	0.01%
[INFO ] PyDI.fusion.engine - 		1883	|	1	|	0.01%
[INFO ] PyDI.fusion.engine - 		2166	|	1	|	0.01%
[INFO ] PyDI.fusion.engine - Attribute Consistencies:
[INFO ] PyDI.fusion.engine -     _id: 0.00
[INFO ] PyDI.fusion.engine -     completionist_hour: 0.14
[INFO ] PyDI.fusion.engine -     critic_score: 0.05
[INFO ] PyDI.fusion.engine -     developer: 0.21
[INFO ] PyDI.fusion.engine -     esrb_rating: 0.13
[INFO ] PyDI.fusion.engine -     eu_sales_mil: 0.31
[INFO ] PyDI.fusion.engine -     genres: 0.07
[INFO ] PyDI.fusion.engine -     global_sales_mil: 0.25
[INFO ] PyDI.fusion.engine -     id: 0.00
[INFO ] PyDI.fusion.engine -     jp_sales_mil: 0.36
[INFO ] PyDI.fusion.engine -     main_plus_sides_hour: 0.14
[INFO ] PyDI.fusion.engine -     main_story_hour: 0.18
[INFO ] PyDI.fusion.engine -     na_sales_mil: 0.30
[INFO ] PyDI.fusion.engine -     other_sales_mil: 0.31
[INFO ] PyDI.fusion.engine -     platform: 0.05
[INFO ] PyDI.fusion.engine -     publisher: 0.10
[INFO ] PyDI.fusion.engine -     release_year: 0.09
[INFO ] PyDI.fusion.engine -     title: 0.08
[INFO ] PyDI.fusion.engine -     user_score: 0.06
[INFO ] PyDI.fusion.engine - *    Running data fusion    *
[INFO ] PyDI.fusion.engine - Fusion complete: 529 records from 529 groups
[INFO ] PyDI.fusion.engine - Fusion time: 32.18 seconds
[INFO ] PyDI.fusion.engine - DataSet density: 0.93
[INFO ] PyDI.fusion.engine - Attributes densities:
[INFO ] PyDI.fusion.engine -     _id: 1.00
[INFO ] PyDI.fusion.engine -     completionist_hour: 0.88
[INFO ] PyDI.fusion.engine -     critic_score: 0.71
[INFO ] PyDI.fusion.engine -     developer: 0.98
[INFO ] PyDI.fusion.engine -     esrb_rating: 0.71
[INFO ] PyDI.fusion.engine -     eu_sales_mil: 0.98
[INFO ] PyDI.fusion.engine -     genres: 1.00
[INFO ] PyDI.fusion.engine -     global_sales_mil: 0.98
[INFO ] PyDI.fusion.engine -     id: 1.00
[INFO ] PyDI.fusion.engine -     jp_sales_mil: 0.98
[INFO ] PyDI.fusion.engine -     main_plus_sides_hour: 0.90
[INFO ] PyDI.fusion.engine -     main_story_hour: 0.96
[INFO ] PyDI.fusion.engine -     na_sales_mil: 0.98
[INFO ] PyDI.fusion.engine -     other_sales_mil: 0.98
[INFO ] PyDI.fusion.engine -     platform: 1.00
[INFO ] PyDI.fusion.engine -     publisher: 1.00
[INFO ] PyDI.fusion.engine -     release_year: 1.00
[INFO ] PyDI.fusion.engine -     title: 1.00
[INFO ] PyDI.fusion.engine -     user_score: 0.71
[INFO ] PyDI.fusion.analysis - Analyzed 18 attributes across 3 datasets
[INFO ] PyDI.entitymatching.blocking.standard.StandardBlocker - created 48978 blocking keys for first dataset
[INFO ] PyDI.entitymatching.blocking.standard.StandardBlocker - created 10405 blocking keys for second dataset
[INFO ] PyDI.entitymatching.blocking.standard.StandardBlocker - created 1476 blocks from blocking keys
[INFO ] PyDI.entitymatching.blocking.standard.StandardBlocker - Debug results written to file: /Users/abd/Developer/wdi-project/output/blocking_evaluation/debugResultsBlocking_StandardBlocker.csv
[INFO ] PyDI.entitymatching.blocking.sorted_neighbourhood.SortedNeighbourhoodBlocker - created sorted neighbourhood with window size 20
[INFO ] PyDI.entitymatching.blocking.sorted_neighbourhood.SortedNeighbourhoodBlocker - created 1 sorted sequence from 111897 records
[INFO ] PyDI.entitymatching.blocking.sorted_neighbourhood.SortedNeighbourhoodBlocker - Debug results written to file: /Users/abd/Developer/wdi-project/output/blocking_evaluation/debugResultsBlocking_SortedNeighbourhoodBlocker.csv
[INFO ] PyDI.entitymatching.blocking.token_blocking.TokenBlocker - created 14492 token keys for first dataset
[INFO ] PyDI.entitymatching.blocking.token_blocking.TokenBlocker - created 8724 token keys for second dataset
[INFO ] PyDI.entitymatching.blocking.token_blocking.TokenBlocker - created 8356 blocks from token keys
[INFO ] PyDI.entitymatching.blocking.token_blocking.TokenBlocker - Debug results written to file: /Users/abd/Developer/wdi-project/output/blocking_evaluation/debugResultsBlocking_TokenBlocker.csv
[INFO ] PyDI.entitymatching.blocking.embedding.EmbeddingBlocker - Initialized EmbeddingBlocker with sklearn backend, top_k=10, threshold=0.3
[INFO ] PyDI.entitymatching.blocking.standard.StandardBlocker - created 48978 blocking keys for first dataset
[INFO ] PyDI.entitymatching.blocking.standard.StandardBlocker - created 11917 blocking keys for second dataset
[INFO ] PyDI.entitymatching.blocking.standard.StandardBlocker - created 2731 blocks from blocking keys
[INFO ] PyDI.entitymatching.blocking.standard.StandardBlocker - Debug results written to file: /Users/abd/Developer/wdi-project/output/blocking_evaluation/debugResultsBlocking_StandardBlocker.csv
[INFO ] PyDI.entitymatching.blocking.sorted_neighbourhood.SortedNeighbourhoodBlocker - created sorted neighbourhood with window size 20
[INFO ] PyDI.entitymatching.blocking.sorted_neighbourhood.SortedNeighbourhoodBlocker - created 1 sorted sequence from 113829 records
[INFO ] PyDI.entitymatching.blocking.sorted_neighbourhood.SortedNeighbourhoodBlocker - Debug results written to file: /Users/abd/Developer/wdi-project/output/blocking_evaluation/debugResultsBlocking_SortedNeighbourhoodBlocker.csv
[INFO ] PyDI.entitymatching.blocking.token_blocking.TokenBlocker - created 14492 token keys for first dataset
[INFO ] PyDI.entitymatching.blocking.token_blocking.TokenBlocker - created 10123 token keys for second dataset
[INFO ] PyDI.entitymatching.blocking.token_blocking.TokenBlocker - created 9244 blocks from token keys
[INFO ] PyDI.entitymatching.blocking.token_blocking.TokenBlocker - Debug results written to file: /Users/abd/Developer/wdi-project/output/blocking_evaluation/debugResultsBlocking_TokenBlocker.csv
[INFO ] PyDI.entitymatching.blocking.embedding.EmbeddingBlocker - Initialized EmbeddingBlocker with sklearn backend, top_k=10, threshold=0.3
[INFO ] root -   Pair Completeness: 0.106
[INFO ] root -   Pair Quality:      0.001
[INFO ] root -   Reduction Ratio:   0.999995
[INFO ] root -   True Matches Found: 10/94
[INFO ] root - Blocking evaluation complete!
[INFO ] root -   Pair Completeness: 1.000
[INFO ] root -   Pair Quality:      0.000
[INFO ] root -   Reduction Ratio:   0.999668
[INFO ] root -   True Matches Found: 94/94
[INFO ] root - Blocking evaluation complete!
[INFO ] root -   Pair Completeness: 0.253
[INFO ] root -   Pair Quality:      0.002
[INFO ] root -   Reduction Ratio:   0.999991
[INFO ] root -   True Matches Found: 24/95
[INFO ] root - Blocking evaluation complete!
[INFO ] root -   Pair Completeness: 0.874
[INFO ] root -   Pair Quality:      0.000
[INFO ] root -   Reduction Ratio:   0.999691
[INFO ] root -   True Matches Found: 83/95
[INFO ] root - Blocking evaluation complete!
[INFO ] PyDI.entitymatching.rule_based.RuleBasedMatcher - Starting Entity Matching
[INFO ] PyDI.entitymatching.rule_based.RuleBasedMatcher - Blocking 97231 x 14666 elements
[INFO ] PyDI.entitymatching.rule_based.RuleBasedMatcher - Matching 97231 x 14666 elements after 0:00:0.211; 473866 blocked pairs (reduction ratio: 0.9996676932859451)
[INFO ] PyDI.entitymatching.rule_based.RuleBasedMatcher - Entity Matching finished after 0:00:49.010; found 13409 correspondences.
[INFO ] PyDI.entitymatching.rule_based.RuleBasedMatcher - Starting Entity Matching
[INFO ] PyDI.entitymatching.rule_based.RuleBasedMatcher - Blocking 97231 x 16598 elements
[INFO ] PyDI.entitymatching.rule_based.RuleBasedMatcher - Matching 97231 x 16598 elements after 0:00:0.199; 498960 blocked pairs (reduction ratio: 0.999690824395644)
[INFO ] PyDI.entitymatching.rule_based.RuleBasedMatcher - Entity Matching finished after 0:00:51.772; found 24966 correspondences.
[INFO ] root - Confusion Matrix:
[INFO ] root -   True Positives:  88
[INFO ] root -   True Negatives:  105
[INFO ] root -   False Positives: 0
[INFO ] root -   False Negatives: 6
[INFO ] root - Performance Metrics:
[INFO ] root -   Accuracy:  0.970
[INFO ] root -   Precision: 1.000
[INFO ] root -   Recall:    0.936
[INFO ] root -   F1-Score:  0.967
[INFO ] root - Confusion Matrix:
[INFO ] root -   True Positives:  69
[INFO ] root -   True Negatives:  104
[INFO ] root -   False Positives: 0
[INFO ] root -   False Negatives: 26
[INFO ] root - Performance Metrics:
[INFO ] root -   Accuracy:  0.869
[INFO ] root -   Precision: 1.000
[INFO ] root -   Recall:    0.726
[INFO ] root -   F1-Score:  0.841
[INFO ] root - Label distribution: 375 positive, 420 negative
[INFO ] root - Label distribution: 378 positive, 418 negative
[INFO ] PyDI.entitymatching.ml_based.MLBasedMatcher - Starting Entity Matching
[INFO ] PyDI.entitymatching.ml_based.MLBasedMatcher - Blocking 97231 x 14666 elements
[INFO ] PyDI.entitymatching.ml_based.MLBasedMatcher - Matching 97231 x 14666 elements after 0:00:0.255; 473866 blocked pairs (reduction ratio: 0.9996676932859451)
[INFO ] PyDI.entitymatching.ml_based.MLBasedMatcher - Entity Matching finished after 0:00:84.216; found 376092 correspondences.
[INFO ] PyDI.entitymatching.ml_based.MLBasedMatcher - Starting Entity Matching
[INFO ] PyDI.entitymatching.ml_based.MLBasedMatcher - Blocking 97231 x 16598 elements
[INFO ] PyDI.entitymatching.ml_based.MLBasedMatcher - Matching 97231 x 16598 elements after 0:00:0.196; 498960 blocked pairs (reduction ratio: 0.999690824395644)
[INFO ] PyDI.entitymatching.ml_based.MLBasedMatcher - Entity Matching finished after 0:00:85.778; found 193428 correspondences.
[INFO ] root - Confusion Matrix:
[INFO ] root -   True Positives:  94
[INFO ] root -   True Negatives:  105
[INFO ] root -   False Positives: 0
[INFO ] root -   False Negatives: 0
[INFO ] root - Performance Metrics:
[INFO ] root -   Accuracy:  1.000
[INFO ] root -   Precision: 1.000
[INFO ] root -   Recall:    1.000
[INFO ] root -   F1-Score:  1.000
[INFO ] root - Confusion Matrix:
[INFO ] root -   True Positives:  83
[INFO ] root -   True Negatives:  104
[INFO ] root -   False Positives: 0
[INFO ] root -   False Negatives: 12
[INFO ] root - Performance Metrics:
[INFO ] root -   Accuracy:  0.940
[INFO ] root -   Precision: 1.000
[INFO ] root -   Recall:    0.874
[INFO ] root -   F1-Score:  0.933
[INFO ] PyDI.fusion.strategy - Registered fuser for attribute 'title' using rule 'longest_string'
[INFO ] PyDI.fusion.strategy - Registered fuser for attribute 'release_year' using rule 'prefer_higher_trust'
[INFO ] PyDI.fusion.strategy - Registered fuser for attribute 'platform' using rule 'prefer_higher_trust'
[INFO ] PyDI.fusion.strategy - Registered fuser for attribute 'genres' using rule 'union'
[INFO ] PyDI.fusion.engine - Fusion debug logging enabled; refer to output/data_fusion/debug_fusion_ml_standard_blocker.jsonl for detailed traces.
[INFO ] PyDI.fusion.engine - Starting data fusion with strategy 'video_games_fusion_strategy'
[INFO ] PyDI.fusion.engine - *    Loading correspondences    *
[INFO ] PyDI.fusion.engine - Correspondence ID coverage: matched 116679 of 116679 unique IDs
[INFO ] PyDI.fusion.engine - Created 12345 record groups from 569520 correspondences
[INFO ] PyDI.fusion.engine - Group Size Distribution of 12345 clusters:
[INFO ] PyDI.fusion.engine - 	Cluster Size	| Frequency	| Percentage
[INFO ] PyDI.fusion.engine - 	──────────────────────────────────────────────────
[INFO ] PyDI.fusion.engine - 		2	|	72	|	0.58%
[INFO ] PyDI.fusion.engine - 		3	|	19	|	0.15%
[INFO ] PyDI.fusion.engine - 		4	|	13	|	0.11%
[INFO ] PyDI.fusion.engine - 		5	|	8	|	0.06%
[INFO ] PyDI.fusion.engine - 		6	|	3	|	0.02%
[INFO ] PyDI.fusion.engine - 		7	|	5	|	0.04%
[INFO ] PyDI.fusion.engine - 		8	|	3	|	0.02%
[INFO ] PyDI.fusion.engine - 		9	|	5	|	0.04%
[INFO ] PyDI.fusion.engine - 		10	|	7	|	0.06%
[INFO ] PyDI.fusion.engine - 		11	|	2	|	0.02%
[INFO ] PyDI.fusion.engine - 		12	|	4	|	0.03%
[INFO ] PyDI.fusion.engine - 		14	|	2	|	0.02%
[INFO ] PyDI.fusion.engine - 		16	|	1	|	0.01%
[INFO ] PyDI.fusion.engine - 		17	|	1	|	0.01%
[INFO ] PyDI.fusion.engine - 		18	|	2	|	0.02%
[INFO ] PyDI.fusion.engine - 		19	|	2	|	0.02%
[INFO ] PyDI.fusion.engine - 		23	|	4	|	0.03%
[INFO ] PyDI.fusion.engine - 		25	|	1	|	0.01%
[INFO ] PyDI.fusion.engine - 		26	|	1	|	0.01%
[INFO ] PyDI.fusion.engine - 		27	|	1	|	0.01%
[INFO ] PyDI.fusion.engine - 		29	|	1	|	0.01%
[INFO ] PyDI.fusion.engine - 		32	|	2	|	0.02%
[INFO ] PyDI.fusion.engine - 		33	|	3	|	0.02%
[INFO ] PyDI.fusion.engine - 		34	|	2	|	0.02%
[INFO ] PyDI.fusion.engine - 		36	|	1	|	0.01%
[INFO ] PyDI.fusion.engine - 		39	|	2	|	0.02%
[INFO ] PyDI.fusion.engine - 		41	|	2	|	0.02%
[INFO ] PyDI.fusion.engine - 		42	|	3	|	0.02%
[INFO ] PyDI.fusion.engine - 		43	|	4	|	0.03%
[INFO ] PyDI.fusion.engine - 		45	|	2	|	0.02%
[INFO ] PyDI.fusion.engine - 		46	|	2	|	0.02%
[INFO ] PyDI.fusion.engine - 		47	|	1	|	0.01%
[INFO ] PyDI.fusion.engine - 		49	|	2	|	0.02%
[INFO ] PyDI.fusion.engine - 		50	|	1	|	0.01%
[INFO ] PyDI.fusion.engine - 		51	|	3	|	0.02%
[INFO ] PyDI.fusion.engine - 		52	|	3	|	0.02%
[INFO ] PyDI.fusion.engine - 		53	|	3	|	0.02%
[INFO ] PyDI.fusion.engine - 		54	|	2	|	0.02%
[INFO ] PyDI.fusion.engine - 		55	|	4	|	0.03%
[INFO ] PyDI.fusion.engine - 		56	|	3	|	0.02%
[INFO ] PyDI.fusion.engine - 		57	|	2	|	0.02%
[INFO ] PyDI.fusion.engine - 		58	|	2	|	0.02%
[INFO ] PyDI.fusion.engine - 		59	|	1	|	0.01%
[INFO ] PyDI.fusion.engine - 		62	|	3	|	0.02%
[INFO ] PyDI.fusion.engine - 		63	|	4	|	0.03%
[INFO ] PyDI.fusion.engine - 		64	|	4	|	0.03%
[INFO ] PyDI.fusion.engine - 		65	|	2	|	0.02%
[INFO ] PyDI.fusion.engine - 		66	|	1	|	0.01%
[INFO ] PyDI.fusion.engine - 		68	|	2	|	0.02%
[INFO ] PyDI.fusion.engine - 		71	|	2	|	0.02%
[INFO ] PyDI.fusion.engine - 		72	|	1	|	0.01%
[INFO ] PyDI.fusion.engine - 		73	|	1	|	0.01%
[INFO ] PyDI.fusion.engine - 		74	|	2	|	0.02%
[INFO ] PyDI.fusion.engine - 		77	|	2	|	0.02%
[INFO ] PyDI.fusion.engine - 		78	|	1	|	0.01%
[INFO ] PyDI.fusion.engine - 		79	|	1	|	0.01%
[INFO ] PyDI.fusion.engine - 		80	|	3	|	0.02%
[INFO ] PyDI.fusion.engine - 		81	|	1	|	0.01%
[INFO ] PyDI.fusion.engine - 		82	|	1	|	0.01%
[INFO ] PyDI.fusion.engine - 		83	|	1	|	0.01%
[INFO ] PyDI.fusion.engine - 		85	|	1	|	0.01%
[INFO ] PyDI.fusion.engine - 		86	|	1	|	0.01%
[INFO ] PyDI.fusion.engine - 		87	|	2	|	0.02%
[INFO ] PyDI.fusion.engine - 		93	|	3	|	0.02%
[INFO ] PyDI.fusion.engine - 		96	|	2	|	0.02%
[INFO ] PyDI.fusion.engine - 		97	|	1	|	0.01%
[INFO ] PyDI.fusion.engine - 		98	|	3	|	0.02%
[INFO ] PyDI.fusion.engine - 		99	|	1	|	0.01%
[INFO ] PyDI.fusion.engine - 		102	|	1	|	0.01%
[INFO ] PyDI.fusion.engine - 		104	|	1	|	0.01%
[INFO ] PyDI.fusion.engine - 		105	|	3	|	0.02%
[INFO ] PyDI.fusion.engine - 		106	|	1	|	0.01%
[INFO ] PyDI.fusion.engine - 		107	|	2	|	0.02%
[INFO ] PyDI.fusion.engine - 		108	|	1	|	0.01%
[INFO ] PyDI.fusion.engine - 		109	|	3	|	0.02%
[INFO ] PyDI.fusion.engine - 		111	|	2	|	0.02%
[INFO ] PyDI.fusion.engine - 		112	|	1	|	0.01%
[INFO ] PyDI.fusion.engine - 		113	|	4	|	0.03%
[INFO ] PyDI.fusion.engine - 		114	|	1	|	0.01%
[INFO ] PyDI.fusion.engine - 		115	|	2	|	0.02%
[INFO ] PyDI.fusion.engine - 		117	|	2	|	0.02%
[INFO ] PyDI.fusion.engine - 		118	|	3	|	0.02%
[INFO ] PyDI.fusion.engine - 		119	|	1	|	0.01%
[INFO ] PyDI.fusion.engine - 		120	|	3	|	0.02%
[INFO ] PyDI.fusion.engine - 		122	|	1	|	0.01%
[INFO ] PyDI.fusion.engine - 		123	|	1	|	0.01%
[INFO ] PyDI.fusion.engine - 		124	|	2	|	0.02%
[INFO ] PyDI.fusion.engine - 		126	|	2	|	0.02%
[INFO ] PyDI.fusion.engine - 		129	|	2	|	0.02%
[INFO ] PyDI.fusion.engine - 		132	|	1	|	0.01%
[INFO ] PyDI.fusion.engine - 		133	|	2	|	0.02%
[INFO ] PyDI.fusion.engine - 		137	|	1	|	0.01%
[INFO ] PyDI.fusion.engine - 		138	|	1	|	0.01%
[INFO ] PyDI.fusion.engine - 		139	|	2	|	0.02%
[INFO ] PyDI.fusion.engine - 		140	|	1	|	0.01%
[INFO ] PyDI.fusion.engine - 		142	|	1	|	0.01%
[INFO ] PyDI.fusion.engine - 		143	|	1	|	0.01%
[INFO ] PyDI.fusion.engine - 		144	|	1	|	0.01%
[INFO ] PyDI.fusion.engine - 		145	|	4	|	0.03%
[INFO ] PyDI.fusion.engine - 		146	|	1	|	0.01%
[INFO ] PyDI.fusion.engine - 		147	|	1	|	0.01%
[INFO ] PyDI.fusion.engine - 		149	|	1	|	0.01%
[INFO ] PyDI.fusion.engine - 		151	|	1	|	0.01%
[INFO ] PyDI.fusion.engine - 		152	|	2	|	0.02%
[INFO ] PyDI.fusion.engine - 		153	|	1	|	0.01%
[INFO ] PyDI.fusion.engine - 		154	|	3	|	0.02%
[INFO ] PyDI.fusion.engine - 		155	|	1	|	0.01%
[INFO ] PyDI.fusion.engine - 		156	|	2	|	0.02%
[INFO ] PyDI.fusion.engine - 		157	|	2	|	0.02%
[INFO ] PyDI.fusion.engine - 		158	|	1	|	0.01%
[INFO ] PyDI.fusion.engine - 		159	|	1	|	0.01%
[INFO ] PyDI.fusion.engine - 		161	|	2	|	0.02%
[INFO ] PyDI.fusion.engine - 		162	|	3	|	0.02%
[INFO ] PyDI.fusion.engine - 		166	|	1	|	0.01%
[INFO ] PyDI.fusion.engine - 		167	|	1	|	0.01%
[INFO ] PyDI.fusion.engine - 		169	|	1	|	0.01%
[INFO ] PyDI.fusion.engine - 		171	|	1	|	0.01%
[INFO ] PyDI.fusion.engine - 		174	|	1	|	0.01%
[INFO ] PyDI.fusion.engine - 		176	|	3	|	0.02%
[INFO ] PyDI.fusion.engine - 		178	|	1	|	0.01%
[INFO ] PyDI.fusion.engine - 		179	|	2	|	0.02%
[INFO ] PyDI.fusion.engine - 		180	|	2	|	0.02%
[INFO ] PyDI.fusion.engine - 		182	|	1	|	0.01%
[INFO ] PyDI.fusion.engine - 		183	|	2	|	0.02%
[INFO ] PyDI.fusion.engine - 		184	|	2	|	0.02%
[INFO ] PyDI.fusion.engine - 		185	|	1	|	0.01%
[INFO ] PyDI.fusion.engine - 		189	|	1	|	0.01%
[INFO ] PyDI.fusion.engine - 		190	|	1	|	0.01%
[INFO ] PyDI.fusion.engine - 		191	|	1	|	0.01%
[INFO ] PyDI.fusion.engine - 		192	|	1	|	0.01%
[INFO ] PyDI.fusion.engine - 		194	|	1	|	0.01%
[INFO ] PyDI.fusion.engine - 		195	|	1	|	0.01%
[INFO ] PyDI.fusion.engine - 		198	|	1	|	0.01%
[INFO ] PyDI.fusion.engine - 		200	|	1	|	0.01%
[INFO ] PyDI.fusion.engine - 		205	|	2	|	0.02%
[INFO ] PyDI.fusion.engine - 		208	|	2	|	0.02%
[INFO ] PyDI.fusion.engine - 		209	|	1	|	0.01%
[INFO ] PyDI.fusion.engine - 		210	|	1	|	0.01%
[INFO ] PyDI.fusion.engine - 		212	|	2	|	0.02%
[INFO ] PyDI.fusion.engine - 		213	|	1	|	0.01%
[INFO ] PyDI.fusion.engine - 		215	|	1	|	0.01%
[INFO ] PyDI.fusion.engine - 		216	|	1	|	0.01%
[INFO ] PyDI.fusion.engine - 		220	|	2	|	0.02%
[INFO ] PyDI.fusion.engine - 		221	|	1	|	0.01%
[INFO ] PyDI.fusion.engine - 		224	|	1	|	0.01%
[INFO ] PyDI.fusion.engine - 		225	|	1	|	0.01%
[INFO ] PyDI.fusion.engine - 		229	|	1	|	0.01%
[INFO ] PyDI.fusion.engine - 		232	|	2	|	0.02%
[INFO ] PyDI.fusion.engine - 		235	|	3	|	0.02%
[INFO ] PyDI.fusion.engine - 		237	|	2	|	0.02%
[INFO ] PyDI.fusion.engine - 		238	|	1	|	0.01%
[INFO ] PyDI.fusion.engine - 		239	|	3	|	0.02%
[INFO ] PyDI.fusion.engine - 		247	|	1	|	0.01%
[INFO ] PyDI.fusion.engine - 		251	|	1	|	0.01%
[INFO ] PyDI.fusion.engine - 		252	|	1	|	0.01%
[INFO ] PyDI.fusion.engine - 		254	|	1	|	0.01%
[INFO ] PyDI.fusion.engine - 		256	|	1	|	0.01%
[INFO ] PyDI.fusion.engine - 		259	|	1	|	0.01%
[INFO ] PyDI.fusion.engine - 		261	|	1	|	0.01%
[INFO ] PyDI.fusion.engine - 		265	|	1	|	0.01%
[INFO ] PyDI.fusion.engine - 		267	|	4	|	0.03%
[INFO ] PyDI.fusion.engine - 		269	|	1	|	0.01%
[INFO ] PyDI.fusion.engine - 		271	|	2	|	0.02%
[INFO ] PyDI.fusion.engine - 		274	|	1	|	0.01%
[INFO ] PyDI.fusion.engine - 		276	|	1	|	0.01%
[INFO ] PyDI.fusion.engine - 		284	|	1	|	0.01%
[INFO ] PyDI.fusion.engine - 		297	|	1	|	0.01%
[INFO ] PyDI.fusion.engine - 		299	|	1	|	0.01%
[INFO ] PyDI.fusion.engine - 		306	|	1	|	0.01%
[INFO ] PyDI.fusion.engine - 		307	|	2	|	0.02%
[INFO ] PyDI.fusion.engine - 		314	|	2	|	0.02%
[INFO ] PyDI.fusion.engine - 		317	|	1	|	0.01%
[INFO ] PyDI.fusion.engine - 		319	|	2	|	0.02%
[INFO ] PyDI.fusion.engine - 		321	|	1	|	0.01%
[INFO ] PyDI.fusion.engine - 		324	|	1	|	0.01%
[INFO ] PyDI.fusion.engine - 		325	|	1	|	0.01%
[INFO ] PyDI.fusion.engine - 		327	|	1	|	0.01%
[INFO ] PyDI.fusion.engine - 		328	|	1	|	0.01%
[INFO ] PyDI.fusion.engine - 		333	|	1	|	0.01%
[INFO ] PyDI.fusion.engine - 		339	|	1	|	0.01%
[INFO ] PyDI.fusion.engine - 		342	|	1	|	0.01%
[INFO ] PyDI.fusion.engine - 		351	|	1	|	0.01%
[INFO ] PyDI.fusion.engine - 		352	|	1	|	0.01%
[INFO ] PyDI.fusion.engine - 		356	|	3	|	0.02%
[INFO ] PyDI.fusion.engine - 		363	|	1	|	0.01%
[INFO ] PyDI.fusion.engine - 		371	|	1	|	0.01%
[INFO ] PyDI.fusion.engine - 		375	|	2	|	0.02%
[INFO ] PyDI.fusion.engine - 		381	|	1	|	0.01%
[INFO ] PyDI.fusion.engine - 		389	|	1	|	0.01%
[INFO ] PyDI.fusion.engine - 		390	|	1	|	0.01%
[INFO ] PyDI.fusion.engine - 		393	|	1	|	0.01%
[INFO ] PyDI.fusion.engine - 		394	|	1	|	0.01%
[INFO ] PyDI.fusion.engine - 		398	|	1	|	0.01%
[INFO ] PyDI.fusion.engine - 		401	|	1	|	0.01%
[INFO ] PyDI.fusion.engine - 		409	|	1	|	0.01%
[INFO ] PyDI.fusion.engine - 		412	|	1	|	0.01%
[INFO ] PyDI.fusion.engine - 		427	|	2	|	0.02%
[INFO ] PyDI.fusion.engine - 		435	|	2	|	0.02%
[INFO ] PyDI.fusion.engine - 		443	|	1	|	0.01%
[INFO ] PyDI.fusion.engine - 		446	|	1	|	0.01%
[INFO ] PyDI.fusion.engine - 		449	|	1	|	0.01%
[INFO ] PyDI.fusion.engine - 		461	|	2	|	0.02%
[INFO ] PyDI.fusion.engine - 		467	|	1	|	0.01%
[INFO ] PyDI.fusion.engine - 		470	|	1	|	0.01%
[INFO ] PyDI.fusion.engine - 		472	|	1	|	0.01%
[INFO ] PyDI.fusion.engine - 		477	|	1	|	0.01%
[INFO ] PyDI.fusion.engine - 		481	|	2	|	0.02%
[INFO ] PyDI.fusion.engine - 		500	|	1	|	0.01%
[INFO ] PyDI.fusion.engine - 		503	|	2	|	0.02%
[INFO ] PyDI.fusion.engine - 		505	|	1	|	0.01%
[INFO ] PyDI.fusion.engine - 		507	|	2	|	0.02%
[INFO ] PyDI.fusion.engine - 		508	|	1	|	0.01%
[INFO ] PyDI.fusion.engine - 		516	|	1	|	0.01%
[INFO ] PyDI.fusion.engine - 		522	|	1	|	0.01%
[INFO ] PyDI.fusion.engine - 		523	|	1	|	0.01%
[INFO ] PyDI.fusion.engine - 		525	|	1	|	0.01%
[INFO ] PyDI.fusion.engine - 		530	|	1	|	0.01%
[INFO ] PyDI.fusion.engine - 		542	|	1	|	0.01%
[INFO ] PyDI.fusion.engine - 		544	|	1	|	0.01%
[INFO ] PyDI.fusion.engine - 		546	|	1	|	0.01%
[INFO ] PyDI.fusion.engine - 		548	|	1	|	0.01%
[INFO ] PyDI.fusion.engine - 		576	|	1	|	0.01%
[INFO ] PyDI.fusion.engine - 		590	|	1	|	0.01%
[INFO ] PyDI.fusion.engine - 		607	|	1	|	0.01%
[INFO ] PyDI.fusion.engine - 		631	|	1	|	0.01%
[INFO ] PyDI.fusion.engine - 		645	|	1	|	0.01%
[INFO ] PyDI.fusion.engine - 		649	|	1	|	0.01%
[INFO ] PyDI.fusion.engine - 		654	|	1	|	0.01%
[INFO ] PyDI.fusion.engine - 		657	|	1	|	0.01%
[INFO ] PyDI.fusion.engine - 		661	|	1	|	0.01%
[INFO ] PyDI.fusion.engine - 		663	|	1	|	0.01%
[INFO ] PyDI.fusion.engine - 		664	|	2	|	0.02%
[INFO ] PyDI.fusion.engine - 		669	|	1	|	0.01%
[INFO ] PyDI.fusion.engine - 		671	|	1	|	0.01%
[INFO ] PyDI.fusion.engine - 		691	|	1	|	0.01%
[INFO ] PyDI.fusion.engine - 		705	|	2	|	0.02%
[INFO ] PyDI.fusion.engine - 		706	|	1	|	0.01%
[INFO ] PyDI.fusion.engine - 		707	|	1	|	0.01%
[INFO ] PyDI.fusion.engine - 		716	|	1	|	0.01%
[INFO ] PyDI.fusion.engine - 		727	|	1	|	0.01%
[INFO ] PyDI.fusion.engine - 		741	|	1	|	0.01%
[INFO ] PyDI.fusion.engine - 		743	|	1	|	0.01%
[INFO ] PyDI.fusion.engine - 		750	|	1	|	0.01%
[INFO ] PyDI.fusion.engine - 		783	|	1	|	0.01%
[INFO ] PyDI.fusion.engine - 		785	|	1	|	0.01%
[INFO ] PyDI.fusion.engine - 		787	|	1	|	0.01%
[INFO ] PyDI.fusion.engine - 		790	|	1	|	0.01%
[INFO ] PyDI.fusion.engine - 		792	|	1	|	0.01%
[INFO ] PyDI.fusion.engine - 		800	|	2	|	0.02%
[INFO ] PyDI.fusion.engine - 		802	|	2	|	0.02%
[INFO ] PyDI.fusion.engine - 		807	|	1	|	0.01%
[INFO ] PyDI.fusion.engine - 		812	|	1	|	0.01%
[INFO ] PyDI.fusion.engine - 		845	|	1	|	0.01%
[INFO ] PyDI.fusion.engine - 		855	|	1	|	0.01%
[INFO ] PyDI.fusion.engine - 		868	|	1	|	0.01%
[INFO ] PyDI.fusion.engine - 		869	|	1	|	0.01%
[INFO ] PyDI.fusion.engine - 		887	|	1	|	0.01%
[INFO ] PyDI.fusion.engine - 		929	|	1	|	0.01%
[INFO ] PyDI.fusion.engine - 		948	|	1	|	0.01%
[INFO ] PyDI.fusion.engine - 		957	|	1	|	0.01%
[INFO ] PyDI.fusion.engine - 		969	|	1	|	0.01%
[INFO ] PyDI.fusion.engine - 		1017	|	1	|	0.01%
[INFO ] PyDI.fusion.engine - 		1040	|	1	|	0.01%
[INFO ] PyDI.fusion.engine - 		1111	|	1	|	0.01%
[INFO ] PyDI.fusion.engine - 		1132	|	1	|	0.01%
[INFO ] PyDI.fusion.engine - 		1269	|	1	|	0.01%
[INFO ] PyDI.fusion.engine - 		1302	|	2	|	0.02%
[INFO ] PyDI.fusion.engine - 		1322	|	1	|	0.01%
[INFO ] PyDI.fusion.engine - 		1345	|	1	|	0.01%
[INFO ] PyDI.fusion.engine - 		1516	|	1	|	0.01%
[INFO ] PyDI.fusion.engine - 		1537	|	1	|	0.01%
[INFO ] PyDI.fusion.engine - 		1543	|	1	|	0.01%
[INFO ] PyDI.fusion.engine - 		1807	|	1	|	0.01%
[INFO ] PyDI.fusion.engine - 		1856	|	1	|	0.01%
[INFO ] PyDI.fusion.engine - 		1883	|	1	|	0.01%
[INFO ] PyDI.fusion.engine - 		2166	|	1	|	0.01%
[INFO ] PyDI.fusion.engine - Attribute Consistencies:
[INFO ] PyDI.fusion.engine -     _id: 0.00
[INFO ] PyDI.fusion.engine -     completionist_hour: 0.14
[INFO ] PyDI.fusion.engine -     critic_score: 0.05
[INFO ] PyDI.fusion.engine -     developer: 0.21
[INFO ] PyDI.fusion.engine -     esrb_rating: 0.13
[INFO ] PyDI.fusion.engine -     eu_sales_mil: 0.31
[INFO ] PyDI.fusion.engine -     genres: 0.07
[INFO ] PyDI.fusion.engine -     global_sales_mil: 0.25
[INFO ] PyDI.fusion.engine -     id: 0.00
[INFO ] PyDI.fusion.engine -     jp_sales_mil: 0.36
[INFO ] PyDI.fusion.engine -     main_plus_sides_hour: 0.14
[INFO ] PyDI.fusion.engine -     main_story_hour: 0.18
[INFO ] PyDI.fusion.engine -     na_sales_mil: 0.30
[INFO ] PyDI.fusion.engine -     other_sales_mil: 0.31
[INFO ] PyDI.fusion.engine -     platform: 0.05
[INFO ] PyDI.fusion.engine -     publisher: 0.10
[INFO ] PyDI.fusion.engine -     release_year: 0.09
[INFO ] PyDI.fusion.engine -     title: 0.08
[INFO ] PyDI.fusion.engine -     user_score: 0.06
[INFO ] PyDI.fusion.engine - *    Running data fusion    *
[INFO ] PyDI.fusion.engine - Fusion complete: 529 records from 529 groups
[INFO ] PyDI.fusion.engine - Fusion time: 31.23 seconds
[INFO ] PyDI.fusion.engine - DataSet density: 0.93
[INFO ] PyDI.fusion.engine - Attributes densities:
[INFO ] PyDI.fusion.engine -     _id: 1.00
[INFO ] PyDI.fusion.engine -     completionist_hour: 0.88
[INFO ] PyDI.fusion.engine -     critic_score: 0.71
[INFO ] PyDI.fusion.engine -     developer: 0.98
[INFO ] PyDI.fusion.engine -     esrb_rating: 0.71
[INFO ] PyDI.fusion.engine -     eu_sales_mil: 0.98
[INFO ] PyDI.fusion.engine -     genres: 1.00
[INFO ] PyDI.fusion.engine -     global_sales_mil: 0.98
[INFO ] PyDI.fusion.engine -     id: 1.00
[INFO ] PyDI.fusion.engine -     jp_sales_mil: 0.98
[INFO ] PyDI.fusion.engine -     main_plus_sides_hour: 0.90
[INFO ] PyDI.fusion.engine -     main_story_hour: 0.96
[INFO ] PyDI.fusion.engine -     na_sales_mil: 0.98
[INFO ] PyDI.fusion.engine -     other_sales_mil: 0.98
[INFO ] PyDI.fusion.engine -     platform: 1.00
[INFO ] PyDI.fusion.engine -     publisher: 1.00
[INFO ] PyDI.fusion.engine -     release_year: 1.00
[INFO ] PyDI.fusion.engine -     title: 1.00
[INFO ] PyDI.fusion.engine -     user_score: 0.71
[INFO ] PyDI.fusion.strategy - Registered fuser for attribute 'title' using rule 'prefer_higher_trust'
[INFO ] PyDI.fusion.strategy - Registered fuser for attribute 'release_year' using rule 'prefer_higher_trust'
[INFO ] PyDI.fusion.strategy - Registered fuser for attribute 'platform' using rule 'prefer_higher_trust'
[INFO ] PyDI.fusion.strategy - Registered fuser for attribute 'genres' using rule 'union'
[INFO ] PyDI.fusion.engine - Fusion debug logging enabled; refer to output/data_fusion/debug_fusion_ml_standard_blocker.jsonl for detailed traces.
[INFO ] PyDI.fusion.engine - Starting data fusion with strategy 'video_games_fusion_strategy'
[INFO ] PyDI.fusion.engine - *    Loading correspondences    *
[INFO ] PyDI.fusion.engine - Correspondence ID coverage: matched 116679 of 116679 unique IDs
[INFO ] PyDI.fusion.engine - Created 12345 record groups from 569520 correspondences
[INFO ] PyDI.fusion.engine - Group Size Distribution of 12345 clusters:
[INFO ] PyDI.fusion.engine - 	Cluster Size	| Frequency	| Percentage
[INFO ] PyDI.fusion.engine - 	──────────────────────────────────────────────────
[INFO ] PyDI.fusion.engine - 		2	|	72	|	0.58%
[INFO ] PyDI.fusion.engine - 		3	|	19	|	0.15%
[INFO ] PyDI.fusion.engine - 		4	|	13	|	0.11%
[INFO ] PyDI.fusion.engine - 		5	|	8	|	0.06%
[INFO ] PyDI.fusion.engine - 		6	|	3	|	0.02%
[INFO ] PyDI.fusion.engine - 		7	|	5	|	0.04%
[INFO ] PyDI.fusion.engine - 		8	|	3	|	0.02%
[INFO ] PyDI.fusion.engine - 		9	|	5	|	0.04%
[INFO ] PyDI.fusion.engine - 		10	|	7	|	0.06%
[INFO ] PyDI.fusion.engine - 		11	|	2	|	0.02%
[INFO ] PyDI.fusion.engine - 		12	|	4	|	0.03%
[INFO ] PyDI.fusion.engine - 		14	|	2	|	0.02%
[INFO ] PyDI.fusion.engine - 		16	|	1	|	0.01%
[INFO ] PyDI.fusion.engine - 		17	|	1	|	0.01%
[INFO ] PyDI.fusion.engine - 		18	|	2	|	0.02%
[INFO ] PyDI.fusion.engine - 		19	|	2	|	0.02%
[INFO ] PyDI.fusion.engine - 		23	|	4	|	0.03%
[INFO ] PyDI.fusion.engine - 		25	|	1	|	0.01%
[INFO ] PyDI.fusion.engine - 		26	|	1	|	0.01%
[INFO ] PyDI.fusion.engine - 		27	|	1	|	0.01%
[INFO ] PyDI.fusion.engine - 		29	|	1	|	0.01%
[INFO ] PyDI.fusion.engine - 		32	|	2	|	0.02%
[INFO ] PyDI.fusion.engine - 		33	|	3	|	0.02%
[INFO ] PyDI.fusion.engine - 		34	|	2	|	0.02%
[INFO ] PyDI.fusion.engine - 		36	|	1	|	0.01%
[INFO ] PyDI.fusion.engine - 		39	|	2	|	0.02%
[INFO ] PyDI.fusion.engine - 		41	|	2	|	0.02%
[INFO ] PyDI.fusion.engine - 		42	|	3	|	0.02%
[INFO ] PyDI.fusion.engine - 		43	|	4	|	0.03%
[INFO ] PyDI.fusion.engine - 		45	|	2	|	0.02%
[INFO ] PyDI.fusion.engine - 		46	|	2	|	0.02%
[INFO ] PyDI.fusion.engine - 		47	|	1	|	0.01%
[INFO ] PyDI.fusion.engine - 		49	|	2	|	0.02%
[INFO ] PyDI.fusion.engine - 		50	|	1	|	0.01%
[INFO ] PyDI.fusion.engine - 		51	|	3	|	0.02%
[INFO ] PyDI.fusion.engine - 		52	|	3	|	0.02%
[INFO ] PyDI.fusion.engine - 		53	|	3	|	0.02%
[INFO ] PyDI.fusion.engine - 		54	|	2	|	0.02%
[INFO ] PyDI.fusion.engine - 		55	|	4	|	0.03%
[INFO ] PyDI.fusion.engine - 		56	|	3	|	0.02%
[INFO ] PyDI.fusion.engine - 		57	|	2	|	0.02%
[INFO ] PyDI.fusion.engine - 		58	|	2	|	0.02%
[INFO ] PyDI.fusion.engine - 		59	|	1	|	0.01%
[INFO ] PyDI.fusion.engine - 		62	|	3	|	0.02%
[INFO ] PyDI.fusion.engine - 		63	|	4	|	0.03%
[INFO ] PyDI.fusion.engine - 		64	|	4	|	0.03%
[INFO ] PyDI.fusion.engine - 		65	|	2	|	0.02%
[INFO ] PyDI.fusion.engine - 		66	|	1	|	0.01%
[INFO ] PyDI.fusion.engine - 		68	|	2	|	0.02%
[INFO ] PyDI.fusion.engine - 		71	|	2	|	0.02%
[INFO ] PyDI.fusion.engine - 		72	|	1	|	0.01%
[INFO ] PyDI.fusion.engine - 		73	|	1	|	0.01%
[INFO ] PyDI.fusion.engine - 		74	|	2	|	0.02%
[INFO ] PyDI.fusion.engine - 		77	|	2	|	0.02%
[INFO ] PyDI.fusion.engine - 		78	|	1	|	0.01%
[INFO ] PyDI.fusion.engine - 		79	|	1	|	0.01%
[INFO ] PyDI.fusion.engine - 		80	|	3	|	0.02%
[INFO ] PyDI.fusion.engine - 		81	|	1	|	0.01%
[INFO ] PyDI.fusion.engine - 		82	|	1	|	0.01%
[INFO ] PyDI.fusion.engine - 		83	|	1	|	0.01%
[INFO ] PyDI.fusion.engine - 		85	|	1	|	0.01%
[INFO ] PyDI.fusion.engine - 		86	|	1	|	0.01%
[INFO ] PyDI.fusion.engine - 		87	|	2	|	0.02%
[INFO ] PyDI.fusion.engine - 		93	|	3	|	0.02%
[INFO ] PyDI.fusion.engine - 		96	|	2	|	0.02%
[INFO ] PyDI.fusion.engine - 		97	|	1	|	0.01%
[INFO ] PyDI.fusion.engine - 		98	|	3	|	0.02%
[INFO ] PyDI.fusion.engine - 		99	|	1	|	0.01%
[INFO ] PyDI.fusion.engine - 		102	|	1	|	0.01%
[INFO ] PyDI.fusion.engine - 		104	|	1	|	0.01%
[INFO ] PyDI.fusion.engine - 		105	|	3	|	0.02%
[INFO ] PyDI.fusion.engine - 		106	|	1	|	0.01%
[INFO ] PyDI.fusion.engine - 		107	|	2	|	0.02%
[INFO ] PyDI.fusion.engine - 		108	|	1	|	0.01%
[INFO ] PyDI.fusion.engine - 		109	|	3	|	0.02%
[INFO ] PyDI.fusion.engine - 		111	|	2	|	0.02%
[INFO ] PyDI.fusion.engine - 		112	|	1	|	0.01%
[INFO ] PyDI.fusion.engine - 		113	|	4	|	0.03%
[INFO ] PyDI.fusion.engine - 		114	|	1	|	0.01%
[INFO ] PyDI.fusion.engine - 		115	|	2	|	0.02%
[INFO ] PyDI.fusion.engine - 		117	|	2	|	0.02%
[INFO ] PyDI.fusion.engine - 		118	|	3	|	0.02%
[INFO ] PyDI.fusion.engine - 		119	|	1	|	0.01%
[INFO ] PyDI.fusion.engine - 		120	|	3	|	0.02%
[INFO ] PyDI.fusion.engine - 		122	|	1	|	0.01%
[INFO ] PyDI.fusion.engine - 		123	|	1	|	0.01%
[INFO ] PyDI.fusion.engine - 		124	|	2	|	0.02%
[INFO ] PyDI.fusion.engine - 		126	|	2	|	0.02%
[INFO ] PyDI.fusion.engine - 		129	|	2	|	0.02%
[INFO ] PyDI.fusion.engine - 		132	|	1	|	0.01%
[INFO ] PyDI.fusion.engine - 		133	|	2	|	0.02%
[INFO ] PyDI.fusion.engine - 		137	|	1	|	0.01%
[INFO ] PyDI.fusion.engine - 		138	|	1	|	0.01%
[INFO ] PyDI.fusion.engine - 		139	|	2	|	0.02%
[INFO ] PyDI.fusion.engine - 		140	|	1	|	0.01%
[INFO ] PyDI.fusion.engine - 		142	|	1	|	0.01%
[INFO ] PyDI.fusion.engine - 		143	|	1	|	0.01%
[INFO ] PyDI.fusion.engine - 		144	|	1	|	0.01%
[INFO ] PyDI.fusion.engine - 		145	|	4	|	0.03%
[INFO ] PyDI.fusion.engine - 		146	|	1	|	0.01%
[INFO ] PyDI.fusion.engine - 		147	|	1	|	0.01%
[INFO ] PyDI.fusion.engine - 		149	|	1	|	0.01%
[INFO ] PyDI.fusion.engine - 		151	|	1	|	0.01%
[INFO ] PyDI.fusion.engine - 		152	|	2	|	0.02%
[INFO ] PyDI.fusion.engine - 		153	|	1	|	0.01%
[INFO ] PyDI.fusion.engine - 		154	|	3	|	0.02%
[INFO ] PyDI.fusion.engine - 		155	|	1	|	0.01%
[INFO ] PyDI.fusion.engine - 		156	|	2	|	0.02%
[INFO ] PyDI.fusion.engine - 		157	|	2	|	0.02%
[INFO ] PyDI.fusion.engine - 		158	|	1	|	0.01%
[INFO ] PyDI.fusion.engine - 		159	|	1	|	0.01%
[INFO ] PyDI.fusion.engine - 		161	|	2	|	0.02%
[INFO ] PyDI.fusion.engine - 		162	|	3	|	0.02%
[INFO ] PyDI.fusion.engine - 		166	|	1	|	0.01%
[INFO ] PyDI.fusion.engine - 		167	|	1	|	0.01%
[INFO ] PyDI.fusion.engine - 		169	|	1	|	0.01%
[INFO ] PyDI.fusion.engine - 		171	|	1	|	0.01%
[INFO ] PyDI.fusion.engine - 		174	|	1	|	0.01%
[INFO ] PyDI.fusion.engine - 		176	|	3	|	0.02%
[INFO ] PyDI.fusion.engine - 		178	|	1	|	0.01%
[INFO ] PyDI.fusion.engine - 		179	|	2	|	0.02%
[INFO ] PyDI.fusion.engine - 		180	|	2	|	0.02%
[INFO ] PyDI.fusion.engine - 		182	|	1	|	0.01%
[INFO ] PyDI.fusion.engine - 		183	|	2	|	0.02%
[INFO ] PyDI.fusion.engine - 		184	|	2	|	0.02%
[INFO ] PyDI.fusion.engine - 		185	|	1	|	0.01%
[INFO ] PyDI.fusion.engine - 		189	|	1	|	0.01%
[INFO ] PyDI.fusion.engine - 		190	|	1	|	0.01%
[INFO ] PyDI.fusion.engine - 		191	|	1	|	0.01%
[INFO ] PyDI.fusion.engine - 		192	|	1	|	0.01%
[INFO ] PyDI.fusion.engine - 		194	|	1	|	0.01%
[INFO ] PyDI.fusion.engine - 		195	|	1	|	0.01%
[INFO ] PyDI.fusion.engine - 		198	|	1	|	0.01%
[INFO ] PyDI.fusion.engine - 		200	|	1	|	0.01%
[INFO ] PyDI.fusion.engine - 		205	|	2	|	0.02%
[INFO ] PyDI.fusion.engine - 		208	|	2	|	0.02%
[INFO ] PyDI.fusion.engine - 		209	|	1	|	0.01%
[INFO ] PyDI.fusion.engine - 		210	|	1	|	0.01%
[INFO ] PyDI.fusion.engine - 		212	|	2	|	0.02%
[INFO ] PyDI.fusion.engine - 		213	|	1	|	0.01%
[INFO ] PyDI.fusion.engine - 		215	|	1	|	0.01%
[INFO ] PyDI.fusion.engine - 		216	|	1	|	0.01%
[INFO ] PyDI.fusion.engine - 		220	|	2	|	0.02%
[INFO ] PyDI.fusion.engine - 		221	|	1	|	0.01%
[INFO ] PyDI.fusion.engine - 		224	|	1	|	0.01%
[INFO ] PyDI.fusion.engine - 		225	|	1	|	0.01%
[INFO ] PyDI.fusion.engine - 		229	|	1	|	0.01%
[INFO ] PyDI.fusion.engine - 		232	|	2	|	0.02%
[INFO ] PyDI.fusion.engine - 		235	|	3	|	0.02%
[INFO ] PyDI.fusion.engine - 		237	|	2	|	0.02%
[INFO ] PyDI.fusion.engine - 		238	|	1	|	0.01%
[INFO ] PyDI.fusion.engine - 		239	|	3	|	0.02%
[INFO ] PyDI.fusion.engine - 		247	|	1	|	0.01%
[INFO ] PyDI.fusion.engine - 		251	|	1	|	0.01%
[INFO ] PyDI.fusion.engine - 		252	|	1	|	0.01%
[INFO ] PyDI.fusion.engine - 		254	|	1	|	0.01%
[INFO ] PyDI.fusion.engine - 		256	|	1	|	0.01%
[INFO ] PyDI.fusion.engine - 		259	|	1	|	0.01%
[INFO ] PyDI.fusion.engine - 		261	|	1	|	0.01%
[INFO ] PyDI.fusion.engine - 		265	|	1	|	0.01%
[INFO ] PyDI.fusion.engine - 		267	|	4	|	0.03%
[INFO ] PyDI.fusion.engine - 		269	|	1	|	0.01%
[INFO ] PyDI.fusion.engine - 		271	|	2	|	0.02%
[INFO ] PyDI.fusion.engine - 		274	|	1	|	0.01%
[INFO ] PyDI.fusion.engine - 		276	|	1	|	0.01%
[INFO ] PyDI.fusion.engine - 		284	|	1	|	0.01%
[INFO ] PyDI.fusion.engine - 		297	|	1	|	0.01%
[INFO ] PyDI.fusion.engine - 		299	|	1	|	0.01%
[INFO ] PyDI.fusion.engine - 		306	|	1	|	0.01%
[INFO ] PyDI.fusion.engine - 		307	|	2	|	0.02%
[INFO ] PyDI.fusion.engine - 		314	|	2	|	0.02%
[INFO ] PyDI.fusion.engine - 		317	|	1	|	0.01%
[INFO ] PyDI.fusion.engine - 		319	|	2	|	0.02%
[INFO ] PyDI.fusion.engine - 		321	|	1	|	0.01%
[INFO ] PyDI.fusion.engine - 		324	|	1	|	0.01%
[INFO ] PyDI.fusion.engine - 		325	|	1	|	0.01%
[INFO ] PyDI.fusion.engine - 		327	|	1	|	0.01%
[INFO ] PyDI.fusion.engine - 		328	|	1	|	0.01%
[INFO ] PyDI.fusion.engine - 		333	|	1	|	0.01%
[INFO ] PyDI.fusion.engine - 		339	|	1	|	0.01%
[INFO ] PyDI.fusion.engine - 		342	|	1	|	0.01%
[INFO ] PyDI.fusion.engine - 		351	|	1	|	0.01%
[INFO ] PyDI.fusion.engine - 		352	|	1	|	0.01%
[INFO ] PyDI.fusion.engine - 		356	|	3	|	0.02%
[INFO ] PyDI.fusion.engine - 		363	|	1	|	0.01%
[INFO ] PyDI.fusion.engine - 		371	|	1	|	0.01%
[INFO ] PyDI.fusion.engine - 		375	|	2	|	0.02%
[INFO ] PyDI.fusion.engine - 		381	|	1	|	0.01%
[INFO ] PyDI.fusion.engine - 		389	|	1	|	0.01%
[INFO ] PyDI.fusion.engine - 		390	|	1	|	0.01%
[INFO ] PyDI.fusion.engine - 		393	|	1	|	0.01%
[INFO ] PyDI.fusion.engine - 		394	|	1	|	0.01%
[INFO ] PyDI.fusion.engine - 		398	|	1	|	0.01%
[INFO ] PyDI.fusion.engine - 		401	|	1	|	0.01%
[INFO ] PyDI.fusion.engine - 		409	|	1	|	0.01%
[INFO ] PyDI.fusion.engine - 		412	|	1	|	0.01%
[INFO ] PyDI.fusion.engine - 		427	|	2	|	0.02%
[INFO ] PyDI.fusion.engine - 		435	|	2	|	0.02%
[INFO ] PyDI.fusion.engine - 		443	|	1	|	0.01%
[INFO ] PyDI.fusion.engine - 		446	|	1	|	0.01%
[INFO ] PyDI.fusion.engine - 		449	|	1	|	0.01%
[INFO ] PyDI.fusion.engine - 		461	|	2	|	0.02%
[INFO ] PyDI.fusion.engine - 		467	|	1	|	0.01%
[INFO ] PyDI.fusion.engine - 		470	|	1	|	0.01%
[INFO ] PyDI.fusion.engine - 		472	|	1	|	0.01%
[INFO ] PyDI.fusion.engine - 		477	|	1	|	0.01%
[INFO ] PyDI.fusion.engine - 		481	|	2	|	0.02%
[INFO ] PyDI.fusion.engine - 		500	|	1	|	0.01%
[INFO ] PyDI.fusion.engine - 		503	|	2	|	0.02%
[INFO ] PyDI.fusion.engine - 		505	|	1	|	0.01%
[INFO ] PyDI.fusion.engine - 		507	|	2	|	0.02%
[INFO ] PyDI.fusion.engine - 		508	|	1	|	0.01%
[INFO ] PyDI.fusion.engine - 		516	|	1	|	0.01%
[INFO ] PyDI.fusion.engine - 		522	|	1	|	0.01%
[INFO ] PyDI.fusion.engine - 		523	|	1	|	0.01%
[INFO ] PyDI.fusion.engine - 		525	|	1	|	0.01%
[INFO ] PyDI.fusion.engine - 		530	|	1	|	0.01%
[INFO ] PyDI.fusion.engine - 		542	|	1	|	0.01%
[INFO ] PyDI.fusion.engine - 		544	|	1	|	0.01%
[INFO ] PyDI.fusion.engine - 		546	|	1	|	0.01%
[INFO ] PyDI.fusion.engine - 		548	|	1	|	0.01%
[INFO ] PyDI.fusion.engine - 		576	|	1	|	0.01%
[INFO ] PyDI.fusion.engine - 		590	|	1	|	0.01%
[INFO ] PyDI.fusion.engine - 		607	|	1	|	0.01%
[INFO ] PyDI.fusion.engine - 		631	|	1	|	0.01%
[INFO ] PyDI.fusion.engine - 		645	|	1	|	0.01%
[INFO ] PyDI.fusion.engine - 		649	|	1	|	0.01%
[INFO ] PyDI.fusion.engine - 		654	|	1	|	0.01%
[INFO ] PyDI.fusion.engine - 		657	|	1	|	0.01%
[INFO ] PyDI.fusion.engine - 		661	|	1	|	0.01%
[INFO ] PyDI.fusion.engine - 		663	|	1	|	0.01%
[INFO ] PyDI.fusion.engine - 		664	|	2	|	0.02%
[INFO ] PyDI.fusion.engine - 		669	|	1	|	0.01%
[INFO ] PyDI.fusion.engine - 		671	|	1	|	0.01%
[INFO ] PyDI.fusion.engine - 		691	|	1	|	0.01%
[INFO ] PyDI.fusion.engine - 		705	|	2	|	0.02%
[INFO ] PyDI.fusion.engine - 		706	|	1	|	0.01%
[INFO ] PyDI.fusion.engine - 		707	|	1	|	0.01%
[INFO ] PyDI.fusion.engine - 		716	|	1	|	0.01%
[INFO ] PyDI.fusion.engine - 		727	|	1	|	0.01%
[INFO ] PyDI.fusion.engine - 		741	|	1	|	0.01%
[INFO ] PyDI.fusion.engine - 		743	|	1	|	0.01%
[INFO ] PyDI.fusion.engine - 		750	|	1	|	0.01%
[INFO ] PyDI.fusion.engine - 		783	|	1	|	0.01%
[INFO ] PyDI.fusion.engine - 		785	|	1	|	0.01%
[INFO ] PyDI.fusion.engine - 		787	|	1	|	0.01%
[INFO ] PyDI.fusion.engine - 		790	|	1	|	0.01%
[INFO ] PyDI.fusion.engine - 		792	|	1	|	0.01%
[INFO ] PyDI.fusion.engine - 		800	|	2	|	0.02%
[INFO ] PyDI.fusion.engine - 		802	|	2	|	0.02%
[INFO ] PyDI.fusion.engine - 		807	|	1	|	0.01%
[INFO ] PyDI.fusion.engine - 		812	|	1	|	0.01%
[INFO ] PyDI.fusion.engine - 		845	|	1	|	0.01%
[INFO ] PyDI.fusion.engine - 		855	|	1	|	0.01%
[INFO ] PyDI.fusion.engine - 		868	|	1	|	0.01%
[INFO ] PyDI.fusion.engine - 		869	|	1	|	0.01%
[INFO ] PyDI.fusion.engine - 		887	|	1	|	0.01%
[INFO ] PyDI.fusion.engine - 		929	|	1	|	0.01%
[INFO ] PyDI.fusion.engine - 		948	|	1	|	0.01%
[INFO ] PyDI.fusion.engine - 		957	|	1	|	0.01%
[INFO ] PyDI.fusion.engine - 		969	|	1	|	0.01%
[INFO ] PyDI.fusion.engine - 		1017	|	1	|	0.01%
[INFO ] PyDI.fusion.engine - 		1040	|	1	|	0.01%
[INFO ] PyDI.fusion.engine - 		1111	|	1	|	0.01%
[INFO ] PyDI.fusion.engine - 		1132	|	1	|	0.01%
[INFO ] PyDI.fusion.engine - 		1269	|	1	|	0.01%
[INFO ] PyDI.fusion.engine - 		1302	|	2	|	0.02%
[INFO ] PyDI.fusion.engine - 		1322	|	1	|	0.01%
[INFO ] PyDI.fusion.engine - 		1345	|	1	|	0.01%
[INFO ] PyDI.fusion.engine - 		1516	|	1	|	0.01%
[INFO ] PyDI.fusion.engine - 		1537	|	1	|	0.01%
[INFO ] PyDI.fusion.engine - 		1543	|	1	|	0.01%
[INFO ] PyDI.fusion.engine - 		1807	|	1	|	0.01%
[INFO ] PyDI.fusion.engine - 		1856	|	1	|	0.01%
[INFO ] PyDI.fusion.engine - 		1883	|	1	|	0.01%
[INFO ] PyDI.fusion.engine - 		2166	|	1	|	0.01%
[INFO ] PyDI.fusion.engine - Attribute Consistencies:
[INFO ] PyDI.fusion.engine -     _id: 0.00
[INFO ] PyDI.fusion.engine -     completionist_hour: 0.14
[INFO ] PyDI.fusion.engine -     critic_score: 0.05
[INFO ] PyDI.fusion.engine -     developer: 0.21
[INFO ] PyDI.fusion.engine -     esrb_rating: 0.13
[INFO ] PyDI.fusion.engine -     eu_sales_mil: 0.31
[INFO ] PyDI.fusion.engine -     genres: 0.07
[INFO ] PyDI.fusion.engine -     global_sales_mil: 0.25
[INFO ] PyDI.fusion.engine -     id: 0.00
[INFO ] PyDI.fusion.engine -     jp_sales_mil: 0.36
[INFO ] PyDI.fusion.engine -     main_plus_sides_hour: 0.14
[INFO ] PyDI.fusion.engine -     main_story_hour: 0.18
[INFO ] PyDI.fusion.engine -     na_sales_mil: 0.30
[INFO ] PyDI.fusion.engine -     other_sales_mil: 0.31
[INFO ] PyDI.fusion.engine -     platform: 0.05
[INFO ] PyDI.fusion.engine -     publisher: 0.10
[INFO ] PyDI.fusion.engine -     release_year: 0.09
[INFO ] PyDI.fusion.engine -     title: 0.08
[INFO ] PyDI.fusion.engine -     user_score: 0.06
[INFO ] PyDI.fusion.engine - *    Running data fusion    *
[INFO ] PyDI.fusion.engine - Fusion complete: 529 records from 529 groups
[INFO ] PyDI.fusion.engine - Fusion time: 35.77 seconds
[INFO ] PyDI.fusion.engine - DataSet density: 0.93
[INFO ] PyDI.fusion.engine - Attributes densities:
[INFO ] PyDI.fusion.engine -     _id: 1.00
[INFO ] PyDI.fusion.engine -     completionist_hour: 0.88
[INFO ] PyDI.fusion.engine -     critic_score: 0.71
[INFO ] PyDI.fusion.engine -     developer: 0.98
[INFO ] PyDI.fusion.engine -     esrb_rating: 0.71
[INFO ] PyDI.fusion.engine -     eu_sales_mil: 0.98
[INFO ] PyDI.fusion.engine -     genres: 1.00
[INFO ] PyDI.fusion.engine -     global_sales_mil: 0.98
[INFO ] PyDI.fusion.engine -     id: 1.00
[INFO ] PyDI.fusion.engine -     jp_sales_mil: 0.98
[INFO ] PyDI.fusion.engine -     main_plus_sides_hour: 0.90
[INFO ] PyDI.fusion.engine -     main_story_hour: 0.96
[INFO ] PyDI.fusion.engine -     na_sales_mil: 0.98
[INFO ] PyDI.fusion.engine -     other_sales_mil: 0.98
[INFO ] PyDI.fusion.engine -     platform: 1.00
[INFO ] PyDI.fusion.engine -     publisher: 1.00
[INFO ] PyDI.fusion.engine -     release_year: 1.00
[INFO ] PyDI.fusion.engine -     title: 1.00
[INFO ] PyDI.fusion.engine -     user_score: 0.71
[INFO ] PyDI.fusion.strategy - Registered fuser for attribute 'title' using rule 'prefer_higher_trust'
[INFO ] PyDI.fusion.strategy - Registered fuser for attribute 'release_year' using rule 'prefer_higher_trust'
[INFO ] PyDI.fusion.strategy - Registered fuser for attribute 'platform' using rule 'longest_string'
[INFO ] PyDI.fusion.strategy - Registered fuser for attribute 'genres' using rule 'union'
[INFO ] PyDI.fusion.engine - Fusion debug logging enabled; refer to output/data_fusion/debug_fusion_ml_standard_blocker.jsonl for detailed traces.
[INFO ] PyDI.fusion.engine - Starting data fusion with strategy 'video_games_fusion_strategy'
[INFO ] PyDI.fusion.engine - *    Loading correspondences    *
[INFO ] PyDI.fusion.engine - Correspondence ID coverage: matched 116679 of 116679 unique IDs
[INFO ] PyDI.fusion.engine - Created 12345 record groups from 569520 correspondences
[INFO ] PyDI.fusion.engine - Group Size Distribution of 12345 clusters:
[INFO ] PyDI.fusion.engine - 	Cluster Size	| Frequency	| Percentage
[INFO ] PyDI.fusion.engine - 	──────────────────────────────────────────────────
[INFO ] PyDI.fusion.engine - 		2	|	72	|	0.58%
[INFO ] PyDI.fusion.engine - 		3	|	19	|	0.15%
[INFO ] PyDI.fusion.engine - 		4	|	13	|	0.11%
[INFO ] PyDI.fusion.engine - 		5	|	8	|	0.06%
[INFO ] PyDI.fusion.engine - 		6	|	3	|	0.02%
[INFO ] PyDI.fusion.engine - 		7	|	5	|	0.04%
[INFO ] PyDI.fusion.engine - 		8	|	3	|	0.02%
[INFO ] PyDI.fusion.engine - 		9	|	5	|	0.04%
[INFO ] PyDI.fusion.engine - 		10	|	7	|	0.06%
[INFO ] PyDI.fusion.engine - 		11	|	2	|	0.02%
[INFO ] PyDI.fusion.engine - 		12	|	4	|	0.03%
[INFO ] PyDI.fusion.engine - 		14	|	2	|	0.02%
[INFO ] PyDI.fusion.engine - 		16	|	1	|	0.01%
[INFO ] PyDI.fusion.engine - 		17	|	1	|	0.01%
[INFO ] PyDI.fusion.engine - 		18	|	2	|	0.02%
[INFO ] PyDI.fusion.engine - 		19	|	2	|	0.02%
[INFO ] PyDI.fusion.engine - 		23	|	4	|	0.03%
[INFO ] PyDI.fusion.engine - 		25	|	1	|	0.01%
[INFO ] PyDI.fusion.engine - 		26	|	1	|	0.01%
[INFO ] PyDI.fusion.engine - 		27	|	1	|	0.01%
[INFO ] PyDI.fusion.engine - 		29	|	1	|	0.01%
[INFO ] PyDI.fusion.engine - 		32	|	2	|	0.02%
[INFO ] PyDI.fusion.engine - 		33	|	3	|	0.02%
[INFO ] PyDI.fusion.engine - 		34	|	2	|	0.02%
[INFO ] PyDI.fusion.engine - 		36	|	1	|	0.01%
[INFO ] PyDI.fusion.engine - 		39	|	2	|	0.02%
[INFO ] PyDI.fusion.engine - 		41	|	2	|	0.02%
[INFO ] PyDI.fusion.engine - 		42	|	3	|	0.02%
[INFO ] PyDI.fusion.engine - 		43	|	4	|	0.03%
[INFO ] PyDI.fusion.engine - 		45	|	2	|	0.02%
[INFO ] PyDI.fusion.engine - 		46	|	2	|	0.02%
[INFO ] PyDI.fusion.engine - 		47	|	1	|	0.01%
[INFO ] PyDI.fusion.engine - 		49	|	2	|	0.02%
[INFO ] PyDI.fusion.engine - 		50	|	1	|	0.01%
[INFO ] PyDI.fusion.engine - 		51	|	3	|	0.02%
[INFO ] PyDI.fusion.engine - 		52	|	3	|	0.02%
[INFO ] PyDI.fusion.engine - 		53	|	3	|	0.02%
[INFO ] PyDI.fusion.engine - 		54	|	2	|	0.02%
[INFO ] PyDI.fusion.engine - 		55	|	4	|	0.03%
[INFO ] PyDI.fusion.engine - 		56	|	3	|	0.02%
[INFO ] PyDI.fusion.engine - 		57	|	2	|	0.02%
[INFO ] PyDI.fusion.engine - 		58	|	2	|	0.02%
[INFO ] PyDI.fusion.engine - 		59	|	1	|	0.01%
[INFO ] PyDI.fusion.engine - 		62	|	3	|	0.02%
[INFO ] PyDI.fusion.engine - 		63	|	4	|	0.03%
[INFO ] PyDI.fusion.engine - 		64	|	4	|	0.03%
[INFO ] PyDI.fusion.engine - 		65	|	2	|	0.02%
[INFO ] PyDI.fusion.engine - 		66	|	1	|	0.01%
[INFO ] PyDI.fusion.engine - 		68	|	2	|	0.02%
[INFO ] PyDI.fusion.engine - 		71	|	2	|	0.02%
[INFO ] PyDI.fusion.engine - 		72	|	1	|	0.01%
[INFO ] PyDI.fusion.engine - 		73	|	1	|	0.01%
[INFO ] PyDI.fusion.engine - 		74	|	2	|	0.02%
[INFO ] PyDI.fusion.engine - 		77	|	2	|	0.02%
[INFO ] PyDI.fusion.engine - 		78	|	1	|	0.01%
[INFO ] PyDI.fusion.engine - 		79	|	1	|	0.01%
[INFO ] PyDI.fusion.engine - 		80	|	3	|	0.02%
[INFO ] PyDI.fusion.engine - 		81	|	1	|	0.01%
[INFO ] PyDI.fusion.engine - 		82	|	1	|	0.01%
[INFO ] PyDI.fusion.engine - 		83	|	1	|	0.01%
[INFO ] PyDI.fusion.engine - 		85	|	1	|	0.01%
[INFO ] PyDI.fusion.engine - 		86	|	1	|	0.01%
[INFO ] PyDI.fusion.engine - 		87	|	2	|	0.02%
[INFO ] PyDI.fusion.engine - 		93	|	3	|	0.02%
[INFO ] PyDI.fusion.engine - 		96	|	2	|	0.02%
[INFO ] PyDI.fusion.engine - 		97	|	1	|	0.01%
[INFO ] PyDI.fusion.engine - 		98	|	3	|	0.02%
[INFO ] PyDI.fusion.engine - 		99	|	1	|	0.01%
[INFO ] PyDI.fusion.engine - 		102	|	1	|	0.01%
[INFO ] PyDI.fusion.engine - 		104	|	1	|	0.01%
[INFO ] PyDI.fusion.engine - 		105	|	3	|	0.02%
[INFO ] PyDI.fusion.engine - 		106	|	1	|	0.01%
[INFO ] PyDI.fusion.engine - 		107	|	2	|	0.02%
[INFO ] PyDI.fusion.engine - 		108	|	1	|	0.01%
[INFO ] PyDI.fusion.engine - 		109	|	3	|	0.02%
[INFO ] PyDI.fusion.engine - 		111	|	2	|	0.02%
[INFO ] PyDI.fusion.engine - 		112	|	1	|	0.01%
[INFO ] PyDI.fusion.engine - 		113	|	4	|	0.03%
[INFO ] PyDI.fusion.engine - 		114	|	1	|	0.01%
[INFO ] PyDI.fusion.engine - 		115	|	2	|	0.02%
[INFO ] PyDI.fusion.engine - 		117	|	2	|	0.02%
[INFO ] PyDI.fusion.engine - 		118	|	3	|	0.02%
[INFO ] PyDI.fusion.engine - 		119	|	1	|	0.01%
[INFO ] PyDI.fusion.engine - 		120	|	3	|	0.02%
[INFO ] PyDI.fusion.engine - 		122	|	1	|	0.01%
[INFO ] PyDI.fusion.engine - 		123	|	1	|	0.01%
[INFO ] PyDI.fusion.engine - 		124	|	2	|	0.02%
[INFO ] PyDI.fusion.engine - 		126	|	2	|	0.02%
[INFO ] PyDI.fusion.engine - 		129	|	2	|	0.02%
[INFO ] PyDI.fusion.engine - 		132	|	1	|	0.01%
[INFO ] PyDI.fusion.engine - 		133	|	2	|	0.02%
[INFO ] PyDI.fusion.engine - 		137	|	1	|	0.01%
[INFO ] PyDI.fusion.engine - 		138	|	1	|	0.01%
[INFO ] PyDI.fusion.engine - 		139	|	2	|	0.02%
[INFO ] PyDI.fusion.engine - 		140	|	1	|	0.01%
[INFO ] PyDI.fusion.engine - 		142	|	1	|	0.01%
[INFO ] PyDI.fusion.engine - 		143	|	1	|	0.01%
[INFO ] PyDI.fusion.engine - 		144	|	1	|	0.01%
[INFO ] PyDI.fusion.engine - 		145	|	4	|	0.03%
[INFO ] PyDI.fusion.engine - 		146	|	1	|	0.01%
[INFO ] PyDI.fusion.engine - 		147	|	1	|	0.01%
[INFO ] PyDI.fusion.engine - 		149	|	1	|	0.01%
[INFO ] PyDI.fusion.engine - 		151	|	1	|	0.01%
[INFO ] PyDI.fusion.engine - 		152	|	2	|	0.02%
[INFO ] PyDI.fusion.engine - 		153	|	1	|	0.01%
[INFO ] PyDI.fusion.engine - 		154	|	3	|	0.02%
[INFO ] PyDI.fusion.engine - 		155	|	1	|	0.01%
[INFO ] PyDI.fusion.engine - 		156	|	2	|	0.02%
[INFO ] PyDI.fusion.engine - 		157	|	2	|	0.02%
[INFO ] PyDI.fusion.engine - 		158	|	1	|	0.01%
[INFO ] PyDI.fusion.engine - 		159	|	1	|	0.01%
[INFO ] PyDI.fusion.engine - 		161	|	2	|	0.02%
[INFO ] PyDI.fusion.engine - 		162	|	3	|	0.02%
[INFO ] PyDI.fusion.engine - 		166	|	1	|	0.01%
[INFO ] PyDI.fusion.engine - 		167	|	1	|	0.01%
[INFO ] PyDI.fusion.engine - 		169	|	1	|	0.01%
[INFO ] PyDI.fusion.engine - 		171	|	1	|	0.01%
[INFO ] PyDI.fusion.engine - 		174	|	1	|	0.01%
[INFO ] PyDI.fusion.engine - 		176	|	3	|	0.02%
[INFO ] PyDI.fusion.engine - 		178	|	1	|	0.01%
[INFO ] PyDI.fusion.engine - 		179	|	2	|	0.02%
[INFO ] PyDI.fusion.engine - 		180	|	2	|	0.02%
[INFO ] PyDI.fusion.engine - 		182	|	1	|	0.01%
[INFO ] PyDI.fusion.engine - 		183	|	2	|	0.02%
[INFO ] PyDI.fusion.engine - 		184	|	2	|	0.02%
[INFO ] PyDI.fusion.engine - 		185	|	1	|	0.01%
[INFO ] PyDI.fusion.engine - 		189	|	1	|	0.01%
[INFO ] PyDI.fusion.engine - 		190	|	1	|	0.01%
[INFO ] PyDI.fusion.engine - 		191	|	1	|	0.01%
[INFO ] PyDI.fusion.engine - 		192	|	1	|	0.01%
[INFO ] PyDI.fusion.engine - 		194	|	1	|	0.01%
[INFO ] PyDI.fusion.engine - 		195	|	1	|	0.01%
[INFO ] PyDI.fusion.engine - 		198	|	1	|	0.01%
[INFO ] PyDI.fusion.engine - 		200	|	1	|	0.01%
[INFO ] PyDI.fusion.engine - 		205	|	2	|	0.02%
[INFO ] PyDI.fusion.engine - 		208	|	2	|	0.02%
[INFO ] PyDI.fusion.engine - 		209	|	1	|	0.01%
[INFO ] PyDI.fusion.engine - 		210	|	1	|	0.01%
[INFO ] PyDI.fusion.engine - 		212	|	2	|	0.02%
[INFO ] PyDI.fusion.engine - 		213	|	1	|	0.01%
[INFO ] PyDI.fusion.engine - 		215	|	1	|	0.01%
[INFO ] PyDI.fusion.engine - 		216	|	1	|	0.01%
[INFO ] PyDI.fusion.engine - 		220	|	2	|	0.02%
[INFO ] PyDI.fusion.engine - 		221	|	1	|	0.01%
[INFO ] PyDI.fusion.engine - 		224	|	1	|	0.01%
[INFO ] PyDI.fusion.engine - 		225	|	1	|	0.01%
[INFO ] PyDI.fusion.engine - 		229	|	1	|	0.01%
[INFO ] PyDI.fusion.engine - 		232	|	2	|	0.02%
[INFO ] PyDI.fusion.engine - 		235	|	3	|	0.02%
[INFO ] PyDI.fusion.engine - 		237	|	2	|	0.02%
[INFO ] PyDI.fusion.engine - 		238	|	1	|	0.01%
[INFO ] PyDI.fusion.engine - 		239	|	3	|	0.02%
[INFO ] PyDI.fusion.engine - 		247	|	1	|	0.01%
[INFO ] PyDI.fusion.engine - 		251	|	1	|	0.01%
[INFO ] PyDI.fusion.engine - 		252	|	1	|	0.01%
[INFO ] PyDI.fusion.engine - 		254	|	1	|	0.01%
[INFO ] PyDI.fusion.engine - 		256	|	1	|	0.01%
[INFO ] PyDI.fusion.engine - 		259	|	1	|	0.01%
[INFO ] PyDI.fusion.engine - 		261	|	1	|	0.01%
[INFO ] PyDI.fusion.engine - 		265	|	1	|	0.01%
[INFO ] PyDI.fusion.engine - 		267	|	4	|	0.03%
[INFO ] PyDI.fusion.engine - 		269	|	1	|	0.01%
[INFO ] PyDI.fusion.engine - 		271	|	2	|	0.02%
[INFO ] PyDI.fusion.engine - 		274	|	1	|	0.01%
[INFO ] PyDI.fusion.engine - 		276	|	1	|	0.01%
[INFO ] PyDI.fusion.engine - 		284	|	1	|	0.01%
[INFO ] PyDI.fusion.engine - 		297	|	1	|	0.01%
[INFO ] PyDI.fusion.engine - 		299	|	1	|	0.01%
[INFO ] PyDI.fusion.engine - 		306	|	1	|	0.01%
[INFO ] PyDI.fusion.engine - 		307	|	2	|	0.02%
[INFO ] PyDI.fusion.engine - 		314	|	2	|	0.02%
[INFO ] PyDI.fusion.engine - 		317	|	1	|	0.01%
[INFO ] PyDI.fusion.engine - 		319	|	2	|	0.02%
[INFO ] PyDI.fusion.engine - 		321	|	1	|	0.01%
[INFO ] PyDI.fusion.engine - 		324	|	1	|	0.01%
[INFO ] PyDI.fusion.engine - 		325	|	1	|	0.01%
[INFO ] PyDI.fusion.engine - 		327	|	1	|	0.01%
[INFO ] PyDI.fusion.engine - 		328	|	1	|	0.01%
[INFO ] PyDI.fusion.engine - 		333	|	1	|	0.01%
[INFO ] PyDI.fusion.engine - 		339	|	1	|	0.01%
[INFO ] PyDI.fusion.engine - 		342	|	1	|	0.01%
[INFO ] PyDI.fusion.engine - 		351	|	1	|	0.01%
[INFO ] PyDI.fusion.engine - 		352	|	1	|	0.01%
[INFO ] PyDI.fusion.engine - 		356	|	3	|	0.02%
[INFO ] PyDI.fusion.engine - 		363	|	1	|	0.01%
[INFO ] PyDI.fusion.engine - 		371	|	1	|	0.01%
[INFO ] PyDI.fusion.engine - 		375	|	2	|	0.02%
[INFO ] PyDI.fusion.engine - 		381	|	1	|	0.01%
[INFO ] PyDI.fusion.engine - 		389	|	1	|	0.01%
[INFO ] PyDI.fusion.engine - 		390	|	1	|	0.01%
[INFO ] PyDI.fusion.engine - 		393	|	1	|	0.01%
[INFO ] PyDI.fusion.engine - 		394	|	1	|	0.01%
[INFO ] PyDI.fusion.engine - 		398	|	1	|	0.01%
[INFO ] PyDI.fusion.engine - 		401	|	1	|	0.01%
[INFO ] PyDI.fusion.engine - 		409	|	1	|	0.01%
[INFO ] PyDI.fusion.engine - 		412	|	1	|	0.01%
[INFO ] PyDI.fusion.engine - 		427	|	2	|	0.02%
[INFO ] PyDI.fusion.engine - 		435	|	2	|	0.02%
[INFO ] PyDI.fusion.engine - 		443	|	1	|	0.01%
[INFO ] PyDI.fusion.engine - 		446	|	1	|	0.01%
[INFO ] PyDI.fusion.engine - 		449	|	1	|	0.01%
[INFO ] PyDI.fusion.engine - 		461	|	2	|	0.02%
[INFO ] PyDI.fusion.engine - 		467	|	1	|	0.01%
[INFO ] PyDI.fusion.engine - 		470	|	1	|	0.01%
[INFO ] PyDI.fusion.engine - 		472	|	1	|	0.01%
[INFO ] PyDI.fusion.engine - 		477	|	1	|	0.01%
[INFO ] PyDI.fusion.engine - 		481	|	2	|	0.02%
[INFO ] PyDI.fusion.engine - 		500	|	1	|	0.01%
[INFO ] PyDI.fusion.engine - 		503	|	2	|	0.02%
[INFO ] PyDI.fusion.engine - 		505	|	1	|	0.01%
[INFO ] PyDI.fusion.engine - 		507	|	2	|	0.02%
[INFO ] PyDI.fusion.engine - 		508	|	1	|	0.01%
[INFO ] PyDI.fusion.engine - 		516	|	1	|	0.01%
[INFO ] PyDI.fusion.engine - 		522	|	1	|	0.01%
[INFO ] PyDI.fusion.engine - 		523	|	1	|	0.01%
[INFO ] PyDI.fusion.engine - 		525	|	1	|	0.01%
[INFO ] PyDI.fusion.engine - 		530	|	1	|	0.01%
[INFO ] PyDI.fusion.engine - 		542	|	1	|	0.01%
[INFO ] PyDI.fusion.engine - 		544	|	1	|	0.01%
[INFO ] PyDI.fusion.engine - 		546	|	1	|	0.01%
[INFO ] PyDI.fusion.engine - 		548	|	1	|	0.01%
[INFO ] PyDI.fusion.engine - 		576	|	1	|	0.01%
[INFO ] PyDI.fusion.engine - 		590	|	1	|	0.01%
[INFO ] PyDI.fusion.engine - 		607	|	1	|	0.01%
[INFO ] PyDI.fusion.engine - 		631	|	1	|	0.01%
[INFO ] PyDI.fusion.engine - 		645	|	1	|	0.01%
[INFO ] PyDI.fusion.engine - 		649	|	1	|	0.01%
[INFO ] PyDI.fusion.engine - 		654	|	1	|	0.01%
[INFO ] PyDI.fusion.engine - 		657	|	1	|	0.01%
[INFO ] PyDI.fusion.engine - 		661	|	1	|	0.01%
[INFO ] PyDI.fusion.engine - 		663	|	1	|	0.01%
[INFO ] PyDI.fusion.engine - 		664	|	2	|	0.02%
[INFO ] PyDI.fusion.engine - 		669	|	1	|	0.01%
[INFO ] PyDI.fusion.engine - 		671	|	1	|	0.01%
[INFO ] PyDI.fusion.engine - 		691	|	1	|	0.01%
[INFO ] PyDI.fusion.engine - 		705	|	2	|	0.02%
[INFO ] PyDI.fusion.engine - 		706	|	1	|	0.01%
[INFO ] PyDI.fusion.engine - 		707	|	1	|	0.01%
[INFO ] PyDI.fusion.engine - 		716	|	1	|	0.01%
[INFO ] PyDI.fusion.engine - 		727	|	1	|	0.01%
[INFO ] PyDI.fusion.engine - 		741	|	1	|	0.01%
[INFO ] PyDI.fusion.engine - 		743	|	1	|	0.01%
[INFO ] PyDI.fusion.engine - 		750	|	1	|	0.01%
[INFO ] PyDI.fusion.engine - 		783	|	1	|	0.01%
[INFO ] PyDI.fusion.engine - 		785	|	1	|	0.01%
[INFO ] PyDI.fusion.engine - 		787	|	1	|	0.01%
[INFO ] PyDI.fusion.engine - 		790	|	1	|	0.01%
[INFO ] PyDI.fusion.engine - 		792	|	1	|	0.01%
[INFO ] PyDI.fusion.engine - 		800	|	2	|	0.02%
[INFO ] PyDI.fusion.engine - 		802	|	2	|	0.02%
[INFO ] PyDI.fusion.engine - 		807	|	1	|	0.01%
[INFO ] PyDI.fusion.engine - 		812	|	1	|	0.01%
[INFO ] PyDI.fusion.engine - 		845	|	1	|	0.01%
[INFO ] PyDI.fusion.engine - 		855	|	1	|	0.01%
[INFO ] PyDI.fusion.engine - 		868	|	1	|	0.01%
[INFO ] PyDI.fusion.engine - 		869	|	1	|	0.01%
[INFO ] PyDI.fusion.engine - 		887	|	1	|	0.01%
[INFO ] PyDI.fusion.engine - 		929	|	1	|	0.01%
[INFO ] PyDI.fusion.engine - 		948	|	1	|	0.01%
[INFO ] PyDI.fusion.engine - 		957	|	1	|	0.01%
[INFO ] PyDI.fusion.engine - 		969	|	1	|	0.01%
[INFO ] PyDI.fusion.engine - 		1017	|	1	|	0.01%
[INFO ] PyDI.fusion.engine - 		1040	|	1	|	0.01%
[INFO ] PyDI.fusion.engine - 		1111	|	1	|	0.01%
[INFO ] PyDI.fusion.engine - 		1132	|	1	|	0.01%
[INFO ] PyDI.fusion.engine - 		1269	|	1	|	0.01%
[INFO ] PyDI.fusion.engine - 		1302	|	2	|	0.02%
[INFO ] PyDI.fusion.engine - 		1322	|	1	|	0.01%
[INFO ] PyDI.fusion.engine - 		1345	|	1	|	0.01%
[INFO ] PyDI.fusion.engine - 		1516	|	1	|	0.01%
[INFO ] PyDI.fusion.engine - 		1537	|	1	|	0.01%
[INFO ] PyDI.fusion.engine - 		1543	|	1	|	0.01%
[INFO ] PyDI.fusion.engine - 		1807	|	1	|	0.01%
[INFO ] PyDI.fusion.engine - 		1856	|	1	|	0.01%
[INFO ] PyDI.fusion.engine - 		1883	|	1	|	0.01%
[INFO ] PyDI.fusion.engine - 		2166	|	1	|	0.01%
[INFO ] PyDI.fusion.engine - Attribute Consistencies:
[INFO ] PyDI.fusion.engine -     _id: 0.00
[INFO ] PyDI.fusion.engine -     completionist_hour: 0.14
[INFO ] PyDI.fusion.engine -     critic_score: 0.05
[INFO ] PyDI.fusion.engine -     developer: 0.21
[INFO ] PyDI.fusion.engine -     esrb_rating: 0.13
[INFO ] PyDI.fusion.engine -     eu_sales_mil: 0.31
[INFO ] PyDI.fusion.engine -     genres: 0.07
[INFO ] PyDI.fusion.engine -     global_sales_mil: 0.25
[INFO ] PyDI.fusion.engine -     id: 0.00
[INFO ] PyDI.fusion.engine -     jp_sales_mil: 0.36
[INFO ] PyDI.fusion.engine -     main_plus_sides_hour: 0.14
[INFO ] PyDI.fusion.engine -     main_story_hour: 0.18
[INFO ] PyDI.fusion.engine -     na_sales_mil: 0.30
[INFO ] PyDI.fusion.engine -     other_sales_mil: 0.31
[INFO ] PyDI.fusion.engine -     platform: 0.05
[INFO ] PyDI.fusion.engine -     publisher: 0.10
[INFO ] PyDI.fusion.engine -     release_year: 0.09
[INFO ] PyDI.fusion.engine -     title: 0.08
[INFO ] PyDI.fusion.engine -     user_score: 0.06
[INFO ] PyDI.fusion.engine - *    Running data fusion    *
[INFO ] PyDI.fusion.engine - Fusion complete: 529 records from 529 groups
[INFO ] PyDI.fusion.engine - Fusion time: 32.21 seconds
[INFO ] PyDI.fusion.engine - DataSet density: 0.93
[INFO ] PyDI.fusion.engine - Attributes densities:
[INFO ] PyDI.fusion.engine -     _id: 1.00
[INFO ] PyDI.fusion.engine -     completionist_hour: 0.88
[INFO ] PyDI.fusion.engine -     critic_score: 0.71
[INFO ] PyDI.fusion.engine -     developer: 0.98
[INFO ] PyDI.fusion.engine -     esrb_rating: 0.71
[INFO ] PyDI.fusion.engine -     eu_sales_mil: 0.98
[INFO ] PyDI.fusion.engine -     genres: 1.00
[INFO ] PyDI.fusion.engine -     global_sales_mil: 0.98
[INFO ] PyDI.fusion.engine -     id: 1.00
[INFO ] PyDI.fusion.engine -     jp_sales_mil: 0.98
[INFO ] PyDI.fusion.engine -     main_plus_sides_hour: 0.90
[INFO ] PyDI.fusion.engine -     main_story_hour: 0.96
[INFO ] PyDI.fusion.engine -     na_sales_mil: 0.98
[INFO ] PyDI.fusion.engine -     other_sales_mil: 0.98
[INFO ] PyDI.fusion.engine -     platform: 1.00
[INFO ] PyDI.fusion.engine -     publisher: 1.00
[INFO ] PyDI.fusion.engine -     release_year: 1.00
[INFO ] PyDI.fusion.engine -     title: 1.00
[INFO ] PyDI.fusion.engine -     user_score: 0.71
[INFO ] PyDI.fusion.strategy - Registered fuser for attribute 'title' using rule 'prefer_higher_trust'
[INFO ] PyDI.fusion.strategy - Registered fuser for attribute 'developer' using rule 'prefer_higher_trust'
[INFO ] PyDI.fusion.strategy - Registered fuser for attribute 'publisher' using rule 'prefer_higher_trust'
[INFO ] PyDI.fusion.strategy - Registered fuser for attribute 'release_year' using rule 'prefer_higher_trust'
[INFO ] PyDI.fusion.strategy - Registered fuser for attribute 'platform' using rule 'longest_string'
[INFO ] PyDI.fusion.strategy - Registered fuser for attribute 'genres' using rule 'union'
[INFO ] PyDI.fusion.engine - Fusion debug logging enabled; refer to output/data_fusion/debug_fusion_ml_standard_blocker.jsonl for detailed traces.
[INFO ] PyDI.fusion.engine - Starting data fusion with strategy 'video_games_fusion_strategy'
[INFO ] PyDI.fusion.engine - *    Loading correspondences    *
[INFO ] PyDI.fusion.engine - Correspondence ID coverage: matched 116679 of 116679 unique IDs
[INFO ] PyDI.fusion.engine - Created 12345 record groups from 569520 correspondences
[INFO ] PyDI.fusion.engine - Group Size Distribution of 12345 clusters:
[INFO ] PyDI.fusion.engine - 	Cluster Size	| Frequency	| Percentage
[INFO ] PyDI.fusion.engine - 	──────────────────────────────────────────────────
[INFO ] PyDI.fusion.engine - 		2	|	72	|	0.58%
[INFO ] PyDI.fusion.engine - 		3	|	19	|	0.15%
[INFO ] PyDI.fusion.engine - 		4	|	13	|	0.11%
[INFO ] PyDI.fusion.engine - 		5	|	8	|	0.06%
[INFO ] PyDI.fusion.engine - 		6	|	3	|	0.02%
[INFO ] PyDI.fusion.engine - 		7	|	5	|	0.04%
[INFO ] PyDI.fusion.engine - 		8	|	3	|	0.02%
[INFO ] PyDI.fusion.engine - 		9	|	5	|	0.04%
[INFO ] PyDI.fusion.engine - 		10	|	7	|	0.06%
[INFO ] PyDI.fusion.engine - 		11	|	2	|	0.02%
[INFO ] PyDI.fusion.engine - 		12	|	4	|	0.03%
[INFO ] PyDI.fusion.engine - 		14	|	2	|	0.02%
[INFO ] PyDI.fusion.engine - 		16	|	1	|	0.01%
[INFO ] PyDI.fusion.engine - 		17	|	1	|	0.01%
[INFO ] PyDI.fusion.engine - 		18	|	2	|	0.02%
[INFO ] PyDI.fusion.engine - 		19	|	2	|	0.02%
[INFO ] PyDI.fusion.engine - 		23	|	4	|	0.03%
[INFO ] PyDI.fusion.engine - 		25	|	1	|	0.01%
[INFO ] PyDI.fusion.engine - 		26	|	1	|	0.01%
[INFO ] PyDI.fusion.engine - 		27	|	1	|	0.01%
[INFO ] PyDI.fusion.engine - 		29	|	1	|	0.01%
[INFO ] PyDI.fusion.engine - 		32	|	2	|	0.02%
[INFO ] PyDI.fusion.engine - 		33	|	3	|	0.02%
[INFO ] PyDI.fusion.engine - 		34	|	2	|	0.02%
[INFO ] PyDI.fusion.engine - 		36	|	1	|	0.01%
[INFO ] PyDI.fusion.engine - 		39	|	2	|	0.02%
[INFO ] PyDI.fusion.engine - 		41	|	2	|	0.02%
[INFO ] PyDI.fusion.engine - 		42	|	3	|	0.02%
[INFO ] PyDI.fusion.engine - 		43	|	4	|	0.03%
[INFO ] PyDI.fusion.engine - 		45	|	2	|	0.02%
[INFO ] PyDI.fusion.engine - 		46	|	2	|	0.02%
[INFO ] PyDI.fusion.engine - 		47	|	1	|	0.01%
[INFO ] PyDI.fusion.engine - 		49	|	2	|	0.02%
[INFO ] PyDI.fusion.engine - 		50	|	1	|	0.01%
[INFO ] PyDI.fusion.engine - 		51	|	3	|	0.02%
[INFO ] PyDI.fusion.engine - 		52	|	3	|	0.02%
[INFO ] PyDI.fusion.engine - 		53	|	3	|	0.02%
[INFO ] PyDI.fusion.engine - 		54	|	2	|	0.02%
[INFO ] PyDI.fusion.engine - 		55	|	4	|	0.03%
[INFO ] PyDI.fusion.engine - 		56	|	3	|	0.02%
[INFO ] PyDI.fusion.engine - 		57	|	2	|	0.02%
[INFO ] PyDI.fusion.engine - 		58	|	2	|	0.02%
[INFO ] PyDI.fusion.engine - 		59	|	1	|	0.01%
[INFO ] PyDI.fusion.engine - 		62	|	3	|	0.02%
[INFO ] PyDI.fusion.engine - 		63	|	4	|	0.03%
[INFO ] PyDI.fusion.engine - 		64	|	4	|	0.03%
[INFO ] PyDI.fusion.engine - 		65	|	2	|	0.02%
[INFO ] PyDI.fusion.engine - 		66	|	1	|	0.01%
[INFO ] PyDI.fusion.engine - 		68	|	2	|	0.02%
[INFO ] PyDI.fusion.engine - 		71	|	2	|	0.02%
[INFO ] PyDI.fusion.engine - 		72	|	1	|	0.01%
[INFO ] PyDI.fusion.engine - 		73	|	1	|	0.01%
[INFO ] PyDI.fusion.engine - 		74	|	2	|	0.02%
[INFO ] PyDI.fusion.engine - 		77	|	2	|	0.02%
[INFO ] PyDI.fusion.engine - 		78	|	1	|	0.01%
[INFO ] PyDI.fusion.engine - 		79	|	1	|	0.01%
[INFO ] PyDI.fusion.engine - 		80	|	3	|	0.02%
[INFO ] PyDI.fusion.engine - 		81	|	1	|	0.01%
[INFO ] PyDI.fusion.engine - 		82	|	1	|	0.01%
[INFO ] PyDI.fusion.engine - 		83	|	1	|	0.01%
[INFO ] PyDI.fusion.engine - 		85	|	1	|	0.01%
[INFO ] PyDI.fusion.engine - 		86	|	1	|	0.01%
[INFO ] PyDI.fusion.engine - 		87	|	2	|	0.02%
[INFO ] PyDI.fusion.engine - 		93	|	3	|	0.02%
[INFO ] PyDI.fusion.engine - 		96	|	2	|	0.02%
[INFO ] PyDI.fusion.engine - 		97	|	1	|	0.01%
[INFO ] PyDI.fusion.engine - 		98	|	3	|	0.02%
[INFO ] PyDI.fusion.engine - 		99	|	1	|	0.01%
[INFO ] PyDI.fusion.engine - 		102	|	1	|	0.01%
[INFO ] PyDI.fusion.engine - 		104	|	1	|	0.01%
[INFO ] PyDI.fusion.engine - 		105	|	3	|	0.02%
[INFO ] PyDI.fusion.engine - 		106	|	1	|	0.01%
[INFO ] PyDI.fusion.engine - 		107	|	2	|	0.02%
[INFO ] PyDI.fusion.engine - 		108	|	1	|	0.01%
[INFO ] PyDI.fusion.engine - 		109	|	3	|	0.02%
[INFO ] PyDI.fusion.engine - 		111	|	2	|	0.02%
[INFO ] PyDI.fusion.engine - 		112	|	1	|	0.01%
[INFO ] PyDI.fusion.engine - 		113	|	4	|	0.03%
[INFO ] PyDI.fusion.engine - 		114	|	1	|	0.01%
[INFO ] PyDI.fusion.engine - 		115	|	2	|	0.02%
[INFO ] PyDI.fusion.engine - 		117	|	2	|	0.02%
[INFO ] PyDI.fusion.engine - 		118	|	3	|	0.02%
[INFO ] PyDI.fusion.engine - 		119	|	1	|	0.01%
[INFO ] PyDI.fusion.engine - 		120	|	3	|	0.02%
[INFO ] PyDI.fusion.engine - 		122	|	1	|	0.01%
[INFO ] PyDI.fusion.engine - 		123	|	1	|	0.01%
[INFO ] PyDI.fusion.engine - 		124	|	2	|	0.02%
[INFO ] PyDI.fusion.engine - 		126	|	2	|	0.02%
[INFO ] PyDI.fusion.engine - 		129	|	2	|	0.02%
[INFO ] PyDI.fusion.engine - 		132	|	1	|	0.01%
[INFO ] PyDI.fusion.engine - 		133	|	2	|	0.02%
[INFO ] PyDI.fusion.engine - 		137	|	1	|	0.01%
[INFO ] PyDI.fusion.engine - 		138	|	1	|	0.01%
[INFO ] PyDI.fusion.engine - 		139	|	2	|	0.02%
[INFO ] PyDI.fusion.engine - 		140	|	1	|	0.01%
[INFO ] PyDI.fusion.engine - 		142	|	1	|	0.01%
[INFO ] PyDI.fusion.engine - 		143	|	1	|	0.01%
[INFO ] PyDI.fusion.engine - 		144	|	1	|	0.01%
[INFO ] PyDI.fusion.engine - 		145	|	4	|	0.03%
[INFO ] PyDI.fusion.engine - 		146	|	1	|	0.01%
[INFO ] PyDI.fusion.engine - 		147	|	1	|	0.01%
[INFO ] PyDI.fusion.engine - 		149	|	1	|	0.01%
[INFO ] PyDI.fusion.engine - 		151	|	1	|	0.01%
[INFO ] PyDI.fusion.engine - 		152	|	2	|	0.02%
[INFO ] PyDI.fusion.engine - 		153	|	1	|	0.01%
[INFO ] PyDI.fusion.engine - 		154	|	3	|	0.02%
[INFO ] PyDI.fusion.engine - 		155	|	1	|	0.01%
[INFO ] PyDI.fusion.engine - 		156	|	2	|	0.02%
[INFO ] PyDI.fusion.engine - 		157	|	2	|	0.02%
[INFO ] PyDI.fusion.engine - 		158	|	1	|	0.01%
[INFO ] PyDI.fusion.engine - 		159	|	1	|	0.01%
[INFO ] PyDI.fusion.engine - 		161	|	2	|	0.02%
[INFO ] PyDI.fusion.engine - 		162	|	3	|	0.02%
[INFO ] PyDI.fusion.engine - 		166	|	1	|	0.01%
[INFO ] PyDI.fusion.engine - 		167	|	1	|	0.01%
[INFO ] PyDI.fusion.engine - 		169	|	1	|	0.01%
[INFO ] PyDI.fusion.engine - 		171	|	1	|	0.01%
[INFO ] PyDI.fusion.engine - 		174	|	1	|	0.01%
[INFO ] PyDI.fusion.engine - 		176	|	3	|	0.02%
[INFO ] PyDI.fusion.engine - 		178	|	1	|	0.01%
[INFO ] PyDI.fusion.engine - 		179	|	2	|	0.02%
[INFO ] PyDI.fusion.engine - 		180	|	2	|	0.02%
[INFO ] PyDI.fusion.engine - 		182	|	1	|	0.01%
[INFO ] PyDI.fusion.engine - 		183	|	2	|	0.02%
[INFO ] PyDI.fusion.engine - 		184	|	2	|	0.02%
[INFO ] PyDI.fusion.engine - 		185	|	1	|	0.01%
[INFO ] PyDI.fusion.engine - 		189	|	1	|	0.01%
[INFO ] PyDI.fusion.engine - 		190	|	1	|	0.01%
[INFO ] PyDI.fusion.engine - 		191	|	1	|	0.01%
[INFO ] PyDI.fusion.engine - 		192	|	1	|	0.01%
[INFO ] PyDI.fusion.engine - 		194	|	1	|	0.01%
[INFO ] PyDI.fusion.engine - 		195	|	1	|	0.01%
[INFO ] PyDI.fusion.engine - 		198	|	1	|	0.01%
[INFO ] PyDI.fusion.engine - 		200	|	1	|	0.01%
[INFO ] PyDI.fusion.engine - 		205	|	2	|	0.02%
[INFO ] PyDI.fusion.engine - 		208	|	2	|	0.02%
[INFO ] PyDI.fusion.engine - 		209	|	1	|	0.01%
[INFO ] PyDI.fusion.engine - 		210	|	1	|	0.01%
[INFO ] PyDI.fusion.engine - 		212	|	2	|	0.02%
[INFO ] PyDI.fusion.engine - 		213	|	1	|	0.01%
[INFO ] PyDI.fusion.engine - 		215	|	1	|	0.01%
[INFO ] PyDI.fusion.engine - 		216	|	1	|	0.01%
[INFO ] PyDI.fusion.engine - 		220	|	2	|	0.02%
[INFO ] PyDI.fusion.engine - 		221	|	1	|	0.01%
[INFO ] PyDI.fusion.engine - 		224	|	1	|	0.01%
[INFO ] PyDI.fusion.engine - 		225	|	1	|	0.01%
[INFO ] PyDI.fusion.engine - 		229	|	1	|	0.01%
[INFO ] PyDI.fusion.engine - 		232	|	2	|	0.02%
[INFO ] PyDI.fusion.engine - 		235	|	3	|	0.02%
[INFO ] PyDI.fusion.engine - 		237	|	2	|	0.02%
[INFO ] PyDI.fusion.engine - 		238	|	1	|	0.01%
[INFO ] PyDI.fusion.engine - 		239	|	3	|	0.02%
[INFO ] PyDI.fusion.engine - 		247	|	1	|	0.01%
[INFO ] PyDI.fusion.engine - 		251	|	1	|	0.01%
[INFO ] PyDI.fusion.engine - 		252	|	1	|	0.01%
[INFO ] PyDI.fusion.engine - 		254	|	1	|	0.01%
[INFO ] PyDI.fusion.engine - 		256	|	1	|	0.01%
[INFO ] PyDI.fusion.engine - 		259	|	1	|	0.01%
[INFO ] PyDI.fusion.engine - 		261	|	1	|	0.01%
[INFO ] PyDI.fusion.engine - 		265	|	1	|	0.01%
[INFO ] PyDI.fusion.engine - 		267	|	4	|	0.03%
[INFO ] PyDI.fusion.engine - 		269	|	1	|	0.01%
[INFO ] PyDI.fusion.engine - 		271	|	2	|	0.02%
[INFO ] PyDI.fusion.engine - 		274	|	1	|	0.01%
[INFO ] PyDI.fusion.engine - 		276	|	1	|	0.01%
[INFO ] PyDI.fusion.engine - 		284	|	1	|	0.01%
[INFO ] PyDI.fusion.engine - 		297	|	1	|	0.01%
[INFO ] PyDI.fusion.engine - 		299	|	1	|	0.01%
[INFO ] PyDI.fusion.engine - 		306	|	1	|	0.01%
[INFO ] PyDI.fusion.engine - 		307	|	2	|	0.02%
[INFO ] PyDI.fusion.engine - 		314	|	2	|	0.02%
[INFO ] PyDI.fusion.engine - 		317	|	1	|	0.01%
[INFO ] PyDI.fusion.engine - 		319	|	2	|	0.02%
[INFO ] PyDI.fusion.engine - 		321	|	1	|	0.01%
[INFO ] PyDI.fusion.engine - 		324	|	1	|	0.01%
[INFO ] PyDI.fusion.engine - 		325	|	1	|	0.01%
[INFO ] PyDI.fusion.engine - 		327	|	1	|	0.01%
[INFO ] PyDI.fusion.engine - 		328	|	1	|	0.01%
[INFO ] PyDI.fusion.engine - 		333	|	1	|	0.01%
[INFO ] PyDI.fusion.engine - 		339	|	1	|	0.01%
[INFO ] PyDI.fusion.engine - 		342	|	1	|	0.01%
[INFO ] PyDI.fusion.engine - 		351	|	1	|	0.01%
[INFO ] PyDI.fusion.engine - 		352	|	1	|	0.01%
[INFO ] PyDI.fusion.engine - 		356	|	3	|	0.02%
[INFO ] PyDI.fusion.engine - 		363	|	1	|	0.01%
[INFO ] PyDI.fusion.engine - 		371	|	1	|	0.01%
[INFO ] PyDI.fusion.engine - 		375	|	2	|	0.02%
[INFO ] PyDI.fusion.engine - 		381	|	1	|	0.01%
[INFO ] PyDI.fusion.engine - 		389	|	1	|	0.01%
[INFO ] PyDI.fusion.engine - 		390	|	1	|	0.01%
[INFO ] PyDI.fusion.engine - 		393	|	1	|	0.01%
[INFO ] PyDI.fusion.engine - 		394	|	1	|	0.01%
[INFO ] PyDI.fusion.engine - 		398	|	1	|	0.01%
[INFO ] PyDI.fusion.engine - 		401	|	1	|	0.01%
[INFO ] PyDI.fusion.engine - 		409	|	1	|	0.01%
[INFO ] PyDI.fusion.engine - 		412	|	1	|	0.01%
[INFO ] PyDI.fusion.engine - 		427	|	2	|	0.02%
[INFO ] PyDI.fusion.engine - 		435	|	2	|	0.02%
[INFO ] PyDI.fusion.engine - 		443	|	1	|	0.01%
[INFO ] PyDI.fusion.engine - 		446	|	1	|	0.01%
[INFO ] PyDI.fusion.engine - 		449	|	1	|	0.01%
[INFO ] PyDI.fusion.engine - 		461	|	2	|	0.02%
[INFO ] PyDI.fusion.engine - 		467	|	1	|	0.01%
[INFO ] PyDI.fusion.engine - 		470	|	1	|	0.01%
[INFO ] PyDI.fusion.engine - 		472	|	1	|	0.01%
[INFO ] PyDI.fusion.engine - 		477	|	1	|	0.01%
[INFO ] PyDI.fusion.engine - 		481	|	2	|	0.02%
[INFO ] PyDI.fusion.engine - 		500	|	1	|	0.01%
[INFO ] PyDI.fusion.engine - 		503	|	2	|	0.02%
[INFO ] PyDI.fusion.engine - 		505	|	1	|	0.01%
[INFO ] PyDI.fusion.engine - 		507	|	2	|	0.02%
[INFO ] PyDI.fusion.engine - 		508	|	1	|	0.01%
[INFO ] PyDI.fusion.engine - 		516	|	1	|	0.01%
[INFO ] PyDI.fusion.engine - 		522	|	1	|	0.01%
[INFO ] PyDI.fusion.engine - 		523	|	1	|	0.01%
[INFO ] PyDI.fusion.engine - 		525	|	1	|	0.01%
[INFO ] PyDI.fusion.engine - 		530	|	1	|	0.01%
[INFO ] PyDI.fusion.engine - 		542	|	1	|	0.01%
[INFO ] PyDI.fusion.engine - 		544	|	1	|	0.01%
[INFO ] PyDI.fusion.engine - 		546	|	1	|	0.01%
[INFO ] PyDI.fusion.engine - 		548	|	1	|	0.01%
[INFO ] PyDI.fusion.engine - 		576	|	1	|	0.01%
[INFO ] PyDI.fusion.engine - 		590	|	1	|	0.01%
[INFO ] PyDI.fusion.engine - 		607	|	1	|	0.01%
[INFO ] PyDI.fusion.engine - 		631	|	1	|	0.01%
[INFO ] PyDI.fusion.engine - 		645	|	1	|	0.01%
[INFO ] PyDI.fusion.engine - 		649	|	1	|	0.01%
[INFO ] PyDI.fusion.engine - 		654	|	1	|	0.01%
[INFO ] PyDI.fusion.engine - 		657	|	1	|	0.01%
[INFO ] PyDI.fusion.engine - 		661	|	1	|	0.01%
[INFO ] PyDI.fusion.engine - 		663	|	1	|	0.01%
[INFO ] PyDI.fusion.engine - 		664	|	2	|	0.02%
[INFO ] PyDI.fusion.engine - 		669	|	1	|	0.01%
[INFO ] PyDI.fusion.engine - 		671	|	1	|	0.01%
[INFO ] PyDI.fusion.engine - 		691	|	1	|	0.01%
[INFO ] PyDI.fusion.engine - 		705	|	2	|	0.02%
[INFO ] PyDI.fusion.engine - 		706	|	1	|	0.01%
[INFO ] PyDI.fusion.engine - 		707	|	1	|	0.01%
[INFO ] PyDI.fusion.engine - 		716	|	1	|	0.01%
[INFO ] PyDI.fusion.engine - 		727	|	1	|	0.01%
[INFO ] PyDI.fusion.engine - 		741	|	1	|	0.01%
[INFO ] PyDI.fusion.engine - 		743	|	1	|	0.01%
[INFO ] PyDI.fusion.engine - 		750	|	1	|	0.01%
[INFO ] PyDI.fusion.engine - 		783	|	1	|	0.01%
[INFO ] PyDI.fusion.engine - 		785	|	1	|	0.01%
[INFO ] PyDI.fusion.engine - 		787	|	1	|	0.01%
[INFO ] PyDI.fusion.engine - 		790	|	1	|	0.01%
[INFO ] PyDI.fusion.engine - 		792	|	1	|	0.01%
[INFO ] PyDI.fusion.engine - 		800	|	2	|	0.02%
[INFO ] PyDI.fusion.engine - 		802	|	2	|	0.02%
[INFO ] PyDI.fusion.engine - 		807	|	1	|	0.01%
[INFO ] PyDI.fusion.engine - 		812	|	1	|	0.01%
[INFO ] PyDI.fusion.engine - 		845	|	1	|	0.01%
[INFO ] PyDI.fusion.engine - 		855	|	1	|	0.01%
[INFO ] PyDI.fusion.engine - 		868	|	1	|	0.01%
[INFO ] PyDI.fusion.engine - 		869	|	1	|	0.01%
[INFO ] PyDI.fusion.engine - 		887	|	1	|	0.01%
[INFO ] PyDI.fusion.engine - 		929	|	1	|	0.01%
[INFO ] PyDI.fusion.engine - 		948	|	1	|	0.01%
[INFO ] PyDI.fusion.engine - 		957	|	1	|	0.01%
[INFO ] PyDI.fusion.engine - 		969	|	1	|	0.01%
[INFO ] PyDI.fusion.engine - 		1017	|	1	|	0.01%
[INFO ] PyDI.fusion.engine - 		1040	|	1	|	0.01%
[INFO ] PyDI.fusion.engine - 		1111	|	1	|	0.01%
[INFO ] PyDI.fusion.engine - 		1132	|	1	|	0.01%
[INFO ] PyDI.fusion.engine - 		1269	|	1	|	0.01%
[INFO ] PyDI.fusion.engine - 		1302	|	2	|	0.02%
[INFO ] PyDI.fusion.engine - 		1322	|	1	|	0.01%
[INFO ] PyDI.fusion.engine - 		1345	|	1	|	0.01%
[INFO ] PyDI.fusion.engine - 		1516	|	1	|	0.01%
[INFO ] PyDI.fusion.engine - 		1537	|	1	|	0.01%
[INFO ] PyDI.fusion.engine - 		1543	|	1	|	0.01%
[INFO ] PyDI.fusion.engine - 		1807	|	1	|	0.01%
[INFO ] PyDI.fusion.engine - 		1856	|	1	|	0.01%
[INFO ] PyDI.fusion.engine - 		1883	|	1	|	0.01%
[INFO ] PyDI.fusion.engine - 		2166	|	1	|	0.01%
[INFO ] PyDI.fusion.engine - Attribute Consistencies:
[INFO ] PyDI.fusion.engine -     _id: 0.00
[INFO ] PyDI.fusion.engine -     completionist_hour: 0.14
[INFO ] PyDI.fusion.engine -     critic_score: 0.05
[INFO ] PyDI.fusion.engine -     developer: 0.21
[INFO ] PyDI.fusion.engine -     esrb_rating: 0.13
[INFO ] PyDI.fusion.engine -     eu_sales_mil: 0.31
[INFO ] PyDI.fusion.engine -     genres: 0.07
[INFO ] PyDI.fusion.engine -     global_sales_mil: 0.25
[INFO ] PyDI.fusion.engine -     id: 0.00
[INFO ] PyDI.fusion.engine -     jp_sales_mil: 0.36
[INFO ] PyDI.fusion.engine -     main_plus_sides_hour: 0.14
[INFO ] PyDI.fusion.engine -     main_story_hour: 0.18
[INFO ] PyDI.fusion.engine -     na_sales_mil: 0.30
[INFO ] PyDI.fusion.engine -     other_sales_mil: 0.31
[INFO ] PyDI.fusion.engine -     platform: 0.05
[INFO ] PyDI.fusion.engine -     publisher: 0.10
[INFO ] PyDI.fusion.engine -     release_year: 0.09
[INFO ] PyDI.fusion.engine -     title: 0.08
[INFO ] PyDI.fusion.engine -     user_score: 0.06
[INFO ] PyDI.fusion.engine - *    Running data fusion    *
[INFO ] PyDI.fusion.engine - Fusion complete: 529 records from 529 groups
[INFO ] PyDI.fusion.engine - Fusion time: 37.11 seconds
[INFO ] PyDI.fusion.engine - DataSet density: 0.93
[INFO ] PyDI.fusion.engine - Attributes densities:
[INFO ] PyDI.fusion.engine -     _id: 1.00
[INFO ] PyDI.fusion.engine -     completionist_hour: 0.88
[INFO ] PyDI.fusion.engine -     critic_score: 0.71
[INFO ] PyDI.fusion.engine -     developer: 0.98
[INFO ] PyDI.fusion.engine -     esrb_rating: 0.71
[INFO ] PyDI.fusion.engine -     eu_sales_mil: 0.98
[INFO ] PyDI.fusion.engine -     genres: 1.00
[INFO ] PyDI.fusion.engine -     global_sales_mil: 0.98
[INFO ] PyDI.fusion.engine -     id: 1.00
[INFO ] PyDI.fusion.engine -     jp_sales_mil: 0.98
[INFO ] PyDI.fusion.engine -     main_plus_sides_hour: 0.90
[INFO ] PyDI.fusion.engine -     main_story_hour: 0.96
[INFO ] PyDI.fusion.engine -     na_sales_mil: 0.98
[INFO ] PyDI.fusion.engine -     other_sales_mil: 0.98
[INFO ] PyDI.fusion.engine -     platform: 1.00
[INFO ] PyDI.fusion.engine -     publisher: 1.00
[INFO ] PyDI.fusion.engine -     release_year: 1.00
[INFO ] PyDI.fusion.engine -     title: 1.00
[INFO ] PyDI.fusion.engine -     user_score: 0.71
[INFO ] PyDI.fusion.strategy - Registered fuser for attribute 'title' using rule 'longest_string'
[INFO ] PyDI.fusion.strategy - Registered fuser for attribute 'developer' using rule 'prefer_higher_trust'
[INFO ] PyDI.fusion.strategy - Registered fuser for attribute 'publisher' using rule 'prefer_higher_trust'
[INFO ] PyDI.fusion.strategy - Registered fuser for attribute 'release_year' using rule 'prefer_higher_trust'
[INFO ] PyDI.fusion.strategy - Registered fuser for attribute 'platform' using rule 'voting'
[INFO ] PyDI.fusion.strategy - Registered fuser for attribute 'genres' using rule 'union'
[INFO ] PyDI.fusion.engine - Fusion debug logging enabled; refer to output/data_fusion/debug_fusion_ml_standard_blocker.jsonl for detailed traces.
[INFO ] PyDI.fusion.engine - Starting data fusion with strategy 'video_games_fusion_strategy'
[INFO ] PyDI.fusion.engine - *    Loading correspondences    *
[INFO ] PyDI.fusion.engine - Correspondence ID coverage: matched 116679 of 116679 unique IDs
[INFO ] PyDI.fusion.engine - Created 12345 record groups from 569520 correspondences
[INFO ] PyDI.fusion.engine - Group Size Distribution of 12345 clusters:
[INFO ] PyDI.fusion.engine - 	Cluster Size	| Frequency	| Percentage
[INFO ] PyDI.fusion.engine - 	──────────────────────────────────────────────────
[INFO ] PyDI.fusion.engine - 		2	|	72	|	0.58%
[INFO ] PyDI.fusion.engine - 		3	|	19	|	0.15%
[INFO ] PyDI.fusion.engine - 		4	|	13	|	0.11%
[INFO ] PyDI.fusion.engine - 		5	|	8	|	0.06%
[INFO ] PyDI.fusion.engine - 		6	|	3	|	0.02%
[INFO ] PyDI.fusion.engine - 		7	|	5	|	0.04%
[INFO ] PyDI.fusion.engine - 		8	|	3	|	0.02%
[INFO ] PyDI.fusion.engine - 		9	|	5	|	0.04%
[INFO ] PyDI.fusion.engine - 		10	|	7	|	0.06%
[INFO ] PyDI.fusion.engine - 		11	|	2	|	0.02%
[INFO ] PyDI.fusion.engine - 		12	|	4	|	0.03%
[INFO ] PyDI.fusion.engine - 		14	|	2	|	0.02%
[INFO ] PyDI.fusion.engine - 		16	|	1	|	0.01%
[INFO ] PyDI.fusion.engine - 		17	|	1	|	0.01%
[INFO ] PyDI.fusion.engine - 		18	|	2	|	0.02%
[INFO ] PyDI.fusion.engine - 		19	|	2	|	0.02%
[INFO ] PyDI.fusion.engine - 		23	|	4	|	0.03%
[INFO ] PyDI.fusion.engine - 		25	|	1	|	0.01%
[INFO ] PyDI.fusion.engine - 		26	|	1	|	0.01%
[INFO ] PyDI.fusion.engine - 		27	|	1	|	0.01%
[INFO ] PyDI.fusion.engine - 		29	|	1	|	0.01%
[INFO ] PyDI.fusion.engine - 		32	|	2	|	0.02%
[INFO ] PyDI.fusion.engine - 		33	|	3	|	0.02%
[INFO ] PyDI.fusion.engine - 		34	|	2	|	0.02%
[INFO ] PyDI.fusion.engine - 		36	|	1	|	0.01%
[INFO ] PyDI.fusion.engine - 		39	|	2	|	0.02%
[INFO ] PyDI.fusion.engine - 		41	|	2	|	0.02%
[INFO ] PyDI.fusion.engine - 		42	|	3	|	0.02%
[INFO ] PyDI.fusion.engine - 		43	|	4	|	0.03%
[INFO ] PyDI.fusion.engine - 		45	|	2	|	0.02%
[INFO ] PyDI.fusion.engine - 		46	|	2	|	0.02%
[INFO ] PyDI.fusion.engine - 		47	|	1	|	0.01%
[INFO ] PyDI.fusion.engine - 		49	|	2	|	0.02%
[INFO ] PyDI.fusion.engine - 		50	|	1	|	0.01%
[INFO ] PyDI.fusion.engine - 		51	|	3	|	0.02%
[INFO ] PyDI.fusion.engine - 		52	|	3	|	0.02%
[INFO ] PyDI.fusion.engine - 		53	|	3	|	0.02%
[INFO ] PyDI.fusion.engine - 		54	|	2	|	0.02%
[INFO ] PyDI.fusion.engine - 		55	|	4	|	0.03%
[INFO ] PyDI.fusion.engine - 		56	|	3	|	0.02%
[INFO ] PyDI.fusion.engine - 		57	|	2	|	0.02%
[INFO ] PyDI.fusion.engine - 		58	|	2	|	0.02%
[INFO ] PyDI.fusion.engine - 		59	|	1	|	0.01%
[INFO ] PyDI.fusion.engine - 		62	|	3	|	0.02%
[INFO ] PyDI.fusion.engine - 		63	|	4	|	0.03%
[INFO ] PyDI.fusion.engine - 		64	|	4	|	0.03%
[INFO ] PyDI.fusion.engine - 		65	|	2	|	0.02%
[INFO ] PyDI.fusion.engine - 		66	|	1	|	0.01%
[INFO ] PyDI.fusion.engine - 		68	|	2	|	0.02%
[INFO ] PyDI.fusion.engine - 		71	|	2	|	0.02%
[INFO ] PyDI.fusion.engine - 		72	|	1	|	0.01%
[INFO ] PyDI.fusion.engine - 		73	|	1	|	0.01%
[INFO ] PyDI.fusion.engine - 		74	|	2	|	0.02%
[INFO ] PyDI.fusion.engine - 		77	|	2	|	0.02%
[INFO ] PyDI.fusion.engine - 		78	|	1	|	0.01%
[INFO ] PyDI.fusion.engine - 		79	|	1	|	0.01%
[INFO ] PyDI.fusion.engine - 		80	|	3	|	0.02%
[INFO ] PyDI.fusion.engine - 		81	|	1	|	0.01%
[INFO ] PyDI.fusion.engine - 		82	|	1	|	0.01%
[INFO ] PyDI.fusion.engine - 		83	|	1	|	0.01%
[INFO ] PyDI.fusion.engine - 		85	|	1	|	0.01%
[INFO ] PyDI.fusion.engine - 		86	|	1	|	0.01%
[INFO ] PyDI.fusion.engine - 		87	|	2	|	0.02%
[INFO ] PyDI.fusion.engine - 		93	|	3	|	0.02%
[INFO ] PyDI.fusion.engine - 		96	|	2	|	0.02%
[INFO ] PyDI.fusion.engine - 		97	|	1	|	0.01%
[INFO ] PyDI.fusion.engine - 		98	|	3	|	0.02%
[INFO ] PyDI.fusion.engine - 		99	|	1	|	0.01%
[INFO ] PyDI.fusion.engine - 		102	|	1	|	0.01%
[INFO ] PyDI.fusion.engine - 		104	|	1	|	0.01%
[INFO ] PyDI.fusion.engine - 		105	|	3	|	0.02%
[INFO ] PyDI.fusion.engine - 		106	|	1	|	0.01%
[INFO ] PyDI.fusion.engine - 		107	|	2	|	0.02%
[INFO ] PyDI.fusion.engine - 		108	|	1	|	0.01%
[INFO ] PyDI.fusion.engine - 		109	|	3	|	0.02%
[INFO ] PyDI.fusion.engine - 		111	|	2	|	0.02%
[INFO ] PyDI.fusion.engine - 		112	|	1	|	0.01%
[INFO ] PyDI.fusion.engine - 		113	|	4	|	0.03%
[INFO ] PyDI.fusion.engine - 		114	|	1	|	0.01%
[INFO ] PyDI.fusion.engine - 		115	|	2	|	0.02%
[INFO ] PyDI.fusion.engine - 		117	|	2	|	0.02%
[INFO ] PyDI.fusion.engine - 		118	|	3	|	0.02%
[INFO ] PyDI.fusion.engine - 		119	|	1	|	0.01%
[INFO ] PyDI.fusion.engine - 		120	|	3	|	0.02%
[INFO ] PyDI.fusion.engine - 		122	|	1	|	0.01%
[INFO ] PyDI.fusion.engine - 		123	|	1	|	0.01%
[INFO ] PyDI.fusion.engine - 		124	|	2	|	0.02%
[INFO ] PyDI.fusion.engine - 		126	|	2	|	0.02%
[INFO ] PyDI.fusion.engine - 		129	|	2	|	0.02%
[INFO ] PyDI.fusion.engine - 		132	|	1	|	0.01%
[INFO ] PyDI.fusion.engine - 		133	|	2	|	0.02%
[INFO ] PyDI.fusion.engine - 		137	|	1	|	0.01%
[INFO ] PyDI.fusion.engine - 		138	|	1	|	0.01%
[INFO ] PyDI.fusion.engine - 		139	|	2	|	0.02%
[INFO ] PyDI.fusion.engine - 		140	|	1	|	0.01%
[INFO ] PyDI.fusion.engine - 		142	|	1	|	0.01%
[INFO ] PyDI.fusion.engine - 		143	|	1	|	0.01%
[INFO ] PyDI.fusion.engine - 		144	|	1	|	0.01%
[INFO ] PyDI.fusion.engine - 		145	|	4	|	0.03%
[INFO ] PyDI.fusion.engine - 		146	|	1	|	0.01%
[INFO ] PyDI.fusion.engine - 		147	|	1	|	0.01%
[INFO ] PyDI.fusion.engine - 		149	|	1	|	0.01%
[INFO ] PyDI.fusion.engine - 		151	|	1	|	0.01%
[INFO ] PyDI.fusion.engine - 		152	|	2	|	0.02%
[INFO ] PyDI.fusion.engine - 		153	|	1	|	0.01%
[INFO ] PyDI.fusion.engine - 		154	|	3	|	0.02%
[INFO ] PyDI.fusion.engine - 		155	|	1	|	0.01%
[INFO ] PyDI.fusion.engine - 		156	|	2	|	0.02%
[INFO ] PyDI.fusion.engine - 		157	|	2	|	0.02%
[INFO ] PyDI.fusion.engine - 		158	|	1	|	0.01%
[INFO ] PyDI.fusion.engine - 		159	|	1	|	0.01%
[INFO ] PyDI.fusion.engine - 		161	|	2	|	0.02%
[INFO ] PyDI.fusion.engine - 		162	|	3	|	0.02%
[INFO ] PyDI.fusion.engine - 		166	|	1	|	0.01%
[INFO ] PyDI.fusion.engine - 		167	|	1	|	0.01%
[INFO ] PyDI.fusion.engine - 		169	|	1	|	0.01%
[INFO ] PyDI.fusion.engine - 		171	|	1	|	0.01%
[INFO ] PyDI.fusion.engine - 		174	|	1	|	0.01%
[INFO ] PyDI.fusion.engine - 		176	|	3	|	0.02%
[INFO ] PyDI.fusion.engine - 		178	|	1	|	0.01%
[INFO ] PyDI.fusion.engine - 		179	|	2	|	0.02%
[INFO ] PyDI.fusion.engine - 		180	|	2	|	0.02%
[INFO ] PyDI.fusion.engine - 		182	|	1	|	0.01%
[INFO ] PyDI.fusion.engine - 		183	|	2	|	0.02%
[INFO ] PyDI.fusion.engine - 		184	|	2	|	0.02%
[INFO ] PyDI.fusion.engine - 		185	|	1	|	0.01%
[INFO ] PyDI.fusion.engine - 		189	|	1	|	0.01%
[INFO ] PyDI.fusion.engine - 		190	|	1	|	0.01%
[INFO ] PyDI.fusion.engine - 		191	|	1	|	0.01%
[INFO ] PyDI.fusion.engine - 		192	|	1	|	0.01%
[INFO ] PyDI.fusion.engine - 		194	|	1	|	0.01%
[INFO ] PyDI.fusion.engine - 		195	|	1	|	0.01%
[INFO ] PyDI.fusion.engine - 		198	|	1	|	0.01%
[INFO ] PyDI.fusion.engine - 		200	|	1	|	0.01%
[INFO ] PyDI.fusion.engine - 		205	|	2	|	0.02%
[INFO ] PyDI.fusion.engine - 		208	|	2	|	0.02%
[INFO ] PyDI.fusion.engine - 		209	|	1	|	0.01%
[INFO ] PyDI.fusion.engine - 		210	|	1	|	0.01%
[INFO ] PyDI.fusion.engine - 		212	|	2	|	0.02%
[INFO ] PyDI.fusion.engine - 		213	|	1	|	0.01%
[INFO ] PyDI.fusion.engine - 		215	|	1	|	0.01%
[INFO ] PyDI.fusion.engine - 		216	|	1	|	0.01%
[INFO ] PyDI.fusion.engine - 		220	|	2	|	0.02%
[INFO ] PyDI.fusion.engine - 		221	|	1	|	0.01%
[INFO ] PyDI.fusion.engine - 		224	|	1	|	0.01%
[INFO ] PyDI.fusion.engine - 		225	|	1	|	0.01%
[INFO ] PyDI.fusion.engine - 		229	|	1	|	0.01%
[INFO ] PyDI.fusion.engine - 		232	|	2	|	0.02%
[INFO ] PyDI.fusion.engine - 		235	|	3	|	0.02%
[INFO ] PyDI.fusion.engine - 		237	|	2	|	0.02%
[INFO ] PyDI.fusion.engine - 		238	|	1	|	0.01%
[INFO ] PyDI.fusion.engine - 		239	|	3	|	0.02%
[INFO ] PyDI.fusion.engine - 		247	|	1	|	0.01%
[INFO ] PyDI.fusion.engine - 		251	|	1	|	0.01%
[INFO ] PyDI.fusion.engine - 		252	|	1	|	0.01%
[INFO ] PyDI.fusion.engine - 		254	|	1	|	0.01%
[INFO ] PyDI.fusion.engine - 		256	|	1	|	0.01%
[INFO ] PyDI.fusion.engine - 		259	|	1	|	0.01%
[INFO ] PyDI.fusion.engine - 		261	|	1	|	0.01%
[INFO ] PyDI.fusion.engine - 		265	|	1	|	0.01%
[INFO ] PyDI.fusion.engine - 		267	|	4	|	0.03%
[INFO ] PyDI.fusion.engine - 		269	|	1	|	0.01%
[INFO ] PyDI.fusion.engine - 		271	|	2	|	0.02%
[INFO ] PyDI.fusion.engine - 		274	|	1	|	0.01%
[INFO ] PyDI.fusion.engine - 		276	|	1	|	0.01%
[INFO ] PyDI.fusion.engine - 		284	|	1	|	0.01%
[INFO ] PyDI.fusion.engine - 		297	|	1	|	0.01%
[INFO ] PyDI.fusion.engine - 		299	|	1	|	0.01%
[INFO ] PyDI.fusion.engine - 		306	|	1	|	0.01%
[INFO ] PyDI.fusion.engine - 		307	|	2	|	0.02%
[INFO ] PyDI.fusion.engine - 		314	|	2	|	0.02%
[INFO ] PyDI.fusion.engine - 		317	|	1	|	0.01%
[INFO ] PyDI.fusion.engine - 		319	|	2	|	0.02%
[INFO ] PyDI.fusion.engine - 		321	|	1	|	0.01%
[INFO ] PyDI.fusion.engine - 		324	|	1	|	0.01%
[INFO ] PyDI.fusion.engine - 		325	|	1	|	0.01%
[INFO ] PyDI.fusion.engine - 		327	|	1	|	0.01%
[INFO ] PyDI.fusion.engine - 		328	|	1	|	0.01%
[INFO ] PyDI.fusion.engine - 		333	|	1	|	0.01%
[INFO ] PyDI.fusion.engine - 		339	|	1	|	0.01%
[INFO ] PyDI.fusion.engine - 		342	|	1	|	0.01%
[INFO ] PyDI.fusion.engine - 		351	|	1	|	0.01%
[INFO ] PyDI.fusion.engine - 		352	|	1	|	0.01%
[INFO ] PyDI.fusion.engine - 		356	|	3	|	0.02%
[INFO ] PyDI.fusion.engine - 		363	|	1	|	0.01%
[INFO ] PyDI.fusion.engine - 		371	|	1	|	0.01%
[INFO ] PyDI.fusion.engine - 		375	|	2	|	0.02%
[INFO ] PyDI.fusion.engine - 		381	|	1	|	0.01%
[INFO ] PyDI.fusion.engine - 		389	|	1	|	0.01%
[INFO ] PyDI.fusion.engine - 		390	|	1	|	0.01%
[INFO ] PyDI.fusion.engine - 		393	|	1	|	0.01%
[INFO ] PyDI.fusion.engine - 		394	|	1	|	0.01%
[INFO ] PyDI.fusion.engine - 		398	|	1	|	0.01%
[INFO ] PyDI.fusion.engine - 		401	|	1	|	0.01%
[INFO ] PyDI.fusion.engine - 		409	|	1	|	0.01%
[INFO ] PyDI.fusion.engine - 		412	|	1	|	0.01%
[INFO ] PyDI.fusion.engine - 		427	|	2	|	0.02%
[INFO ] PyDI.fusion.engine - 		435	|	2	|	0.02%
[INFO ] PyDI.fusion.engine - 		443	|	1	|	0.01%
[INFO ] PyDI.fusion.engine - 		446	|	1	|	0.01%
[INFO ] PyDI.fusion.engine - 		449	|	1	|	0.01%
[INFO ] PyDI.fusion.engine - 		461	|	2	|	0.02%
[INFO ] PyDI.fusion.engine - 		467	|	1	|	0.01%
[INFO ] PyDI.fusion.engine - 		470	|	1	|	0.01%
[INFO ] PyDI.fusion.engine - 		472	|	1	|	0.01%
[INFO ] PyDI.fusion.engine - 		477	|	1	|	0.01%
[INFO ] PyDI.fusion.engine - 		481	|	2	|	0.02%
[INFO ] PyDI.fusion.engine - 		500	|	1	|	0.01%
[INFO ] PyDI.fusion.engine - 		503	|	2	|	0.02%
[INFO ] PyDI.fusion.engine - 		505	|	1	|	0.01%
[INFO ] PyDI.fusion.engine - 		507	|	2	|	0.02%
[INFO ] PyDI.fusion.engine - 		508	|	1	|	0.01%
[INFO ] PyDI.fusion.engine - 		516	|	1	|	0.01%
[INFO ] PyDI.fusion.engine - 		522	|	1	|	0.01%
[INFO ] PyDI.fusion.engine - 		523	|	1	|	0.01%
[INFO ] PyDI.fusion.engine - 		525	|	1	|	0.01%
[INFO ] PyDI.fusion.engine - 		530	|	1	|	0.01%
[INFO ] PyDI.fusion.engine - 		542	|	1	|	0.01%
[INFO ] PyDI.fusion.engine - 		544	|	1	|	0.01%
[INFO ] PyDI.fusion.engine - 		546	|	1	|	0.01%
[INFO ] PyDI.fusion.engine - 		548	|	1	|	0.01%
[INFO ] PyDI.fusion.engine - 		576	|	1	|	0.01%
[INFO ] PyDI.fusion.engine - 		590	|	1	|	0.01%
[INFO ] PyDI.fusion.engine - 		607	|	1	|	0.01%
[INFO ] PyDI.fusion.engine - 		631	|	1	|	0.01%
[INFO ] PyDI.fusion.engine - 		645	|	1	|	0.01%
[INFO ] PyDI.fusion.engine - 		649	|	1	|	0.01%
[INFO ] PyDI.fusion.engine - 		654	|	1	|	0.01%
[INFO ] PyDI.fusion.engine - 		657	|	1	|	0.01%
[INFO ] PyDI.fusion.engine - 		661	|	1	|	0.01%
[INFO ] PyDI.fusion.engine - 		663	|	1	|	0.01%
[INFO ] PyDI.fusion.engine - 		664	|	2	|	0.02%
[INFO ] PyDI.fusion.engine - 		669	|	1	|	0.01%
[INFO ] PyDI.fusion.engine - 		671	|	1	|	0.01%
[INFO ] PyDI.fusion.engine - 		691	|	1	|	0.01%
[INFO ] PyDI.fusion.engine - 		705	|	2	|	0.02%
[INFO ] PyDI.fusion.engine - 		706	|	1	|	0.01%
[INFO ] PyDI.fusion.engine - 		707	|	1	|	0.01%
[INFO ] PyDI.fusion.engine - 		716	|	1	|	0.01%
[INFO ] PyDI.fusion.engine - 		727	|	1	|	0.01%
[INFO ] PyDI.fusion.engine - 		741	|	1	|	0.01%
[INFO ] PyDI.fusion.engine - 		743	|	1	|	0.01%
[INFO ] PyDI.fusion.engine - 		750	|	1	|	0.01%
[INFO ] PyDI.fusion.engine - 		783	|	1	|	0.01%
[INFO ] PyDI.fusion.engine - 		785	|	1	|	0.01%
[INFO ] PyDI.fusion.engine - 		787	|	1	|	0.01%
[INFO ] PyDI.fusion.engine - 		790	|	1	|	0.01%
[INFO ] PyDI.fusion.engine - 		792	|	1	|	0.01%
[INFO ] PyDI.fusion.engine - 		800	|	2	|	0.02%
[INFO ] PyDI.fusion.engine - 		802	|	2	|	0.02%
[INFO ] PyDI.fusion.engine - 		807	|	1	|	0.01%
[INFO ] PyDI.fusion.engine - 		812	|	1	|	0.01%
[INFO ] PyDI.fusion.engine - 		845	|	1	|	0.01%
[INFO ] PyDI.fusion.engine - 		855	|	1	|	0.01%
[INFO ] PyDI.fusion.engine - 		868	|	1	|	0.01%
[INFO ] PyDI.fusion.engine - 		869	|	1	|	0.01%
[INFO ] PyDI.fusion.engine - 		887	|	1	|	0.01%
[INFO ] PyDI.fusion.engine - 		929	|	1	|	0.01%
[INFO ] PyDI.fusion.engine - 		948	|	1	|	0.01%
[INFO ] PyDI.fusion.engine - 		957	|	1	|	0.01%
[INFO ] PyDI.fusion.engine - 		969	|	1	|	0.01%
[INFO ] PyDI.fusion.engine - 		1017	|	1	|	0.01%
[INFO ] PyDI.fusion.engine - 		1040	|	1	|	0.01%
[INFO ] PyDI.fusion.engine - 		1111	|	1	|	0.01%
[INFO ] PyDI.fusion.engine - 		1132	|	1	|	0.01%
[INFO ] PyDI.fusion.engine - 		1269	|	1	|	0.01%
[INFO ] PyDI.fusion.engine - 		1302	|	2	|	0.02%
[INFO ] PyDI.fusion.engine - 		1322	|	1	|	0.01%
[INFO ] PyDI.fusion.engine - 		1345	|	1	|	0.01%
[INFO ] PyDI.fusion.engine - 		1516	|	1	|	0.01%
[INFO ] PyDI.fusion.engine - 		1537	|	1	|	0.01%
[INFO ] PyDI.fusion.engine - 		1543	|	1	|	0.01%
[INFO ] PyDI.fusion.engine - 		1807	|	1	|	0.01%
[INFO ] PyDI.fusion.engine - 		1856	|	1	|	0.01%
[INFO ] PyDI.fusion.engine - 		1883	|	1	|	0.01%
[INFO ] PyDI.fusion.engine - 		2166	|	1	|	0.01%
[INFO ] PyDI.fusion.engine - Attribute Consistencies:
[INFO ] PyDI.fusion.engine -     _id: 0.00
[INFO ] PyDI.fusion.engine -     completionist_hour: 0.14
[INFO ] PyDI.fusion.engine -     critic_score: 0.05
[INFO ] PyDI.fusion.engine -     developer: 0.21
[INFO ] PyDI.fusion.engine -     esrb_rating: 0.13
[INFO ] PyDI.fusion.engine -     eu_sales_mil: 0.31
[INFO ] PyDI.fusion.engine -     genres: 0.07
[INFO ] PyDI.fusion.engine -     global_sales_mil: 0.25
[INFO ] PyDI.fusion.engine -     id: 0.00
[INFO ] PyDI.fusion.engine -     jp_sales_mil: 0.36
[INFO ] PyDI.fusion.engine -     main_plus_sides_hour: 0.14
[INFO ] PyDI.fusion.engine -     main_story_hour: 0.18
[INFO ] PyDI.fusion.engine -     na_sales_mil: 0.30
[INFO ] PyDI.fusion.engine -     other_sales_mil: 0.31
[INFO ] PyDI.fusion.engine -     platform: 0.05
[INFO ] PyDI.fusion.engine -     publisher: 0.10
[INFO ] PyDI.fusion.engine -     release_year: 0.09
[INFO ] PyDI.fusion.engine -     title: 0.08
[INFO ] PyDI.fusion.engine -     user_score: 0.06
[INFO ] PyDI.fusion.engine - *    Running data fusion    *
[INFO ] PyDI.fusion.engine - Fusion complete: 529 records from 529 groups
[INFO ] PyDI.fusion.engine - Fusion time: 40.59 seconds
[INFO ] PyDI.fusion.engine - DataSet density: 0.93
[INFO ] PyDI.fusion.engine - Attributes densities:
[INFO ] PyDI.fusion.engine -     _id: 1.00
[INFO ] PyDI.fusion.engine -     completionist_hour: 0.88
[INFO ] PyDI.fusion.engine -     critic_score: 0.71
[INFO ] PyDI.fusion.engine -     developer: 0.98
[INFO ] PyDI.fusion.engine -     esrb_rating: 0.71
[INFO ] PyDI.fusion.engine -     eu_sales_mil: 0.98
[INFO ] PyDI.fusion.engine -     genres: 1.00
[INFO ] PyDI.fusion.engine -     global_sales_mil: 0.98
[INFO ] PyDI.fusion.engine -     id: 1.00
[INFO ] PyDI.fusion.engine -     jp_sales_mil: 0.98
[INFO ] PyDI.fusion.engine -     main_plus_sides_hour: 0.90
[INFO ] PyDI.fusion.engine -     main_story_hour: 0.96
[INFO ] PyDI.fusion.engine -     na_sales_mil: 0.98
[INFO ] PyDI.fusion.engine -     other_sales_mil: 0.98
[INFO ] PyDI.fusion.engine -     platform: 1.00
[INFO ] PyDI.fusion.engine -     publisher: 1.00
[INFO ] PyDI.fusion.engine -     release_year: 1.00
[INFO ] PyDI.fusion.engine -     title: 1.00
[INFO ] PyDI.fusion.engine -     user_score: 0.71
[INFO ] root - Label distribution: 375 positive, 420 negative
[INFO ] root - Label distribution: 378 positive, 418 negative
[INFO ] PyDI.entitymatching.ml_based.MLBasedMatcher - Starting Entity Matching
[INFO ] PyDI.entitymatching.ml_based.MLBasedMatcher - Blocking 97231 x 14666 elements
[INFO ] PyDI.entitymatching.ml_based.MLBasedMatcher - Matching 97231 x 14666 elements after 0:00:0.519; 473866 blocked pairs (reduction ratio: 0.9996676932859451)
[INFO ] PyDI.entitymatching.ml_based.MLBasedMatcher - Entity Matching finished after 0:00:116.500; found 92177 correspondences.
[INFO ] PyDI.entitymatching.ml_based.MLBasedMatcher - Starting Entity Matching
[INFO ] PyDI.entitymatching.ml_based.MLBasedMatcher - Blocking 97231 x 16598 elements
[INFO ] PyDI.entitymatching.ml_based.MLBasedMatcher - Matching 97231 x 16598 elements after 0:00:0.230; 498960 blocked pairs (reduction ratio: 0.999690824395644)
[INFO ] PyDI.entitymatching.ml_based.MLBasedMatcher - Entity Matching finished after 0:00:104.537; found 186259 correspondences.
[INFO ] root - Confusion Matrix:
[INFO ] root -   True Positives:  92
[INFO ] root -   True Negatives:  105
[INFO ] root -   False Positives: 0
[INFO ] root -   False Negatives: 2
[INFO ] root - Performance Metrics:
[INFO ] root -   Accuracy:  0.990
[INFO ] root -   Precision: 1.000
[INFO ] root -   Recall:    0.979
[INFO ] root -   F1-Score:  0.989
[INFO ] root - Confusion Matrix:
[INFO ] root -   True Positives:  82
[INFO ] root -   True Negatives:  104
[INFO ] root -   False Positives: 0
[INFO ] root -   False Negatives: 13
[INFO ] root - Performance Metrics:
[INFO ] root -   Accuracy:  0.935
[INFO ] root -   Precision: 1.000
[INFO ] root -   Recall:    0.863
[INFO ] root -   F1-Score:  0.927
[INFO ] PyDI.fusion.strategy - Registered fuser for attribute 'title' using rule 'longest_string'
[INFO ] PyDI.fusion.strategy - Registered fuser for attribute 'developer' using rule 'prefer_higher_trust'
[INFO ] PyDI.fusion.strategy - Registered fuser for attribute 'publisher' using rule 'prefer_higher_trust'
[INFO ] PyDI.fusion.strategy - Registered fuser for attribute 'release_year' using rule 'prefer_higher_trust'
[INFO ] PyDI.fusion.strategy - Registered fuser for attribute 'platform' using rule 'voting'
[INFO ] PyDI.fusion.strategy - Registered fuser for attribute 'genres' using rule 'union'
[INFO ] PyDI.fusion.engine - Fusion debug logging enabled; refer to output/data_fusion/debug_fusion_ml_standard_blocker.jsonl for detailed traces.
[INFO ] PyDI.fusion.engine - Starting data fusion with strategy 'video_games_fusion_strategy'
[INFO ] PyDI.fusion.engine - *    Loading correspondences    *
[INFO ] PyDI.fusion.engine - Correspondence ID coverage: matched 75468 of 75468 unique IDs
[INFO ] PyDI.fusion.engine - Created 58746 record groups from 278436 correspondences
[INFO ] PyDI.fusion.engine - Group Size Distribution of 58746 clusters:
[INFO ] PyDI.fusion.engine - 	Cluster Size	| Frequency	| Percentage
[INFO ] PyDI.fusion.engine - 	──────────────────────────────────────────────────
[INFO ] PyDI.fusion.engine - 		2	|	1117	|	1.90%
[INFO ] PyDI.fusion.engine - 		3	|	691	|	1.18%
[INFO ] PyDI.fusion.engine - 		4	|	593	|	1.01%
[INFO ] PyDI.fusion.engine - 		5	|	485	|	0.83%
[INFO ] PyDI.fusion.engine - 		6	|	387	|	0.66%
[INFO ] PyDI.fusion.engine - 		7	|	281	|	0.48%
[INFO ] PyDI.fusion.engine - 		8	|	273	|	0.46%
[INFO ] PyDI.fusion.engine - 		9	|	193	|	0.33%
[INFO ] PyDI.fusion.engine - 		10	|	161	|	0.27%
[INFO ] PyDI.fusion.engine - 		11	|	118	|	0.20%
[INFO ] PyDI.fusion.engine - 		12	|	102	|	0.17%
[INFO ] PyDI.fusion.engine - 		13	|	90	|	0.15%
[INFO ] PyDI.fusion.engine - 		14	|	87	|	0.15%
[INFO ] PyDI.fusion.engine - 		15	|	70	|	0.12%
[INFO ] PyDI.fusion.engine - 		16	|	56	|	0.10%
[INFO ] PyDI.fusion.engine - 		17	|	54	|	0.09%
[INFO ] PyDI.fusion.engine - 		18	|	49	|	0.08%
[INFO ] PyDI.fusion.engine - 		19	|	58	|	0.10%
[INFO ] PyDI.fusion.engine - 		20	|	33	|	0.06%
[INFO ] PyDI.fusion.engine - 		21	|	37	|	0.06%
[INFO ] PyDI.fusion.engine - 		22	|	44	|	0.07%
[INFO ] PyDI.fusion.engine - 		23	|	36	|	0.06%
[INFO ] PyDI.fusion.engine - 		24	|	24	|	0.04%
[INFO ] PyDI.fusion.engine - 		25	|	40	|	0.07%
[INFO ] PyDI.fusion.engine - 		26	|	10	|	0.02%
[INFO ] PyDI.fusion.engine - 		27	|	34	|	0.06%
[INFO ] PyDI.fusion.engine - 		28	|	20	|	0.03%
[INFO ] PyDI.fusion.engine - 		29	|	27	|	0.05%
[INFO ] PyDI.fusion.engine - 		30	|	20	|	0.03%
[INFO ] PyDI.fusion.engine - 		31	|	17	|	0.03%
[INFO ] PyDI.fusion.engine - 		32	|	18	|	0.03%
[INFO ] PyDI.fusion.engine - 		33	|	20	|	0.03%
[INFO ] PyDI.fusion.engine - 		34	|	22	|	0.04%
[INFO ] PyDI.fusion.engine - 		35	|	22	|	0.04%
[INFO ] PyDI.fusion.engine - 		36	|	14	|	0.02%
[INFO ] PyDI.fusion.engine - 		37	|	19	|	0.03%
[INFO ] PyDI.fusion.engine - 		38	|	11	|	0.02%
[INFO ] PyDI.fusion.engine - 		39	|	15	|	0.03%
[INFO ] PyDI.fusion.engine - 		40	|	18	|	0.03%
[INFO ] PyDI.fusion.engine - 		41	|	7	|	0.01%
[INFO ] PyDI.fusion.engine - 		42	|	6	|	0.01%
[INFO ] PyDI.fusion.engine - 		43	|	12	|	0.02%
[INFO ] PyDI.fusion.engine - 		44	|	12	|	0.02%
[INFO ] PyDI.fusion.engine - 		45	|	11	|	0.02%
[INFO ] PyDI.fusion.engine - 		46	|	12	|	0.02%
[INFO ] PyDI.fusion.engine - 		47	|	2	|	0.00%
[INFO ] PyDI.fusion.engine - 		48	|	11	|	0.02%
[INFO ] PyDI.fusion.engine - 		49	|	7	|	0.01%
[INFO ] PyDI.fusion.engine - 		50	|	4	|	0.01%
[INFO ] PyDI.fusion.engine - 		51	|	7	|	0.01%
[INFO ] PyDI.fusion.engine - 		52	|	4	|	0.01%
[INFO ] PyDI.fusion.engine - 		53	|	4	|	0.01%
[INFO ] PyDI.fusion.engine - 		54	|	7	|	0.01%
[INFO ] PyDI.fusion.engine - 		55	|	6	|	0.01%
[INFO ] PyDI.fusion.engine - 		56	|	8	|	0.01%
[INFO ] PyDI.fusion.engine - 		57	|	6	|	0.01%
[INFO ] PyDI.fusion.engine - 		58	|	6	|	0.01%
[INFO ] PyDI.fusion.engine - 		59	|	9	|	0.02%
[INFO ] PyDI.fusion.engine - 		60	|	6	|	0.01%
[INFO ] PyDI.fusion.engine - 		61	|	3	|	0.01%
[INFO ] PyDI.fusion.engine - 		62	|	5	|	0.01%
[INFO ] PyDI.fusion.engine - 		63	|	4	|	0.01%
[INFO ] PyDI.fusion.engine - 		64	|	1	|	0.00%
[INFO ] PyDI.fusion.engine - 		65	|	6	|	0.01%
[INFO ] PyDI.fusion.engine - 		66	|	6	|	0.01%
[INFO ] PyDI.fusion.engine - 		67	|	6	|	0.01%
[INFO ] PyDI.fusion.engine - 		68	|	7	|	0.01%
[INFO ] PyDI.fusion.engine - 		69	|	3	|	0.01%
[INFO ] PyDI.fusion.engine - 		70	|	1	|	0.00%
[INFO ] PyDI.fusion.engine - 		71	|	4	|	0.01%
[INFO ] PyDI.fusion.engine - 		72	|	4	|	0.01%
[INFO ] PyDI.fusion.engine - 		73	|	1	|	0.00%
[INFO ] PyDI.fusion.engine - 		74	|	2	|	0.00%
[INFO ] PyDI.fusion.engine - 		75	|	7	|	0.01%
[INFO ] PyDI.fusion.engine - 		76	|	3	|	0.01%
[INFO ] PyDI.fusion.engine - 		78	|	2	|	0.00%
[INFO ] PyDI.fusion.engine - 		79	|	1	|	0.00%
[INFO ] PyDI.fusion.engine - 		80	|	4	|	0.01%
[INFO ] PyDI.fusion.engine - 		82	|	3	|	0.01%
[INFO ] PyDI.fusion.engine - 		83	|	3	|	0.01%
[INFO ] PyDI.fusion.engine - 		84	|	1	|	0.00%
[INFO ] PyDI.fusion.engine - 		85	|	1	|	0.00%
[INFO ] PyDI.fusion.engine - 		86	|	1	|	0.00%
[INFO ] PyDI.fusion.engine - 		87	|	3	|	0.01%
[INFO ] PyDI.fusion.engine - 		88	|	4	|	0.01%
[INFO ] PyDI.fusion.engine - 		89	|	2	|	0.00%
[INFO ] PyDI.fusion.engine - 		90	|	1	|	0.00%
[INFO ] PyDI.fusion.engine - 		91	|	5	|	0.01%
[INFO ] PyDI.fusion.engine - 		92	|	4	|	0.01%
[INFO ] PyDI.fusion.engine - 		93	|	4	|	0.01%
[INFO ] PyDI.fusion.engine - 		94	|	1	|	0.00%
[INFO ] PyDI.fusion.engine - 		95	|	4	|	0.01%
[INFO ] PyDI.fusion.engine - 		98	|	1	|	0.00%
[INFO ] PyDI.fusion.engine - 		99	|	1	|	0.00%
[INFO ] PyDI.fusion.engine - 		100	|	1	|	0.00%
[INFO ] PyDI.fusion.engine - 		101	|	1	|	0.00%
[INFO ] PyDI.fusion.engine - 		102	|	2	|	0.00%
[INFO ] PyDI.fusion.engine - 		103	|	1	|	0.00%
[INFO ] PyDI.fusion.engine - 		104	|	2	|	0.00%
[INFO ] PyDI.fusion.engine - 		105	|	3	|	0.01%
[INFO ] PyDI.fusion.engine - 		106	|	1	|	0.00%
[INFO ] PyDI.fusion.engine - 		107	|	2	|	0.00%
[INFO ] PyDI.fusion.engine - 		108	|	1	|	0.00%
[INFO ] PyDI.fusion.engine - 		109	|	2	|	0.00%
[INFO ] PyDI.fusion.engine - 		110	|	2	|	0.00%
[INFO ] PyDI.fusion.engine - 		111	|	2	|	0.00%
[INFO ] PyDI.fusion.engine - 		113	|	2	|	0.00%
[INFO ] PyDI.fusion.engine - 		114	|	1	|	0.00%
[INFO ] PyDI.fusion.engine - 		115	|	1	|	0.00%
[INFO ] PyDI.fusion.engine - 		117	|	1	|	0.00%
[INFO ] PyDI.fusion.engine - 		118	|	1	|	0.00%
[INFO ] PyDI.fusion.engine - 		121	|	1	|	0.00%
[INFO ] PyDI.fusion.engine - 		122	|	3	|	0.01%
[INFO ] PyDI.fusion.engine - 		124	|	3	|	0.01%
[INFO ] PyDI.fusion.engine - 		125	|	1	|	0.00%
[INFO ] PyDI.fusion.engine - 		126	|	2	|	0.00%
[INFO ] PyDI.fusion.engine - 		127	|	1	|	0.00%
[INFO ] PyDI.fusion.engine - 		128	|	1	|	0.00%
[INFO ] PyDI.fusion.engine - 		130	|	1	|	0.00%
[INFO ] PyDI.fusion.engine - 		131	|	2	|	0.00%
[INFO ] PyDI.fusion.engine - 		133	|	3	|	0.01%
[INFO ] PyDI.fusion.engine - 		139	|	1	|	0.00%
[INFO ] PyDI.fusion.engine - 		141	|	3	|	0.01%
[INFO ] PyDI.fusion.engine - 		143	|	1	|	0.00%
[INFO ] PyDI.fusion.engine - 		144	|	2	|	0.00%
[INFO ] PyDI.fusion.engine - 		146	|	1	|	0.00%
[INFO ] PyDI.fusion.engine - 		148	|	1	|	0.00%
[INFO ] PyDI.fusion.engine - 		152	|	2	|	0.00%
[INFO ] PyDI.fusion.engine - 		153	|	1	|	0.00%
[INFO ] PyDI.fusion.engine - 		156	|	1	|	0.00%
[INFO ] PyDI.fusion.engine - 		157	|	1	|	0.00%
[INFO ] PyDI.fusion.engine - 		163	|	2	|	0.00%
[INFO ] PyDI.fusion.engine - 		165	|	2	|	0.00%
[INFO ] PyDI.fusion.engine - 		173	|	2	|	0.00%
[INFO ] PyDI.fusion.engine - 		174	|	1	|	0.00%
[INFO ] PyDI.fusion.engine - 		178	|	3	|	0.01%
[INFO ] PyDI.fusion.engine - 		179	|	1	|	0.00%
[INFO ] PyDI.fusion.engine - 		180	|	1	|	0.00%
[INFO ] PyDI.fusion.engine - 		183	|	1	|	0.00%
[INFO ] PyDI.fusion.engine - 		184	|	1	|	0.00%
[INFO ] PyDI.fusion.engine - 		185	|	1	|	0.00%
[INFO ] PyDI.fusion.engine - 		189	|	1	|	0.00%
[INFO ] PyDI.fusion.engine - 		200	|	1	|	0.00%
[INFO ] PyDI.fusion.engine - 		207	|	1	|	0.00%
[INFO ] PyDI.fusion.engine - 		212	|	1	|	0.00%
[INFO ] PyDI.fusion.engine - 		229	|	1	|	0.00%
[INFO ] PyDI.fusion.engine - 		233	|	1	|	0.00%
[INFO ] PyDI.fusion.engine - 		239	|	1	|	0.00%
[INFO ] PyDI.fusion.engine - 		247	|	1	|	0.00%
[INFO ] PyDI.fusion.engine - 		250	|	1	|	0.00%
[INFO ] PyDI.fusion.engine - 		292	|	1	|	0.00%
[INFO ] PyDI.fusion.engine - 		293	|	1	|	0.00%
[INFO ] PyDI.fusion.engine - 		296	|	1	|	0.00%
[INFO ] PyDI.fusion.engine - 		305	|	2	|	0.00%
[INFO ] PyDI.fusion.engine - 		306	|	1	|	0.00%
[INFO ] PyDI.fusion.engine - 		322	|	2	|	0.00%
[INFO ] PyDI.fusion.engine - 		327	|	1	|	0.00%
[INFO ] PyDI.fusion.engine - 		344	|	1	|	0.00%
[INFO ] PyDI.fusion.engine - 		353	|	1	|	0.00%
[INFO ] PyDI.fusion.engine - 		361	|	1	|	0.00%
[INFO ] PyDI.fusion.engine - 		375	|	1	|	0.00%
[INFO ] PyDI.fusion.engine - 		491	|	1	|	0.00%
[INFO ] PyDI.fusion.engine - 		521	|	1	|	0.00%
[INFO ] PyDI.fusion.engine - Attribute Consistencies:
[INFO ] PyDI.fusion.engine -     _id: 0.00
[INFO ] PyDI.fusion.engine -     completionist_hour: 0.60
[INFO ] PyDI.fusion.engine -     critic_score: 0.54
[INFO ] PyDI.fusion.engine -     developer: 0.31
[INFO ] PyDI.fusion.engine -     esrb_rating: 0.86
[INFO ] PyDI.fusion.engine -     eu_sales_mil: 0.52
[INFO ] PyDI.fusion.engine -     genres: 0.07
[INFO ] PyDI.fusion.engine -     global_sales_mil: 0.44
[INFO ] PyDI.fusion.engine -     id: 0.00
[INFO ] PyDI.fusion.engine -     jp_sales_mil: 0.71
[INFO ] PyDI.fusion.engine -     main_plus_sides_hour: 0.61
[INFO ] PyDI.fusion.engine -     main_story_hour: 0.58
[INFO ] PyDI.fusion.engine -     na_sales_mil: 0.50
[INFO ] PyDI.fusion.engine -     other_sales_mil: 0.53
[INFO ] PyDI.fusion.engine -     platform: 0.17
[INFO ] PyDI.fusion.engine -     publisher: 0.51
[INFO ] PyDI.fusion.engine -     release_year: 0.40
[INFO ] PyDI.fusion.engine -     title: 0.42
[INFO ] PyDI.fusion.engine -     user_score: 0.53
[INFO ] PyDI.fusion.engine - *    Running data fusion    *
[INFO ] PyDI.fusion.engine - Fusion complete: 5719 records from 5719 groups
[INFO ] PyDI.fusion.engine - Fusion time: 34.68 seconds
[INFO ] PyDI.fusion.engine - DataSet density: 0.81
[INFO ] PyDI.fusion.engine - Attributes densities:
[INFO ] PyDI.fusion.engine -     _id: 1.00
[INFO ] PyDI.fusion.engine -     completionist_hour: 0.80
[INFO ] PyDI.fusion.engine -     critic_score: 0.74
[INFO ] PyDI.fusion.engine -     developer: 0.98
[INFO ] PyDI.fusion.engine -     esrb_rating: 0.61
[INFO ] PyDI.fusion.engine -     eu_sales_mil: 0.56
[INFO ] PyDI.fusion.engine -     genres: 1.00
[INFO ] PyDI.fusion.engine -     global_sales_mil: 0.56
[INFO ] PyDI.fusion.engine -     id: 1.00
[INFO ] PyDI.fusion.engine -     jp_sales_mil: 0.56
[INFO ] PyDI.fusion.engine -     main_plus_sides_hour: 0.82
[INFO ] PyDI.fusion.engine -     main_story_hour: 0.96
[INFO ] PyDI.fusion.engine -     na_sales_mil: 0.56
[INFO ] PyDI.fusion.engine -     other_sales_mil: 0.56
[INFO ] PyDI.fusion.engine -     platform: 1.00
[INFO ] PyDI.fusion.engine -     publisher: 0.95
[INFO ] PyDI.fusion.engine -     release_year: 1.00
[INFO ] PyDI.fusion.engine -     title: 1.00
[INFO ] PyDI.fusion.engine -     user_score: 0.70
[INFO ] PyDI.fusion.analysis - Analyzed 18 attributes across 3 datasets
[INFO ] PyDI.fusion.analysis - Analyzed 18 attributes across 3 datasets
[INFO ] PyDI.fusion.analysis - Analyzed 18 attributes across 3 datasets
[INFO ] PyDI.entitymatching.blocking.standard.StandardBlocker - created 42047 blocking keys for first dataset
[INFO ] PyDI.entitymatching.blocking.standard.StandardBlocker - created 10405 blocking keys for second dataset
[INFO ] PyDI.entitymatching.blocking.standard.StandardBlocker - created 1442 blocks from blocking keys
[INFO ] PyDI.entitymatching.blocking.standard.StandardBlocker - Debug results written to file: /Users/onurcanmemis/Desktop/web-data-integration-team-project/output/blocking_evaluation/debugResultsBlocking_StandardBlocker.csv
[INFO ] PyDI.entitymatching.blocking.sorted_neighbourhood.SortedNeighbourhoodBlocker - created sorted neighbourhood with window size 20
[INFO ] PyDI.entitymatching.blocking.sorted_neighbourhood.SortedNeighbourhoodBlocker - created 1 sorted sequence from 99127 records
[INFO ] PyDI.entitymatching.blocking.sorted_neighbourhood.SortedNeighbourhoodBlocker - Debug results written to file: /Users/onurcanmemis/Desktop/web-data-integration-team-project/output/blocking_evaluation/debugResultsBlocking_SortedNeighbourhoodBlocker.csv
[INFO ] PyDI.entitymatching.blocking.token_blocking.TokenBlocker - created 13790 token keys for first dataset
[INFO ] PyDI.entitymatching.blocking.token_blocking.TokenBlocker - created 8724 token keys for second dataset
[INFO ] PyDI.entitymatching.blocking.token_blocking.TokenBlocker - created 8309 blocks from token keys
[INFO ] PyDI.entitymatching.blocking.token_blocking.TokenBlocker - Debug results written to file: /Users/onurcanmemis/Desktop/web-data-integration-team-project/output/blocking_evaluation/debugResultsBlocking_TokenBlocker.csv
[INFO ] PyDI.entitymatching.blocking.embedding.EmbeddingBlocker - Initialized EmbeddingBlocker with sklearn backend, top_k=10, threshold=0.3
[INFO ] sentence_transformers.SentenceTransformer - Use pytorch device_name: mps
[INFO ] sentence_transformers.SentenceTransformer - Load pretrained SentenceTransformer: sentence-transformers/all-MiniLM-L6-v2
[INFO ] PyDI.entitymatching.blocking.embedding.EmbeddingBlocker - Loaded sentence transformer model: sentence-transformers/all-MiniLM-L6-v2
[INFO ] PyDI.entitymatching.blocking.embedding.EmbeddingBlocker - created 384d embeddings for first dataset
[INFO ] PyDI.entitymatching.blocking.embedding.EmbeddingBlocker - created 384d embeddings for second dataset
[INFO ] PyDI.entitymatching.blocking.embedding.EmbeddingBlocker - created similarity index with 14666 vectors, metric=cosine
[INFO ] PyDI.entitymatching.blocking.embedding.EmbeddingBlocker - Debug results written to file: /Users/onurcanmemis/Desktop/web-data-integration-team-project/output/blocking_evaluation/debugResultsBlocking_EmbeddingBlocker.csv
[INFO ] root -   Pair Completeness: 0.000
[INFO ] root -   Pair Quality:      0.000
[INFO ] root -   Reduction Ratio:   1.000
[INFO ] root -   True Matches Found: 0/94
[INFO ] root - Blocking evaluation complete!
[INFO ] root -   Pair Completeness: 0.000
[INFO ] root -   Pair Quality:      0.000
[INFO ] root -   Reduction Ratio:   1.000
[INFO ] root -   True Matches Found: 0/94
[INFO ] root - Blocking evaluation complete!
[INFO ] root -   Pair Completeness: 0.000
[INFO ] root -   Pair Quality:      0.000
[INFO ] root -   Reduction Ratio:   0.999
[INFO ] root -   True Matches Found: 0/94
[INFO ] root - Blocking evaluation complete!
[INFO ] PyDI.fusion.analysis - Analyzed 18 attributes across 3 datasets
[INFO ] root -   Pair Completeness: 0.000
[INFO ] root -   Pair Quality:      0.000
[INFO ] root -   Reduction Ratio:   1.000
[INFO ] root -   True Matches Found: 0/375
[INFO ] root - Blocking evaluation complete!
[INFO ] root -   Pair Completeness: 0.000
[INFO ] root -   Pair Quality:      0.000
[INFO ] root -   Reduction Ratio:   1.000
[INFO ] root -   True Matches Found: 0/375
[INFO ] root - Blocking evaluation complete!
[INFO ] root -   Pair Completeness: 0.000
[INFO ] root -   Pair Quality:      0.000
[INFO ] root -   Reduction Ratio:   0.999
[INFO ] root -   True Matches Found: 0/375
[INFO ] root - Blocking evaluation complete!
[INFO ] PyDI.fusion.analysis - Analyzed 18 attributes across 3 datasets
[INFO ] PyDI.entitymatching.blocking.standard.StandardBlocker - created 42047 blocking keys for first dataset
[INFO ] PyDI.entitymatching.blocking.standard.StandardBlocker - created 10405 blocking keys for second dataset
[INFO ] PyDI.entitymatching.blocking.standard.StandardBlocker - created 1442 blocks from blocking keys
[INFO ] PyDI.entitymatching.blocking.standard.StandardBlocker - Debug results written to file: /Users/onurcanmemis/Desktop/web-data-integration-team-project/output/blocking_evaluation/debugResultsBlocking_StandardBlocker.csv
[INFO ] PyDI.entitymatching.blocking.sorted_neighbourhood.SortedNeighbourhoodBlocker - created sorted neighbourhood with window size 20
[INFO ] PyDI.entitymatching.blocking.sorted_neighbourhood.SortedNeighbourhoodBlocker - created 1 sorted sequence from 99127 records
[INFO ] PyDI.entitymatching.blocking.sorted_neighbourhood.SortedNeighbourhoodBlocker - Debug results written to file: /Users/onurcanmemis/Desktop/web-data-integration-team-project/output/blocking_evaluation/debugResultsBlocking_SortedNeighbourhoodBlocker.csv
[INFO ] PyDI.entitymatching.blocking.token_blocking.TokenBlocker - created 13790 token keys for first dataset
[INFO ] PyDI.entitymatching.blocking.token_blocking.TokenBlocker - created 8724 token keys for second dataset
[INFO ] PyDI.entitymatching.blocking.token_blocking.TokenBlocker - created 8309 blocks from token keys
[INFO ] PyDI.entitymatching.blocking.token_blocking.TokenBlocker - Debug results written to file: /Users/onurcanmemis/Desktop/web-data-integration-team-project/output/blocking_evaluation/debugResultsBlocking_TokenBlocker.csv
[INFO ] PyDI.entitymatching.blocking.embedding.EmbeddingBlocker - Initialized EmbeddingBlocker with sklearn backend, top_k=10, threshold=0.3
[INFO ] sentence_transformers.SentenceTransformer - Use pytorch device_name: mps
[INFO ] sentence_transformers.SentenceTransformer - Load pretrained SentenceTransformer: sentence-transformers/all-MiniLM-L6-v2
[INFO ] PyDI.entitymatching.blocking.embedding.EmbeddingBlocker - Loaded sentence transformer model: sentence-transformers/all-MiniLM-L6-v2
[INFO ] PyDI.entitymatching.blocking.embedding.EmbeddingBlocker - created 384d embeddings for first dataset
[INFO ] PyDI.entitymatching.blocking.embedding.EmbeddingBlocker - created 384d embeddings for second dataset
[INFO ] PyDI.entitymatching.blocking.embedding.EmbeddingBlocker - created similarity index with 14666 vectors, metric=cosine
[INFO ] PyDI.entitymatching.blocking.embedding.EmbeddingBlocker - Debug results written to file: /Users/onurcanmemis/Desktop/web-data-integration-team-project/output/blocking_evaluation/debugResultsBlocking_EmbeddingBlocker.csv
[INFO ] PyDI.entitymatching.blocking.standard.StandardBlocker - created 42048 blocking keys for first dataset
[INFO ] PyDI.entitymatching.blocking.standard.StandardBlocker - created 11732 blocking keys for second dataset
[INFO ] PyDI.entitymatching.blocking.standard.StandardBlocker - created 2570 blocks from blocking keys
[INFO ] PyDI.entitymatching.blocking.standard.StandardBlocker - Debug results written to file: /Users/onurcanmemis/Desktop/web-data-integration-team-project/output/blocking_evaluation/debugResultsBlocking_StandardBlocker.csv
[INFO ] PyDI.entitymatching.blocking.sorted_neighbourhood.SortedNeighbourhoodBlocker - created sorted neighbourhood with window size 20
[INFO ] PyDI.entitymatching.blocking.sorted_neighbourhood.SortedNeighbourhoodBlocker - created 1 sorted sequence from 100788 records
[INFO ] PyDI.entitymatching.blocking.sorted_neighbourhood.SortedNeighbourhoodBlocker - Debug results written to file: /Users/onurcanmemis/Desktop/web-data-integration-team-project/output/blocking_evaluation/debugResultsBlocking_SortedNeighbourhoodBlocker.csv
[INFO ] PyDI.entitymatching.blocking.token_blocking.TokenBlocker - created 13790 token keys for first dataset
[INFO ] PyDI.entitymatching.blocking.token_blocking.TokenBlocker - created 10094 token keys for second dataset
[INFO ] PyDI.entitymatching.blocking.token_blocking.TokenBlocker - created 9094 blocks from token keys
[INFO ] PyDI.entitymatching.blocking.token_blocking.TokenBlocker - Debug results written to file: /Users/onurcanmemis/Desktop/web-data-integration-team-project/output/blocking_evaluation/debugResultsBlocking_TokenBlocker.csv
[INFO ] PyDI.entitymatching.blocking.embedding.EmbeddingBlocker - Initialized EmbeddingBlocker with sklearn backend, top_k=10, threshold=0.3
[INFO ] sentence_transformers.SentenceTransformer - Use pytorch device_name: mps
[INFO ] sentence_transformers.SentenceTransformer - Load pretrained SentenceTransformer: sentence-transformers/all-MiniLM-L6-v2
[INFO ] PyDI.entitymatching.blocking.embedding.EmbeddingBlocker - Loaded sentence transformer model: sentence-transformers/all-MiniLM-L6-v2
[INFO ] PyDI.entitymatching.blocking.embedding.EmbeddingBlocker - created 384d embeddings for first dataset
[INFO ] PyDI.entitymatching.blocking.embedding.EmbeddingBlocker - created 384d embeddings for second dataset
[INFO ] PyDI.entitymatching.blocking.embedding.EmbeddingBlocker - created similarity index with 16327 vectors, metric=cosine
[INFO ] PyDI.entitymatching.blocking.embedding.EmbeddingBlocker - Debug results written to file: /Users/onurcanmemis/Desktop/web-data-integration-team-project/output/blocking_evaluation/debugResultsBlocking_EmbeddingBlocker.csv
[INFO ] root -   Pair Completeness: 0.072
[INFO ] root -   Pair Quality:      0.004
[INFO ] root -   Reduction Ratio:   1.000
[INFO ] root -   True Matches Found: 27/375
[INFO ] root - Blocking evaluation complete!
[INFO ] root -   Pair Completeness: 0.992
[INFO ] root -   Pair Quality:      0.001
[INFO ] root -   Reduction Ratio:   1.000
[INFO ] root -   True Matches Found: 372/375
[INFO ] root - Blocking evaluation complete!
[INFO ] root -   Pair Completeness: 0.997
[INFO ] root -   Pair Quality:      0.000
[INFO ] root -   Reduction Ratio:   0.999
[INFO ] root -   True Matches Found: 374/375
[INFO ] root - Blocking evaluation complete!
[INFO ] root -   Pair Completeness: 0.280
[INFO ] root -   Pair Quality:      0.007
[INFO ] root -   Reduction Ratio:   1.000
[INFO ] root -   True Matches Found: 106/378
[INFO ] root - Blocking evaluation complete!
[INFO ] root -   Pair Completeness: 0.857
[INFO ] root -   Pair Quality:      0.001
[INFO ] root -   Reduction Ratio:   1.000
[INFO ] root -   True Matches Found: 324/378
[INFO ] root - Blocking evaluation complete!
[INFO ] root -   Pair Completeness: 0.963
[INFO ] root -   Pair Quality:      0.000
[INFO ] root -   Reduction Ratio:   0.999
[INFO ] root -   True Matches Found: 364/378
[INFO ] root - Blocking evaluation complete!
[INFO ] PyDI.fusion.analysis - Analyzed 18 attributes across 3 datasets
[INFO ] PyDI.entitymatching.blocking.standard.StandardBlocker - created 42047 blocking keys for first dataset
[INFO ] PyDI.entitymatching.blocking.standard.StandardBlocker - created 10405 blocking keys for second dataset
[INFO ] PyDI.entitymatching.blocking.standard.StandardBlocker - created 1442 blocks from blocking keys
[INFO ] PyDI.entitymatching.blocking.standard.StandardBlocker - Debug results written to file: /Users/onurcanmemis/Desktop/web-data-integration-team-project/output/blocking_evaluation/debugResultsBlocking_StandardBlocker.csv
[INFO ] PyDI.entitymatching.blocking.sorted_neighbourhood.SortedNeighbourhoodBlocker - created sorted neighbourhood with window size 20
[INFO ] PyDI.entitymatching.blocking.sorted_neighbourhood.SortedNeighbourhoodBlocker - created 1 sorted sequence from 99127 records
[INFO ] PyDI.entitymatching.blocking.sorted_neighbourhood.SortedNeighbourhoodBlocker - Debug results written to file: /Users/onurcanmemis/Desktop/web-data-integration-team-project/output/blocking_evaluation/debugResultsBlocking_SortedNeighbourhoodBlocker.csv
[INFO ] PyDI.entitymatching.blocking.token_blocking.TokenBlocker - created 13790 token keys for first dataset
[INFO ] PyDI.entitymatching.blocking.token_blocking.TokenBlocker - created 8724 token keys for second dataset
[INFO ] PyDI.entitymatching.blocking.token_blocking.TokenBlocker - created 8309 blocks from token keys
[INFO ] PyDI.entitymatching.blocking.token_blocking.TokenBlocker - Debug results written to file: /Users/onurcanmemis/Desktop/web-data-integration-team-project/output/blocking_evaluation/debugResultsBlocking_TokenBlocker.csv
[INFO ] PyDI.entitymatching.blocking.embedding.EmbeddingBlocker - Initialized EmbeddingBlocker with sklearn backend, top_k=10, threshold=0.3
[INFO ] sentence_transformers.SentenceTransformer - Use pytorch device_name: mps
[INFO ] sentence_transformers.SentenceTransformer - Load pretrained SentenceTransformer: sentence-transformers/all-MiniLM-L6-v2
[INFO ] PyDI.entitymatching.blocking.embedding.EmbeddingBlocker - Loaded sentence transformer model: sentence-transformers/all-MiniLM-L6-v2
[INFO ] PyDI.entitymatching.blocking.standard.StandardBlocker - created 42047 blocking keys for first dataset
[INFO ] PyDI.entitymatching.blocking.standard.StandardBlocker - created 10405 blocking keys for second dataset
[INFO ] PyDI.entitymatching.blocking.standard.StandardBlocker - created 1442 blocks from blocking keys
[INFO ] PyDI.entitymatching.blocking.standard.StandardBlocker - Debug results written to file: /Users/onurcanmemis/Desktop/web-data-integration-team-project/output/blocking_evaluation/debugResultsBlocking_StandardBlocker.csv
[INFO ] PyDI.entitymatching.blocking.sorted_neighbourhood.SortedNeighbourhoodBlocker - created sorted neighbourhood with window size 20
[INFO ] PyDI.entitymatching.blocking.sorted_neighbourhood.SortedNeighbourhoodBlocker - created 1 sorted sequence from 99127 records
[INFO ] PyDI.entitymatching.blocking.sorted_neighbourhood.SortedNeighbourhoodBlocker - Debug results written to file: /Users/onurcanmemis/Desktop/web-data-integration-team-project/output/blocking_evaluation/debugResultsBlocking_SortedNeighbourhoodBlocker.csv
[INFO ] PyDI.entitymatching.blocking.token_blocking.TokenBlocker - created 13790 token keys for first dataset
[INFO ] PyDI.entitymatching.blocking.token_blocking.TokenBlocker - created 8724 token keys for second dataset
[INFO ] PyDI.entitymatching.blocking.token_blocking.TokenBlocker - created 8309 blocks from token keys
[INFO ] PyDI.entitymatching.blocking.token_blocking.TokenBlocker - Debug results written to file: /Users/onurcanmemis/Desktop/web-data-integration-team-project/output/blocking_evaluation/debugResultsBlocking_TokenBlocker.csv
[INFO ] PyDI.fusion.analysis - Analyzed 18 attributes across 3 datasets
[INFO ] PyDI.entitymatching.blocking.standard.StandardBlocker - created 42047 blocking keys for first dataset
[INFO ] PyDI.entitymatching.blocking.standard.StandardBlocker - created 10405 blocking keys for second dataset
[INFO ] PyDI.entitymatching.blocking.standard.StandardBlocker - created 1442 blocks from blocking keys
[INFO ] PyDI.entitymatching.blocking.standard.StandardBlocker - Debug results written to file: /Users/onurcanmemis/Desktop/web-data-integration-team-project/output/blocking_evaluation/debugResultsBlocking_StandardBlocker.csv
[INFO ] PyDI.entitymatching.blocking.sorted_neighbourhood.SortedNeighbourhoodBlocker - created sorted neighbourhood with window size 20
[INFO ] PyDI.entitymatching.blocking.sorted_neighbourhood.SortedNeighbourhoodBlocker - created 1 sorted sequence from 99127 records
[INFO ] PyDI.entitymatching.blocking.sorted_neighbourhood.SortedNeighbourhoodBlocker - Debug results written to file: /Users/onurcanmemis/Desktop/web-data-integration-team-project/output/blocking_evaluation/debugResultsBlocking_SortedNeighbourhoodBlocker.csv
[INFO ] PyDI.entitymatching.blocking.token_blocking.TokenBlocker - created 13790 token keys for first dataset
[INFO ] PyDI.entitymatching.blocking.token_blocking.TokenBlocker - created 8724 token keys for second dataset
[INFO ] PyDI.entitymatching.blocking.token_blocking.TokenBlocker - created 8309 blocks from token keys
[INFO ] PyDI.entitymatching.blocking.token_blocking.TokenBlocker - Debug results written to file: /Users/onurcanmemis/Desktop/web-data-integration-team-project/output/blocking_evaluation/debugResultsBlocking_TokenBlocker.csv
[INFO ] PyDI.entitymatching.blocking.embedding.EmbeddingBlocker - Initialized EmbeddingBlocker with sklearn backend, top_k=10, threshold=0.3
[INFO ] sentence_transformers.SentenceTransformer - Use pytorch device_name: mps
[INFO ] sentence_transformers.SentenceTransformer - Load pretrained SentenceTransformer: sentence-transformers/all-MiniLM-L6-v2
[INFO ] PyDI.entitymatching.blocking.embedding.EmbeddingBlocker - Loaded sentence transformer model: sentence-transformers/all-MiniLM-L6-v2
[INFO ] PyDI.entitymatching.blocking.embedding.EmbeddingBlocker - created 384d embeddings for first dataset
[INFO ] PyDI.entitymatching.blocking.embedding.EmbeddingBlocker - created 384d embeddings for second dataset
[INFO ] PyDI.entitymatching.blocking.embedding.EmbeddingBlocker - created similarity index with 14666 vectors, metric=cosine
[INFO ] PyDI.entitymatching.blocking.embedding.EmbeddingBlocker - Debug results written to file: /Users/onurcanmemis/Desktop/web-data-integration-team-project/output/blocking_evaluation/debugResultsBlocking_EmbeddingBlocker.csv
[INFO ] PyDI.entitymatching.blocking.standard.StandardBlocker - created 42048 blocking keys for first dataset
[INFO ] PyDI.entitymatching.blocking.standard.StandardBlocker - created 11732 blocking keys for second dataset
[INFO ] PyDI.entitymatching.blocking.standard.StandardBlocker - created 2570 blocks from blocking keys
[INFO ] PyDI.entitymatching.blocking.standard.StandardBlocker - Debug results written to file: /Users/onurcanmemis/Desktop/web-data-integration-team-project/output/blocking_evaluation/debugResultsBlocking_StandardBlocker.csv
[INFO ] PyDI.entitymatching.blocking.sorted_neighbourhood.SortedNeighbourhoodBlocker - created sorted neighbourhood with window size 20
[INFO ] PyDI.entitymatching.blocking.sorted_neighbourhood.SortedNeighbourhoodBlocker - created 1 sorted sequence from 100788 records
[INFO ] PyDI.entitymatching.blocking.sorted_neighbourhood.SortedNeighbourhoodBlocker - Debug results written to file: /Users/onurcanmemis/Desktop/web-data-integration-team-project/output/blocking_evaluation/debugResultsBlocking_SortedNeighbourhoodBlocker.csv
[INFO ] PyDI.entitymatching.blocking.token_blocking.TokenBlocker - created 13790 token keys for first dataset
[INFO ] PyDI.entitymatching.blocking.token_blocking.TokenBlocker - created 10094 token keys for second dataset
[INFO ] PyDI.entitymatching.blocking.token_blocking.TokenBlocker - created 9094 blocks from token keys
[INFO ] PyDI.entitymatching.blocking.token_blocking.TokenBlocker - Debug results written to file: /Users/onurcanmemis/Desktop/web-data-integration-team-project/output/blocking_evaluation/debugResultsBlocking_TokenBlocker.csv
[INFO ] PyDI.entitymatching.blocking.embedding.EmbeddingBlocker - Initialized EmbeddingBlocker with sklearn backend, top_k=10, threshold=0.3
[INFO ] sentence_transformers.SentenceTransformer - Use pytorch device_name: mps
[INFO ] sentence_transformers.SentenceTransformer - Load pretrained SentenceTransformer: sentence-transformers/all-MiniLM-L6-v2
[INFO ] PyDI.entitymatching.blocking.embedding.EmbeddingBlocker - Loaded sentence transformer model: sentence-transformers/all-MiniLM-L6-v2
[INFO ] PyDI.entitymatching.blocking.embedding.EmbeddingBlocker - created 384d embeddings for first dataset
[INFO ] PyDI.entitymatching.blocking.embedding.EmbeddingBlocker - created 384d embeddings for second dataset
[INFO ] PyDI.entitymatching.blocking.embedding.EmbeddingBlocker - created similarity index with 16327 vectors, metric=cosine
[INFO ] PyDI.entitymatching.blocking.embedding.EmbeddingBlocker - Debug results written to file: /Users/onurcanmemis/Desktop/web-data-integration-team-project/output/blocking_evaluation/debugResultsBlocking_EmbeddingBlocker.csv
[INFO ] root -   Pair Completeness: 0.072
[INFO ] root -   Pair Quality:      0.004
[INFO ] root -   Reduction Ratio:   1.000
[INFO ] root -   True Matches Found: 27/375
[INFO ] root - Blocking evaluation complete!
[INFO ] root -   Pair Completeness: 0.992
[INFO ] root -   Pair Quality:      0.001
[INFO ] root -   Reduction Ratio:   1.000
[INFO ] root -   True Matches Found: 372/375
[INFO ] root - Blocking evaluation complete!
[INFO ] root -   Pair Completeness: 0.979
[INFO ] root -   Pair Quality:      0.000
[INFO ] root -   Reduction Ratio:   0.999
[INFO ] root -   True Matches Found: 367/375
[INFO ] root - Blocking evaluation complete!
[INFO ] PyDI.entitymatching.blocking.standard.StandardBlocker - created 42047 blocking keys for first dataset
[INFO ] PyDI.entitymatching.blocking.standard.StandardBlocker - created 10405 blocking keys for second dataset
[INFO ] PyDI.entitymatching.blocking.standard.StandardBlocker - created 1442 blocks from blocking keys
[INFO ] PyDI.entitymatching.blocking.standard.StandardBlocker - Debug results written to file: /Users/onurcanmemis/Desktop/web-data-integration-team-project/output/blocking_evaluation/debugResultsBlocking_StandardBlocker.csv
[INFO ] PyDI.entitymatching.blocking.sorted_neighbourhood.SortedNeighbourhoodBlocker - created sorted neighbourhood with window size 20
[INFO ] PyDI.entitymatching.blocking.sorted_neighbourhood.SortedNeighbourhoodBlocker - created 1 sorted sequence from 99127 records
[INFO ] PyDI.entitymatching.blocking.sorted_neighbourhood.SortedNeighbourhoodBlocker - Debug results written to file: /Users/onurcanmemis/Desktop/web-data-integration-team-project/output/blocking_evaluation/debugResultsBlocking_SortedNeighbourhoodBlocker.csv
[INFO ] PyDI.entitymatching.blocking.token_blocking.TokenBlocker - created 13790 token keys for first dataset
[INFO ] PyDI.entitymatching.blocking.token_blocking.TokenBlocker - created 8724 token keys for second dataset
[INFO ] PyDI.entitymatching.blocking.token_blocking.TokenBlocker - created 8309 blocks from token keys
[INFO ] PyDI.entitymatching.blocking.token_blocking.TokenBlocker - Debug results written to file: /Users/onurcanmemis/Desktop/web-data-integration-team-project/output/blocking_evaluation/debugResultsBlocking_TokenBlocker.csv
[INFO ] PyDI.entitymatching.blocking.embedding.EmbeddingBlocker - Initialized EmbeddingBlocker with sklearn backend, top_k=10, threshold=0.3
[INFO ] sentence_transformers.SentenceTransformer - Use pytorch device_name: mps
[INFO ] sentence_transformers.SentenceTransformer - Load pretrained SentenceTransformer: sentence-transformers/all-MiniLM-L6-v2
[INFO ] PyDI.entitymatching.blocking.embedding.EmbeddingBlocker - Loaded sentence transformer model: sentence-transformers/all-MiniLM-L6-v2
[INFO ] PyDI.entitymatching.blocking.embedding.EmbeddingBlocker - created 384d embeddings for first dataset
[INFO ] PyDI.entitymatching.blocking.embedding.EmbeddingBlocker - created 384d embeddings for second dataset
[INFO ] PyDI.entitymatching.blocking.embedding.EmbeddingBlocker - created similarity index with 14666 vectors, metric=cosine
[INFO ] PyDI.entitymatching.blocking.embedding.EmbeddingBlocker - Debug results written to file: /Users/onurcanmemis/Desktop/web-data-integration-team-project/output/blocking_evaluation/debugResultsBlocking_EmbeddingBlocker.csv
[INFO ] root -   Pair Completeness: 0.072
[INFO ] root -   Pair Quality:      0.004
[INFO ] root -   Reduction Ratio:   1.000
[INFO ] root -   True Matches Found: 27/375
[INFO ] root - Blocking evaluation complete!
[INFO ] root -   Pair Completeness: 0.992
[INFO ] root -   Pair Quality:      0.001
[INFO ] root -   Reduction Ratio:   1.000
[INFO ] root -   True Matches Found: 372/375
[INFO ] root - Blocking evaluation complete!
[INFO ] root -   Pair Completeness: 0.997
[INFO ] root -   Pair Quality:      0.000
[INFO ] root -   Reduction Ratio:   0.999
[INFO ] root -   True Matches Found: 374/375
[INFO ] root - Blocking evaluation complete!
[INFO ] root -   Pair Completeness: 0.280
[INFO ] root -   Pair Quality:      0.007
[INFO ] root -   Reduction Ratio:   1.000
[INFO ] root -   True Matches Found: 106/378
[INFO ] root - Blocking evaluation complete!
[INFO ] root -   Pair Completeness: 0.857
[INFO ] root -   Pair Quality:      0.001
[INFO ] root -   Reduction Ratio:   1.000
[INFO ] root -   True Matches Found: 324/378
[INFO ] root - Blocking evaluation complete!
[INFO ] root -   Pair Completeness: 0.958
[INFO ] root -   Pair Quality:      0.000
[INFO ] root -   Reduction Ratio:   0.999
[INFO ] root -   True Matches Found: 362/378
[INFO ] root - Blocking evaluation complete!
[INFO ] PyDI.entitymatching.rule_based.RuleBasedMatcher - Starting Entity Matching
[INFO ] PyDI.entitymatching.rule_based.RuleBasedMatcher - Blocking 84461 x 14666 elements
[INFO ] PyDI.entitymatching.rule_based.RuleBasedMatcher - Matching 84461 x 14666 elements after 0:00:0.006; 844313 blocked pairs (reduction ratio: 0.9993183905915628)
[INFO ] PyDI.entitymatching.rule_based.RuleBasedMatcher - Entity Matching finished after 0:00:76.219; found 32671 correspondences.
[INFO ] PyDI.entitymatching.rule_based.RuleBasedMatcher - Starting Entity Matching
[INFO ] PyDI.entitymatching.rule_based.RuleBasedMatcher - Blocking 84461 x 16327 elements
[INFO ] PyDI.entitymatching.rule_based.RuleBasedMatcher - Matching 84461 x 16327 elements after 0:00:0.003; 843920 blocked pairs (reduction ratio: 0.9993880179733563)
[INFO ] PyDI.entitymatching.rule_based.RuleBasedMatcher - Entity Matching finished after 0:00:74.466; found 28765 correspondences.
[INFO ] root - Confusion Matrix:
[INFO ] root -   True Positives:  93
[INFO ] root -   True Negatives:  103
[INFO ] root -   False Positives: 2
[INFO ] root -   False Negatives: 1
[INFO ] root - Performance Metrics:
[INFO ] root -   Accuracy:  0.985
[INFO ] root -   Precision: 0.979
[INFO ] root -   Recall:    0.989
[INFO ] root -   F1-Score:  0.984
[INFO ] root - Confusion Matrix:
[INFO ] root -   True Positives:  89
[INFO ] root -   True Negatives:  104
[INFO ] root -   False Positives: 0
[INFO ] root -   False Negatives: 6
[INFO ] root - Performance Metrics:
[INFO ] root -   Accuracy:  0.970
[INFO ] root -   Precision: 1.000
[INFO ] root -   Recall:    0.937
[INFO ] root -   F1-Score:  0.967
[INFO ] root - Label distribution: 375 positive, 420 negative
[INFO ] root - Label distribution: 378 positive, 418 negative
[INFO ] root - Label distribution: 375 positive, 420 negative
[INFO ] root - Label distribution: 378 positive, 418 negative
[INFO ] root - Label distribution: 375 positive, 420 negative
[INFO ] root - Label distribution: 378 positive, 418 negative
[INFO ] PyDI.entitymatching.ml_based.MLBasedMatcher - Starting Entity Matching
[INFO ] PyDI.entitymatching.ml_based.MLBasedMatcher - Blocking 84461 x 14666 elements
[INFO ] PyDI.entitymatching.ml_based.MLBasedMatcher - Matching 84461 x 14666 elements after 0:00:0.198; 466402 blocked pairs (reduction ratio: 0.9996234761382167)
[INFO ] PyDI.entitymatching.ml_based.MLBasedMatcher - Entity Matching finished after 0:00:85.647; found 78294 correspondences.
[INFO ] PyDI.entitymatching.ml_based.MLBasedMatcher - Starting Entity Matching
[INFO ] PyDI.entitymatching.ml_based.MLBasedMatcher - Blocking 84461 x 16327 elements
[INFO ] PyDI.entitymatching.ml_based.MLBasedMatcher - Matching 84461 x 16327 elements after 0:00:0.175; 481978 blocked pairs (reduction ratio: 0.9996504859782471)
[INFO ] PyDI.entitymatching.ml_based.MLBasedMatcher - Entity Matching finished after 0:00:78.655; found 382286 correspondences.
[INFO ] root - Confusion Matrix:
[INFO ] root -   True Positives:  92
[INFO ] root -   True Negatives:  105
[INFO ] root -   False Positives: 0
[INFO ] root -   False Negatives: 2
[INFO ] root - Performance Metrics:
[INFO ] root -   Accuracy:  0.990
[INFO ] root -   Precision: 1.000
[INFO ] root -   Recall:    0.979
[INFO ] root -   F1-Score:  0.989
[INFO ] root - Confusion Matrix:
[INFO ] root -   True Positives:  83
[INFO ] root -   True Negatives:  104
[INFO ] root -   False Positives: 0
[INFO ] root -   False Negatives: 12
[INFO ] root - Performance Metrics:
[INFO ] root -   Accuracy:  0.940
[INFO ] root -   Precision: 1.000
[INFO ] root -   Recall:    0.874
[INFO ] root -   F1-Score:  0.933
[INFO ] PyDI.fusion.analysis - Analyzed 18 attributes across 3 datasets
[INFO ] PyDI.fusion.analysis - Analyzed 18 attributes across 3 datasets
[INFO ] PyDI.entitymatching.blocking.standard.StandardBlocker - created 42047 blocking keys for first dataset
[INFO ] PyDI.entitymatching.blocking.standard.StandardBlocker - created 10405 blocking keys for second dataset
[INFO ] PyDI.entitymatching.blocking.standard.StandardBlocker - created 1442 blocks from blocking keys
[INFO ] PyDI.entitymatching.blocking.standard.StandardBlocker - Debug results written to file: /Users/onurcanmemis/Desktop/web-data-integration-team-project/output/blocking_evaluation/debugResultsBlocking_StandardBlocker.csv
[INFO ] PyDI.entitymatching.blocking.sorted_neighbourhood.SortedNeighbourhoodBlocker - created sorted neighbourhood with window size 20
[INFO ] PyDI.entitymatching.blocking.sorted_neighbourhood.SortedNeighbourhoodBlocker - created 1 sorted sequence from 99127 records
[INFO ] PyDI.entitymatching.blocking.sorted_neighbourhood.SortedNeighbourhoodBlocker - Debug results written to file: /Users/onurcanmemis/Desktop/web-data-integration-team-project/output/blocking_evaluation/debugResultsBlocking_SortedNeighbourhoodBlocker.csv
[INFO ] PyDI.entitymatching.blocking.token_blocking.TokenBlocker - created 13790 token keys for first dataset
[INFO ] PyDI.entitymatching.blocking.token_blocking.TokenBlocker - created 8724 token keys for second dataset
[INFO ] PyDI.entitymatching.blocking.token_blocking.TokenBlocker - created 8309 blocks from token keys
[INFO ] PyDI.entitymatching.blocking.token_blocking.TokenBlocker - Debug results written to file: /Users/onurcanmemis/Desktop/web-data-integration-team-project/output/blocking_evaluation/debugResultsBlocking_TokenBlocker.csv
[INFO ] PyDI.entitymatching.blocking.embedding.EmbeddingBlocker - Initialized EmbeddingBlocker with sklearn backend, top_k=10, threshold=0.3
[INFO ] sentence_transformers.SentenceTransformer - Use pytorch device_name: mps
[INFO ] sentence_transformers.SentenceTransformer - Load pretrained SentenceTransformer: sentence-transformers/all-MiniLM-L6-v2
[INFO ] PyDI.entitymatching.blocking.embedding.EmbeddingBlocker - Loaded sentence transformer model: sentence-transformers/all-MiniLM-L6-v2
[INFO ] PyDI.entitymatching.blocking.embedding.EmbeddingBlocker - created 384d embeddings for first dataset
[INFO ] PyDI.entitymatching.blocking.embedding.EmbeddingBlocker - created 384d embeddings for second dataset
[INFO ] PyDI.entitymatching.blocking.embedding.EmbeddingBlocker - created similarity index with 14666 vectors, metric=cosine
[INFO ] PyDI.entitymatching.blocking.embedding.EmbeddingBlocker - Debug results written to file: /Users/onurcanmemis/Desktop/web-data-integration-team-project/output/blocking_evaluation/debugResultsBlocking_EmbeddingBlocker.csv
[INFO ] PyDI.entitymatching.blocking.standard.StandardBlocker - created 42048 blocking keys for first dataset
[INFO ] PyDI.entitymatching.blocking.standard.StandardBlocker - created 11732 blocking keys for second dataset
[INFO ] PyDI.entitymatching.blocking.standard.StandardBlocker - created 2570 blocks from blocking keys
[INFO ] PyDI.entitymatching.blocking.standard.StandardBlocker - Debug results written to file: /Users/onurcanmemis/Desktop/web-data-integration-team-project/output/blocking_evaluation/debugResultsBlocking_StandardBlocker.csv
[INFO ] PyDI.entitymatching.blocking.sorted_neighbourhood.SortedNeighbourhoodBlocker - created sorted neighbourhood with window size 20
[INFO ] PyDI.entitymatching.blocking.sorted_neighbourhood.SortedNeighbourhoodBlocker - created 1 sorted sequence from 100788 records
[INFO ] PyDI.entitymatching.blocking.sorted_neighbourhood.SortedNeighbourhoodBlocker - Debug results written to file: /Users/onurcanmemis/Desktop/web-data-integration-team-project/output/blocking_evaluation/debugResultsBlocking_SortedNeighbourhoodBlocker.csv
[INFO ] PyDI.entitymatching.blocking.token_blocking.TokenBlocker - created 13790 token keys for first dataset
[INFO ] PyDI.entitymatching.blocking.token_blocking.TokenBlocker - created 10094 token keys for second dataset
[INFO ] PyDI.entitymatching.blocking.token_blocking.TokenBlocker - created 9094 blocks from token keys
[INFO ] PyDI.entitymatching.blocking.token_blocking.TokenBlocker - Debug results written to file: /Users/onurcanmemis/Desktop/web-data-integration-team-project/output/blocking_evaluation/debugResultsBlocking_TokenBlocker.csv
[INFO ] PyDI.entitymatching.blocking.embedding.EmbeddingBlocker - Initialized EmbeddingBlocker with sklearn backend, top_k=10, threshold=0.3
[INFO ] sentence_transformers.SentenceTransformer - Use pytorch device_name: mps
[INFO ] sentence_transformers.SentenceTransformer - Load pretrained SentenceTransformer: sentence-transformers/all-MiniLM-L6-v2
[INFO ] PyDI.entitymatching.blocking.embedding.EmbeddingBlocker - Loaded sentence transformer model: sentence-transformers/all-MiniLM-L6-v2
[INFO ] PyDI.entitymatching.blocking.embedding.EmbeddingBlocker - created 384d embeddings for first dataset
[INFO ] PyDI.entitymatching.blocking.embedding.EmbeddingBlocker - created 384d embeddings for second dataset
[INFO ] PyDI.entitymatching.blocking.embedding.EmbeddingBlocker - created similarity index with 16327 vectors, metric=cosine
[INFO ] PyDI.entitymatching.blocking.embedding.EmbeddingBlocker - Debug results written to file: /Users/onurcanmemis/Desktop/web-data-integration-team-project/output/blocking_evaluation/debugResultsBlocking_EmbeddingBlocker.csv
[INFO ] root -   Pair Completeness: 0.072
[INFO ] root -   Pair Quality:      0.004
[INFO ] root -   Reduction Ratio:   1.000
[INFO ] root -   True Matches Found: 27/375
[INFO ] root - Blocking evaluation complete!
[INFO ] root -   Pair Completeness: 0.992
[INFO ] root -   Pair Quality:      0.001
[INFO ] root -   Reduction Ratio:   1.000
[INFO ] root -   True Matches Found: 372/375
[INFO ] root - Blocking evaluation complete!
[INFO ] root -   Pair Completeness: 0.997
[INFO ] root -   Pair Quality:      0.000
[INFO ] root -   Reduction Ratio:   0.999
[INFO ] root -   True Matches Found: 374/375
[INFO ] root - Blocking evaluation complete!
[INFO ] root -   Pair Completeness: 0.280
[INFO ] root -   Pair Quality:      0.007
[INFO ] root -   Reduction Ratio:   1.000
[INFO ] root -   True Matches Found: 106/378
[INFO ] root - Blocking evaluation complete!
[INFO ] root -   Pair Completeness: 0.857
[INFO ] root -   Pair Quality:      0.001
[INFO ] root -   Reduction Ratio:   1.000
[INFO ] root -   True Matches Found: 324/378
[INFO ] root - Blocking evaluation complete!
[INFO ] root -   Pair Completeness: 0.958
[INFO ] root -   Pair Quality:      0.000
[INFO ] root -   Reduction Ratio:   0.999
[INFO ] root -   True Matches Found: 362/378
[INFO ] root - Blocking evaluation complete!
[INFO ] PyDI.entitymatching.rule_based.RuleBasedMatcher - Starting Entity Matching
[INFO ] PyDI.entitymatching.rule_based.RuleBasedMatcher - Blocking 84461 x 14666 elements
[INFO ] PyDI.entitymatching.rule_based.RuleBasedMatcher - Matching 84461 x 14666 elements after 0:00:0.006; 844311 blocked pairs (reduction ratio: 0.9993183922061523)
[INFO ] PyDI.entitymatching.rule_based.RuleBasedMatcher - Entity Matching finished after 0:00:75.566; found 32753 correspondences.
[INFO ] PyDI.entitymatching.rule_based.RuleBasedMatcher - Starting Entity Matching
[INFO ] PyDI.entitymatching.rule_based.RuleBasedMatcher - Blocking 84461 x 16327 elements
[INFO ] PyDI.entitymatching.rule_based.RuleBasedMatcher - Matching 84461 x 16327 elements after 0:00:0.004; 843920 blocked pairs (reduction ratio: 0.9993880179733563)
[INFO ] PyDI.entitymatching.rule_based.RuleBasedMatcher - Entity Matching finished after 0:00:74.084; found 28765 correspondences.
[INFO ] root - Cluster Size Distribution of 6897 clusters:
[INFO ] root - 	Cluster Size	| Frequency	| Percentage
[INFO ] root - 	──────────────────────────────────────────────────
[INFO ] root - 		2	|	2914	|	42.25%
[INFO ] root - 		3	|	827	|	11.99%
[INFO ] root - 		4	|	794	|	11.51%
[INFO ] root - 		5	|	557	|	8.08%
[INFO ] root - 		6	|	589	|	8.54%
[INFO ] root - 		7	|	369	|	5.35%
[INFO ] root - 		8	|	295	|	4.28%
[INFO ] root - 		9	|	160	|	2.32%
[INFO ] root - 		10	|	113	|	1.64%
[INFO ] root - 		11	|	83	|	1.20%
[INFO ] root - 		12	|	47	|	0.68%
[INFO ] root - 		13	|	31	|	0.45%
[INFO ] root - 		14	|	22	|	0.32%
[INFO ] root - 		15	|	15	|	0.22%
[INFO ] root - 		16	|	13	|	0.19%
[INFO ] root - 		17	|	7	|	0.10%
[INFO ] root - 		18	|	5	|	0.07%
[INFO ] root - 		19	|	9	|	0.13%
[INFO ] root - 		20	|	4	|	0.06%
[INFO ] root - 		21	|	3	|	0.04%
[INFO ] root - 		22	|	4	|	0.06%
[INFO ] root - 		23	|	1	|	0.01%
[INFO ] root - 		24	|	2	|	0.03%
[INFO ] root - 		25	|	3	|	0.04%
[INFO ] root - 		26	|	3	|	0.04%
[INFO ] root - 		27	|	5	|	0.07%
[INFO ] root - 		28	|	4	|	0.06%
[INFO ] root - 		29	|	3	|	0.04%
[INFO ] root - 		30	|	2	|	0.03%
[INFO ] root - 		31	|	1	|	0.01%
[INFO ] root - 		32	|	1	|	0.01%
[INFO ] root - 		33	|	1	|	0.01%
[INFO ] root - 		36	|	1	|	0.01%
[INFO ] root - 		38	|	1	|	0.01%
[INFO ] root - 		39	|	1	|	0.01%
[INFO ] root - 		44	|	1	|	0.01%
[INFO ] root - 		50	|	1	|	0.01%
[INFO ] root - 		58	|	1	|	0.01%
[INFO ] root - 		60	|	1	|	0.01%
[INFO ] root - 		67	|	1	|	0.01%
[INFO ] root - 		76	|	1	|	0.01%
[INFO ] root - 		118	|	1	|	0.01%
[INFO ] root - Cluster size distribution written to /Users/onurcanmemis/Desktop/web-data-integration-team-project/output/cluster_analysis/cluster_size_distribution.csv
[INFO ] root - Cluster Size Distribution of 5443 clusters:
[INFO ] root - 	Cluster Size	| Frequency	| Percentage
[INFO ] root - 	──────────────────────────────────────────────────
[INFO ] root - 		2	|	2824	|	51.88%
[INFO ] root - 		3	|	619	|	11.37%
[INFO ] root - 		4	|	595	|	10.93%
[INFO ] root - 		5	|	309	|	5.68%
[INFO ] root - 		6	|	311	|	5.71%
[INFO ] root - 		7	|	157	|	2.88%
[INFO ] root - 		8	|	149	|	2.74%
[INFO ] root - 		9	|	104	|	1.91%
[INFO ] root - 		10	|	74	|	1.36%
[INFO ] root - 		11	|	61	|	1.12%
[INFO ] root - 		12	|	48	|	0.88%
[INFO ] root - 		13	|	19	|	0.35%
[INFO ] root - 		14	|	27	|	0.50%
[INFO ] root - 		15	|	26	|	0.48%
[INFO ] root - 		16	|	14	|	0.26%
[INFO ] root - 		17	|	12	|	0.22%
[INFO ] root - 		18	|	13	|	0.24%
[INFO ] root - 		19	|	6	|	0.11%
[INFO ] root - 		20	|	5	|	0.09%
[INFO ] root - 		21	|	3	|	0.06%
[INFO ] root - 		22	|	7	|	0.13%
[INFO ] root - 		23	|	3	|	0.06%
[INFO ] root - 		24	|	2	|	0.04%
[INFO ] root - 		25	|	4	|	0.07%
[INFO ] root - 		26	|	2	|	0.04%
[INFO ] root - 		28	|	4	|	0.07%
[INFO ] root - 		29	|	3	|	0.06%
[INFO ] root - 		30	|	3	|	0.06%
[INFO ] root - 		31	|	3	|	0.06%
[INFO ] root - 		32	|	3	|	0.06%
[INFO ] root - 		33	|	1	|	0.02%
[INFO ] root - 		34	|	2	|	0.04%
[INFO ] root - 		35	|	1	|	0.02%
[INFO ] root - 		36	|	2	|	0.04%
[INFO ] root - 		38	|	4	|	0.07%
[INFO ] root - 		39	|	3	|	0.06%
[INFO ] root - 		40	|	1	|	0.02%
[INFO ] root - 		41	|	1	|	0.02%
[INFO ] root - 		44	|	2	|	0.04%
[INFO ] root - 		45	|	2	|	0.04%
[INFO ] root - 		59	|	1	|	0.02%
[INFO ] root - 		66	|	2	|	0.04%
[INFO ] root - 		68	|	1	|	0.02%
[INFO ] root - 		70	|	1	|	0.02%
[INFO ] root - 		71	|	1	|	0.02%
[INFO ] root - 		78	|	2	|	0.04%
[INFO ] root - 		80	|	1	|	0.02%
[INFO ] root - 		94	|	1	|	0.02%
[INFO ] root - 		117	|	1	|	0.02%
[INFO ] root - 		126	|	1	|	0.02%
[INFO ] root - 		128	|	1	|	0.02%
[INFO ] root - 		149	|	1	|	0.02%
[INFO ] root - Cluster size distribution written to /Users/onurcanmemis/Desktop/web-data-integration-team-project/output/cluster_analysis/cluster_size_distribution.csv
[INFO ] root - Confusion Matrix:
[INFO ] root -   True Positives:  93
[INFO ] root -   True Negatives:  103
[INFO ] root -   False Positives: 2
[INFO ] root -   False Negatives: 1
[INFO ] root - Performance Metrics:
[INFO ] root -   Accuracy:  0.985
[INFO ] root -   Precision: 0.979
[INFO ] root -   Recall:    0.989
[INFO ] root -   F1-Score:  0.984
[INFO ] root - Confusion Matrix:
[INFO ] root -   True Positives:  89
[INFO ] root -   True Negatives:  104
[INFO ] root -   False Positives: 0
[INFO ] root -   False Negatives: 6
[INFO ] root - Performance Metrics:
[INFO ] root -   Accuracy:  0.970
[INFO ] root -   Precision: 1.000
[INFO ] root -   Recall:    0.937
[INFO ] root -   F1-Score:  0.967
[INFO ] root - Label distribution: 375 positive, 420 negative
[INFO ] root - Label distribution: 378 positive, 418 negative
[INFO ] PyDI.entitymatching.ml_based.MLBasedMatcher - Starting Entity Matching
[INFO ] PyDI.entitymatching.ml_based.MLBasedMatcher - Blocking 84461 x 14666 elements
[INFO ] PyDI.entitymatching.ml_based.MLBasedMatcher - Matching 84461 x 14666 elements after 0:00:0.182; 466402 blocked pairs (reduction ratio: 0.9996234761382167)
[INFO ] PyDI.entitymatching.ml_based.MLBasedMatcher - Entity Matching finished after 0:00:87.400; found 101348 correspondences.
[INFO ] PyDI.entitymatching.ml_based.MLBasedMatcher - Starting Entity Matching
[INFO ] PyDI.entitymatching.ml_based.MLBasedMatcher - Blocking 84461 x 16327 elements
[INFO ] PyDI.entitymatching.ml_based.MLBasedMatcher - Matching 84461 x 16327 elements after 0:00:0.175; 481978 blocked pairs (reduction ratio: 0.9996504859782471)
[INFO ] PyDI.entitymatching.ml_based.MLBasedMatcher - Entity Matching finished after 0:00:91.553; found 391143 correspondences.
[INFO ] root - Cluster Size Distribution of 5131 clusters:
[INFO ] root - 	Cluster Size	| Frequency	| Percentage
[INFO ] root - 	──────────────────────────────────────────────────
[INFO ] root - 		2	|	1019	|	19.86%
[INFO ] root - 		3	|	597	|	11.64%
[INFO ] root - 		4	|	616	|	12.01%
[INFO ] root - 		5	|	480	|	9.35%
[INFO ] root - 		6	|	455	|	8.87%
[INFO ] root - 		7	|	306	|	5.96%
[INFO ] root - 		8	|	261	|	5.09%
[INFO ] root - 		9	|	209	|	4.07%
[INFO ] root - 		10	|	144	|	2.81%
[INFO ] root - 		11	|	134	|	2.61%
[INFO ] root - 		12	|	89	|	1.73%
[INFO ] root - 		13	|	102	|	1.99%
[INFO ] root - 		14	|	68	|	1.33%
[INFO ] root - 		15	|	62	|	1.21%
[INFO ] root - 		16	|	62	|	1.21%
[INFO ] root - 		17	|	45	|	0.88%
[INFO ] root - 		18	|	42	|	0.82%
[INFO ] root - 		19	|	29	|	0.57%
[INFO ] root - 		20	|	33	|	0.64%
[INFO ] root - 		21	|	36	|	0.70%
[INFO ] root - 		22	|	22	|	0.43%
[INFO ] root - 		23	|	20	|	0.39%
[INFO ] root - 		24	|	15	|	0.29%
[INFO ] root - 		25	|	28	|	0.55%
[INFO ] root - 		26	|	15	|	0.29%
[INFO ] root - 		27	|	18	|	0.35%
[INFO ] root - 		28	|	12	|	0.23%
[INFO ] root - 		29	|	18	|	0.35%
[INFO ] root - 		30	|	12	|	0.23%
[INFO ] root - 		31	|	8	|	0.16%
[INFO ] root - 		32	|	13	|	0.25%
[INFO ] root - 		33	|	6	|	0.12%
[INFO ] root - 		34	|	9	|	0.18%
[INFO ] root - 		35	|	6	|	0.12%
[INFO ] root - 		36	|	4	|	0.08%
[INFO ] root - 		37	|	11	|	0.21%
[INFO ] root - 		38	|	4	|	0.08%
[INFO ] root - 		39	|	6	|	0.12%
[INFO ] root - 		40	|	10	|	0.19%
[INFO ] root - 		41	|	9	|	0.18%
[INFO ] root - 		42	|	4	|	0.08%
[INFO ] root - 		43	|	3	|	0.06%
[INFO ] root - 		44	|	3	|	0.06%
[INFO ] root - 		45	|	5	|	0.10%
[INFO ] root - 		46	|	1	|	0.02%
[INFO ] root - 		47	|	4	|	0.08%
[INFO ] root - 		48	|	2	|	0.04%
[INFO ] root - 		49	|	4	|	0.08%
[INFO ] root - 		52	|	3	|	0.06%
[INFO ] root - 		53	|	4	|	0.08%
[INFO ] root - 		54	|	2	|	0.04%
[INFO ] root - 		56	|	1	|	0.02%
[INFO ] root - 		57	|	3	|	0.06%
[INFO ] root - 		58	|	4	|	0.08%
[INFO ] root - 		59	|	2	|	0.04%
[INFO ] root - 		60	|	2	|	0.04%
[INFO ] root - 		61	|	1	|	0.02%
[INFO ] root - 		63	|	1	|	0.02%
[INFO ] root - 		64	|	2	|	0.04%
[INFO ] root - 		65	|	2	|	0.04%
[INFO ] root - 		66	|	4	|	0.08%
[INFO ] root - 		67	|	1	|	0.02%
[INFO ] root - 		68	|	3	|	0.06%
[INFO ] root - 		69	|	1	|	0.02%
[INFO ] root - 		70	|	2	|	0.04%
[INFO ] root - 		72	|	3	|	0.06%
[INFO ] root - 		75	|	1	|	0.02%
[INFO ] root - 		76	|	1	|	0.02%
[INFO ] root - 		78	|	1	|	0.02%
[INFO ] root - 		81	|	2	|	0.04%
[INFO ] root - 		82	|	1	|	0.02%
[INFO ] root - 		83	|	1	|	0.02%
[INFO ] root - 		84	|	1	|	0.02%
[INFO ] root - 		91	|	2	|	0.04%
[INFO ] root - 		94	|	1	|	0.02%
[INFO ] root - 		100	|	1	|	0.02%
[INFO ] root - 		102	|	2	|	0.04%
[INFO ] root - 		106	|	1	|	0.02%
[INFO ] root - 		107	|	1	|	0.02%
[INFO ] root - 		110	|	1	|	0.02%
[INFO ] root - 		119	|	1	|	0.02%
[INFO ] root - 		121	|	1	|	0.02%
[INFO ] root - 		124	|	2	|	0.04%
[INFO ] root - 		153	|	1	|	0.02%
[INFO ] root - 		154	|	1	|	0.02%
[INFO ] root - 		164	|	1	|	0.02%
[INFO ] root - 		166	|	1	|	0.02%
[INFO ] root - 		179	|	1	|	0.02%
[INFO ] root - 		195	|	1	|	0.02%
[INFO ] root - 		204	|	1	|	0.02%
[INFO ] root - 		218	|	1	|	0.02%
[INFO ] root - Cluster size distribution written to /Users/onurcanmemis/Desktop/web-data-integration-team-project/output/cluster_analysis/cluster_size_distribution.csv
[INFO ] root - Cluster Size Distribution of 485 clusters:
[INFO ] root - 	Cluster Size	| Frequency	| Percentage
[INFO ] root - 	──────────────────────────────────────────────────
[INFO ] root - 		2	|	1	|	0.21%
[INFO ] root - 		3	|	2	|	0.41%
[INFO ] root - 		4	|	3	|	0.62%
[INFO ] root - 		5	|	2	|	0.41%
[INFO ] root - 		7	|	4	|	0.82%
[INFO ] root - 		8	|	1	|	0.21%
[INFO ] root - 		9	|	1	|	0.21%
[INFO ] root - 		10	|	1	|	0.21%
[INFO ] root - 		12	|	1	|	0.21%
[INFO ] root - 		13	|	2	|	0.41%
[INFO ] root - 		15	|	1	|	0.21%
[INFO ] root - 		17	|	1	|	0.21%
[INFO ] root - 		19	|	1	|	0.21%
[INFO ] root - 		20	|	2	|	0.41%
[INFO ] root - 		22	|	1	|	0.21%
[INFO ] root - 		23	|	1	|	0.21%
[INFO ] root - 		24	|	2	|	0.41%
[INFO ] root - 		25	|	3	|	0.62%
[INFO ] root - 		26	|	4	|	0.82%
[INFO ] root - 		28	|	1	|	0.21%
[INFO ] root - 		29	|	2	|	0.41%
[INFO ] root - 		30	|	5	|	1.03%
[INFO ] root - 		31	|	2	|	0.41%
[INFO ] root - 		32	|	4	|	0.82%
[INFO ] root - 		34	|	3	|	0.62%
[INFO ] root - 		35	|	3	|	0.62%
[INFO ] root - 		36	|	1	|	0.21%
[INFO ] root - 		37	|	7	|	1.44%
[INFO ] root - 		38	|	1	|	0.21%
[INFO ] root - 		39	|	3	|	0.62%
[INFO ] root - 		40	|	3	|	0.62%
[INFO ] root - 		41	|	7	|	1.44%
[INFO ] root - 		42	|	7	|	1.44%
[INFO ] root - 		43	|	6	|	1.24%
[INFO ] root - 		44	|	3	|	0.62%
[INFO ] root - 		45	|	3	|	0.62%
[INFO ] root - 		46	|	1	|	0.21%
[INFO ] root - 		47	|	1	|	0.21%
[INFO ] root - 		48	|	1	|	0.21%
[INFO ] root - 		49	|	4	|	0.82%
[INFO ] root - 		50	|	3	|	0.62%
[INFO ] root - 		51	|	3	|	0.62%
[INFO ] root - 		52	|	3	|	0.62%
[INFO ] root - 		53	|	3	|	0.62%
[INFO ] root - 		54	|	2	|	0.41%
[INFO ] root - 		55	|	2	|	0.41%
[INFO ] root - 		56	|	5	|	1.03%
[INFO ] root - 		57	|	4	|	0.82%
[INFO ] root - 		58	|	3	|	0.62%
[INFO ] root - 		60	|	3	|	0.62%
[INFO ] root - 		61	|	1	|	0.21%
[INFO ] root - 		62	|	2	|	0.41%
[INFO ] root - 		63	|	3	|	0.62%
[INFO ] root - 		64	|	2	|	0.41%
[INFO ] root - 		65	|	3	|	0.62%
[INFO ] root - 		66	|	2	|	0.41%
[INFO ] root - 		67	|	1	|	0.21%
[INFO ] root - 		68	|	2	|	0.41%
[INFO ] root - 		69	|	3	|	0.62%
[INFO ] root - 		70	|	3	|	0.62%
[INFO ] root - 		71	|	5	|	1.03%
[INFO ] root - 		72	|	1	|	0.21%
[INFO ] root - 		73	|	4	|	0.82%
[INFO ] root - 		74	|	4	|	0.82%
[INFO ] root - 		75	|	2	|	0.41%
[INFO ] root - 		77	|	5	|	1.03%
[INFO ] root - 		78	|	5	|	1.03%
[INFO ] root - 		79	|	4	|	0.82%
[INFO ] root - 		80	|	1	|	0.21%
[INFO ] root - 		82	|	3	|	0.62%
[INFO ] root - 		83	|	5	|	1.03%
[INFO ] root - 		84	|	3	|	0.62%
[INFO ] root - 		85	|	1	|	0.21%
[INFO ] root - 		86	|	3	|	0.62%
[INFO ] root - 		87	|	1	|	0.21%
[INFO ] root - 		88	|	3	|	0.62%
[INFO ] root - 		89	|	2	|	0.41%
[INFO ] root - 		90	|	1	|	0.21%
[INFO ] root - 		91	|	1	|	0.21%
[INFO ] root - 		92	|	1	|	0.21%
[INFO ] root - 		93	|	2	|	0.41%
[INFO ] root - 		94	|	3	|	0.62%
[INFO ] root - 		95	|	2	|	0.41%
[INFO ] root - 		96	|	1	|	0.21%
[INFO ] root - 		97	|	2	|	0.41%
[INFO ] root - 		98	|	4	|	0.82%
[INFO ] root - 		99	|	1	|	0.21%
[INFO ] root - 		100	|	2	|	0.41%
[INFO ] root - 		101	|	2	|	0.41%
[INFO ] root - 		102	|	1	|	0.21%
[INFO ] root - 		103	|	1	|	0.21%
[INFO ] root - 		105	|	1	|	0.21%
[INFO ] root - 		106	|	2	|	0.41%
[INFO ] root - 		107	|	1	|	0.21%
[INFO ] root - 		108	|	2	|	0.41%
[INFO ] root - 		109	|	1	|	0.21%
[INFO ] root - 		110	|	2	|	0.41%
[INFO ] root - 		111	|	1	|	0.21%
[INFO ] root - 		112	|	1	|	0.21%
[INFO ] root - 		113	|	1	|	0.21%
[INFO ] root - 		114	|	4	|	0.82%
[INFO ] root - 		115	|	1	|	0.21%
[INFO ] root - 		116	|	3	|	0.62%
[INFO ] root - 		117	|	3	|	0.62%
[INFO ] root - 		118	|	2	|	0.41%
[INFO ] root - 		120	|	1	|	0.21%
[INFO ] root - 		121	|	2	|	0.41%
[INFO ] root - 		123	|	2	|	0.41%
[INFO ] root - 		125	|	4	|	0.82%
[INFO ] root - 		127	|	1	|	0.21%
[INFO ] root - 		129	|	1	|	0.21%
[INFO ] root - 		131	|	1	|	0.21%
[INFO ] root - 		132	|	4	|	0.82%
[INFO ] root - 		135	|	3	|	0.62%
[INFO ] root - 		136	|	1	|	0.21%
[INFO ] root - 		137	|	1	|	0.21%
[INFO ] root - 		139	|	1	|	0.21%
[INFO ] root - 		140	|	2	|	0.41%
[INFO ] root - 		141	|	1	|	0.21%
[INFO ] root - 		142	|	1	|	0.21%
[INFO ] root - 		143	|	2	|	0.41%
[INFO ] root - 		144	|	2	|	0.41%
[INFO ] root - 		145	|	2	|	0.41%
[INFO ] root - 		146	|	1	|	0.21%
[INFO ] root - 		147	|	1	|	0.21%
[INFO ] root - 		150	|	3	|	0.62%
[INFO ] root - 		151	|	2	|	0.41%
[INFO ] root - 		152	|	1	|	0.21%
[INFO ] root - 		153	|	1	|	0.21%
[INFO ] root - 		155	|	1	|	0.21%
[INFO ] root - 		156	|	1	|	0.21%
[INFO ] root - 		157	|	1	|	0.21%
[INFO ] root - 		159	|	2	|	0.41%
[INFO ] root - 		161	|	1	|	0.21%
[INFO ] root - 		166	|	2	|	0.41%
[INFO ] root - 		167	|	1	|	0.21%
[INFO ] root - 		168	|	1	|	0.21%
[INFO ] root - 		169	|	1	|	0.21%
[INFO ] root - 		171	|	1	|	0.21%
[INFO ] root - 		172	|	1	|	0.21%
[INFO ] root - 		173	|	2	|	0.41%
[INFO ] root - 		174	|	1	|	0.21%
[INFO ] root - 		175	|	1	|	0.21%
[INFO ] root - 		176	|	1	|	0.21%
[INFO ] root - 		177	|	3	|	0.62%
[INFO ] root - 		179	|	1	|	0.21%
[INFO ] root - 		181	|	1	|	0.21%
[INFO ] root - 		186	|	2	|	0.41%
[INFO ] root - 		187	|	1	|	0.21%
[INFO ] root - 		188	|	1	|	0.21%
[INFO ] root - 		189	|	2	|	0.41%
[INFO ] root - 		190	|	1	|	0.21%
[INFO ] root - 		192	|	1	|	0.21%
[INFO ] root - 		193	|	1	|	0.21%
[INFO ] root - 		195	|	2	|	0.41%
[INFO ] root - 		197	|	1	|	0.21%
[INFO ] root - 		199	|	1	|	0.21%
[INFO ] root - 		200	|	1	|	0.21%
[INFO ] root - 		201	|	3	|	0.62%
[INFO ] root - 		202	|	1	|	0.21%
[INFO ] root - 		208	|	1	|	0.21%
[INFO ] root - 		209	|	2	|	0.41%
[INFO ] root - 		213	|	1	|	0.21%
[INFO ] root - 		214	|	1	|	0.21%
[INFO ] root - 		215	|	2	|	0.41%
[INFO ] root - 		218	|	2	|	0.41%
[INFO ] root - 		219	|	1	|	0.21%
[INFO ] root - 		220	|	1	|	0.21%
[INFO ] root - 		226	|	1	|	0.21%
[INFO ] root - 		228	|	1	|	0.21%
[INFO ] root - 		229	|	3	|	0.62%
[INFO ] root - 		231	|	1	|	0.21%
[INFO ] root - 		234	|	3	|	0.62%
[INFO ] root - 		240	|	1	|	0.21%
[INFO ] root - 		242	|	2	|	0.41%
[INFO ] root - 		245	|	1	|	0.21%
[INFO ] root - 		246	|	1	|	0.21%
[INFO ] root - 		247	|	2	|	0.41%
[INFO ] root - 		250	|	1	|	0.21%
[INFO ] root - 		253	|	1	|	0.21%
[INFO ] root - 		256	|	2	|	0.41%
[INFO ] root - 		258	|	1	|	0.21%
[INFO ] root - 		266	|	1	|	0.21%
[INFO ] root - 		270	|	1	|	0.21%
[INFO ] root - 		271	|	1	|	0.21%
[INFO ] root - 		273	|	4	|	0.82%
[INFO ] root - 		274	|	1	|	0.21%
[INFO ] root - 		278	|	1	|	0.21%
[INFO ] root - 		279	|	2	|	0.41%
[INFO ] root - 		281	|	4	|	0.82%
[INFO ] root - 		282	|	2	|	0.41%
[INFO ] root - 		284	|	1	|	0.21%
[INFO ] root - 		286	|	1	|	0.21%
[INFO ] root - 		288	|	2	|	0.41%
[INFO ] root - 		289	|	1	|	0.21%
[INFO ] root - 		292	|	1	|	0.21%
[INFO ] root - 		293	|	1	|	0.21%
[INFO ] root - 		299	|	1	|	0.21%
[INFO ] root - 		302	|	1	|	0.21%
[INFO ] root - 		303	|	1	|	0.21%
[INFO ] root - 		310	|	1	|	0.21%
[INFO ] root - 		314	|	1	|	0.21%
[INFO ] root - 		316	|	1	|	0.21%
[INFO ] root - 		320	|	1	|	0.21%
[INFO ] root - 		321	|	2	|	0.41%
[INFO ] root - 		323	|	1	|	0.21%
[INFO ] root - 		326	|	1	|	0.21%
[INFO ] root - 		328	|	2	|	0.41%
[INFO ] root - 		330	|	1	|	0.21%
[INFO ] root - 		331	|	2	|	0.41%
[INFO ] root - 		333	|	1	|	0.21%
[INFO ] root - 		336	|	1	|	0.21%
[INFO ] root - 		340	|	1	|	0.21%
[INFO ] root - 		341	|	3	|	0.62%
[INFO ] root - 		342	|	2	|	0.41%
[INFO ] root - 		347	|	1	|	0.21%
[INFO ] root - 		348	|	1	|	0.21%
[INFO ] root - 		351	|	1	|	0.21%
[INFO ] root - 		352	|	1	|	0.21%
[INFO ] root - 		360	|	1	|	0.21%
[INFO ] root - 		371	|	1	|	0.21%
[INFO ] root - 		373	|	1	|	0.21%
[INFO ] root - 		375	|	1	|	0.21%
[INFO ] root - 		377	|	1	|	0.21%
[INFO ] root - 		378	|	1	|	0.21%
[INFO ] root - 		379	|	1	|	0.21%
[INFO ] root - 		383	|	1	|	0.21%
[INFO ] root - 		389	|	1	|	0.21%
[INFO ] root - 		395	|	1	|	0.21%
[INFO ] root - 		399	|	1	|	0.21%
[INFO ] root - 		409	|	1	|	0.21%
[INFO ] root - 		410	|	1	|	0.21%
[INFO ] root - 		412	|	1	|	0.21%
[INFO ] root - 		416	|	1	|	0.21%
[INFO ] root - 		417	|	1	|	0.21%
[INFO ] root - 		418	|	1	|	0.21%
[INFO ] root - 		421	|	1	|	0.21%
[INFO ] root - 		424	|	1	|	0.21%
[INFO ] root - 		445	|	2	|	0.41%
[INFO ] root - 		452	|	1	|	0.21%
[INFO ] root - 		458	|	2	|	0.41%
[INFO ] root - 		466	|	1	|	0.21%
[INFO ] root - 		467	|	1	|	0.21%
[INFO ] root - 		469	|	1	|	0.21%
[INFO ] root - 		470	|	1	|	0.21%
[INFO ] root - 		475	|	1	|	0.21%
[INFO ] root - 		499	|	1	|	0.21%
[INFO ] root - 		507	|	1	|	0.21%
[INFO ] root - 		518	|	1	|	0.21%
[INFO ] root - 		534	|	1	|	0.21%
[INFO ] root - 		546	|	1	|	0.21%
[INFO ] root - 		550	|	1	|	0.21%
[INFO ] root - 		559	|	1	|	0.21%
[INFO ] root - 		570	|	1	|	0.21%
[INFO ] root - 		588	|	1	|	0.21%
[INFO ] root - 		589	|	1	|	0.21%
[INFO ] root - 		605	|	1	|	0.21%
[INFO ] root - 		607	|	2	|	0.41%
[INFO ] root - 		623	|	1	|	0.21%
[INFO ] root - 		656	|	1	|	0.21%
[INFO ] root - 		673	|	1	|	0.21%
[INFO ] root - 		678	|	1	|	0.21%
[INFO ] root - 		685	|	1	|	0.21%
[INFO ] root - 		686	|	1	|	0.21%
[INFO ] root - 		693	|	1	|	0.21%
[INFO ] root - 		728	|	1	|	0.21%
[INFO ] root - 		730	|	1	|	0.21%
[INFO ] root - 		734	|	1	|	0.21%
[INFO ] root - 		740	|	1	|	0.21%
[INFO ] root - 		764	|	1	|	0.21%
[INFO ] root - 		796	|	1	|	0.21%
[INFO ] root - 		811	|	1	|	0.21%
[INFO ] root - 		838	|	1	|	0.21%
[INFO ] root - 		850	|	1	|	0.21%
[INFO ] root - 		857	|	1	|	0.21%
[INFO ] root - 		1055	|	1	|	0.21%
[INFO ] root - 		1106	|	1	|	0.21%
[INFO ] root - 		1223	|	1	|	0.21%
[INFO ] root - 		1343	|	1	|	0.21%
[INFO ] root - Cluster size distribution written to /Users/onurcanmemis/Desktop/web-data-integration-team-project/output/cluster_analysis/cluster_size_distribution.csv
[INFO ] root - Confusion Matrix:
[INFO ] root -   True Positives:  94
[INFO ] root -   True Negatives:  105
[INFO ] root -   False Positives: 0
[INFO ] root -   False Negatives: 0
[INFO ] root - Performance Metrics:
[INFO ] root -   Accuracy:  1.000
[INFO ] root -   Precision: 1.000
[INFO ] root -   Recall:    1.000
[INFO ] root -   F1-Score:  1.000
[INFO ] root - Confusion Matrix:
[INFO ] root -   True Positives:  83
[INFO ] root -   True Negatives:  104
[INFO ] root -   False Positives: 0
[INFO ] root -   False Negatives: 12
[INFO ] root - Performance Metrics:
[INFO ] root -   Accuracy:  0.940
[INFO ] root -   Precision: 1.000
[INFO ] root -   Recall:    0.874
[INFO ] root -   F1-Score:  0.933
[INFO ] root - Filtered correspondences: 101348 -> 101348 (threshold=0.0)
[INFO ] root - Maximum bipartite matching: 101348 -> 12492 
[INFO ] root - MaximumBipartiteMatching: 101348 -> 12492 correspondences
[INFO ] root - MaximumBipartiteMatching: 43545 -> 24984 entities
[INFO ] root - Filtered correspondences: 391143 -> 391143 (threshold=0.0)
[INFO ] root - Maximum bipartite matching: 391143 -> 16046 
[INFO ] root - MaximumBipartiteMatching: 391143 -> 16046 correspondences
[INFO ] root - MaximumBipartiteMatching: 88533 -> 32092 entities
[INFO ] root - Cluster Size Distribution of 12492 clusters:
[INFO ] root - 	Cluster Size	| Frequency	| Percentage
[INFO ] root - 	──────────────────────────────────────────────────
[INFO ] root - 		2	|	12492	|	100.00%
[INFO ] root - Cluster size distribution written to /Users/onurcanmemis/Desktop/web-data-integration-team-project/output/cluster_analysis/cluster_size_distribution.csv
[INFO ] root - Cluster Size Distribution of 16046 clusters:
[INFO ] root - 	Cluster Size	| Frequency	| Percentage
[INFO ] root - 	──────────────────────────────────────────────────
[INFO ] root - 		2	|	16046	|	100.00%
[INFO ] root - Cluster size distribution written to /Users/onurcanmemis/Desktop/web-data-integration-team-project/output/cluster_analysis/cluster_size_distribution.csv
[INFO ] root - Confusion Matrix:
[INFO ] root -   True Positives:  22
[INFO ] root -   True Negatives:  105
[INFO ] root -   False Positives: 0
[INFO ] root -   False Negatives: 72
[INFO ] root - Performance Metrics:
[INFO ] root -   Accuracy:  0.638
[INFO ] root -   Precision: 1.000
[INFO ] root -   Recall:    0.234
[INFO ] root -   F1-Score:  0.379
[INFO ] root - Label distribution: 375 positive, 420 negative
[INFO ] root - Label distribution: 378 positive, 418 negative
[INFO ] PyDI.entitymatching.ml_based.MLBasedMatcher - Starting Entity Matching
[INFO ] PyDI.entitymatching.ml_based.MLBasedMatcher - Blocking 84461 x 14666 elements
[INFO ] PyDI.entitymatching.ml_based.MLBasedMatcher - Matching 84461 x 14666 elements after 0:00:0.188; 466402 blocked pairs (reduction ratio: 0.9996234761382167)
[INFO ] PyDI.entitymatching.ml_based.MLBasedMatcher - Entity Matching finished after 0:00:90.723; found 101348 correspondences.
[INFO ] PyDI.entitymatching.ml_based.MLBasedMatcher - Starting Entity Matching
[INFO ] PyDI.entitymatching.ml_based.MLBasedMatcher - Blocking 84461 x 16327 elements
[INFO ] PyDI.entitymatching.ml_based.MLBasedMatcher - Matching 84461 x 16327 elements after 0:00:0.236; 481978 blocked pairs (reduction ratio: 0.9996504859782471)
[INFO ] PyDI.entitymatching.ml_based.MLBasedMatcher - Entity Matching finished after 0:00:87.954; found 391143 correspondences.
[INFO ] PyDI.entitymatching.blocking.standard.StandardBlocker - created 42047 blocking keys for first dataset
[INFO ] PyDI.entitymatching.blocking.standard.StandardBlocker - created 10405 blocking keys for second dataset
[INFO ] PyDI.entitymatching.blocking.standard.StandardBlocker - created 1442 blocks from blocking keys
[INFO ] PyDI.entitymatching.blocking.standard.StandardBlocker - Debug results written to file: /Users/onurcanmemis/Desktop/web-data-integration-team-project/output/blocking_evaluation/debugResultsBlocking_StandardBlocker.csv
[INFO ] PyDI.entitymatching.blocking.sorted_neighbourhood.SortedNeighbourhoodBlocker - created sorted neighbourhood with window size 20
[INFO ] PyDI.entitymatching.blocking.sorted_neighbourhood.SortedNeighbourhoodBlocker - created 1 sorted sequence from 99127 records
[INFO ] PyDI.entitymatching.blocking.sorted_neighbourhood.SortedNeighbourhoodBlocker - Debug results written to file: /Users/onurcanmemis/Desktop/web-data-integration-team-project/output/blocking_evaluation/debugResultsBlocking_SortedNeighbourhoodBlocker.csv
[INFO ] PyDI.entitymatching.blocking.token_blocking.TokenBlocker - created 13790 token keys for first dataset
[INFO ] PyDI.entitymatching.blocking.token_blocking.TokenBlocker - created 8724 token keys for second dataset
[INFO ] PyDI.entitymatching.blocking.token_blocking.TokenBlocker - created 8309 blocks from token keys
[INFO ] PyDI.entitymatching.blocking.token_blocking.TokenBlocker - Debug results written to file: /Users/onurcanmemis/Desktop/web-data-integration-team-project/output/blocking_evaluation/debugResultsBlocking_TokenBlocker.csv
[INFO ] PyDI.entitymatching.blocking.embedding.EmbeddingBlocker - Initialized EmbeddingBlocker with sklearn backend, top_k=10, threshold=0.6
[INFO ] sentence_transformers.SentenceTransformer - Use pytorch device_name: mps
[INFO ] sentence_transformers.SentenceTransformer - Load pretrained SentenceTransformer: sentence-transformers/all-MiniLM-L6-v2
[INFO ] PyDI.entitymatching.blocking.embedding.EmbeddingBlocker - Loaded sentence transformer model: sentence-transformers/all-MiniLM-L6-v2
[INFO ] PyDI.entitymatching.blocking.embedding.EmbeddingBlocker - created 384d embeddings for first dataset
[INFO ] PyDI.entitymatching.blocking.embedding.EmbeddingBlocker - created 384d embeddings for second dataset
[INFO ] PyDI.entitymatching.blocking.embedding.EmbeddingBlocker - created similarity index with 14666 vectors, metric=cosine
[INFO ] PyDI.entitymatching.blocking.embedding.EmbeddingBlocker - Debug results written to file: /Users/onurcanmemis/Desktop/web-data-integration-team-project/output/blocking_evaluation/debugResultsBlocking_EmbeddingBlocker.csv
[INFO ] root -   Pair Completeness: 0.072
[INFO ] root -   Pair Quality:      0.004
[INFO ] root -   Reduction Ratio:   1.000
[INFO ] root -   True Matches Found: 27/375
[INFO ] root - Blocking evaluation complete!
[INFO ] root -   Pair Completeness: 0.992
[INFO ] root -   Pair Quality:      0.001
[INFO ] root -   Reduction Ratio:   1.000
[INFO ] root -   True Matches Found: 372/375
[INFO ] root - Blocking evaluation complete!
[INFO ] root -   Pair Completeness: 0.997
[INFO ] root -   Pair Quality:      0.001
[INFO ] root -   Reduction Ratio:   1.000
[INFO ] root -   True Matches Found: 374/375
[INFO ] root - Blocking evaluation complete!
[INFO ] PyDI.entitymatching.blocking.standard.StandardBlocker - created 42047 blocking keys for first dataset
[INFO ] PyDI.entitymatching.blocking.standard.StandardBlocker - created 10405 blocking keys for second dataset
[INFO ] PyDI.entitymatching.blocking.standard.StandardBlocker - created 1442 blocks from blocking keys
[INFO ] PyDI.entitymatching.blocking.standard.StandardBlocker - Debug results written to file: /Users/onurcanmemis/Desktop/web-data-integration-team-project/output/blocking_evaluation/debugResultsBlocking_StandardBlocker.csv
[INFO ] PyDI.entitymatching.blocking.sorted_neighbourhood.SortedNeighbourhoodBlocker - created sorted neighbourhood with window size 20
[INFO ] PyDI.entitymatching.blocking.sorted_neighbourhood.SortedNeighbourhoodBlocker - created 1 sorted sequence from 99127 records
[INFO ] PyDI.entitymatching.blocking.sorted_neighbourhood.SortedNeighbourhoodBlocker - Debug results written to file: /Users/onurcanmemis/Desktop/web-data-integration-team-project/output/blocking_evaluation/debugResultsBlocking_SortedNeighbourhoodBlocker.csv
[INFO ] PyDI.entitymatching.blocking.token_blocking.TokenBlocker - created 13790 token keys for first dataset
[INFO ] PyDI.entitymatching.blocking.token_blocking.TokenBlocker - created 8724 token keys for second dataset
[INFO ] PyDI.entitymatching.blocking.token_blocking.TokenBlocker - created 8309 blocks from token keys
[INFO ] PyDI.entitymatching.blocking.token_blocking.TokenBlocker - Debug results written to file: /Users/onurcanmemis/Desktop/web-data-integration-team-project/output/blocking_evaluation/debugResultsBlocking_TokenBlocker.csv
[INFO ] PyDI.entitymatching.blocking.embedding.EmbeddingBlocker - Initialized EmbeddingBlocker with sklearn backend, top_k=10, threshold=0.9
[INFO ] sentence_transformers.SentenceTransformer - Use pytorch device_name: mps
[INFO ] sentence_transformers.SentenceTransformer - Load pretrained SentenceTransformer: sentence-transformers/all-MiniLM-L6-v2
[INFO ] PyDI.entitymatching.blocking.embedding.EmbeddingBlocker - Loaded sentence transformer model: sentence-transformers/all-MiniLM-L6-v2
[INFO ] PyDI.entitymatching.blocking.embedding.EmbeddingBlocker - created 384d embeddings for first dataset
[INFO ] PyDI.entitymatching.blocking.embedding.EmbeddingBlocker - created 384d embeddings for second dataset
[INFO ] PyDI.entitymatching.blocking.embedding.EmbeddingBlocker - created similarity index with 14666 vectors, metric=cosine
[INFO ] PyDI.entitymatching.blocking.embedding.EmbeddingBlocker - Debug results written to file: /Users/onurcanmemis/Desktop/web-data-integration-team-project/output/blocking_evaluation/debugResultsBlocking_EmbeddingBlocker.csv
[INFO ] root -   Pair Completeness: 0.072
[INFO ] root -   Pair Quality:      0.004
[INFO ] root -   Reduction Ratio:   1.000
[INFO ] root -   True Matches Found: 27/375
[INFO ] root - Blocking evaluation complete!
[INFO ] root -   Pair Completeness: 0.992
[INFO ] root -   Pair Quality:      0.001
[INFO ] root -   Reduction Ratio:   1.000
[INFO ] root -   True Matches Found: 372/375
[INFO ] root - Blocking evaluation complete!
[INFO ] root -   Pair Completeness: 0.979
[INFO ] root -   Pair Quality:      0.021
[INFO ] root -   Reduction Ratio:   1.000
[INFO ] root -   True Matches Found: 367/375
[INFO ] root - Blocking evaluation complete!
[INFO ] PyDI.entitymatching.blocking.standard.StandardBlocker - created 42048 blocking keys for first dataset
[INFO ] PyDI.entitymatching.blocking.standard.StandardBlocker - created 11732 blocking keys for second dataset
[INFO ] PyDI.entitymatching.blocking.standard.StandardBlocker - created 2570 blocks from blocking keys
[INFO ] PyDI.entitymatching.blocking.standard.StandardBlocker - Debug results written to file: /Users/onurcanmemis/Desktop/web-data-integration-team-project/output/blocking_evaluation/debugResultsBlocking_StandardBlocker.csv
[INFO ] PyDI.entitymatching.blocking.sorted_neighbourhood.SortedNeighbourhoodBlocker - created sorted neighbourhood with window size 20
[INFO ] PyDI.entitymatching.blocking.sorted_neighbourhood.SortedNeighbourhoodBlocker - created 1 sorted sequence from 100788 records
[INFO ] PyDI.entitymatching.blocking.sorted_neighbourhood.SortedNeighbourhoodBlocker - Debug results written to file: /Users/onurcanmemis/Desktop/web-data-integration-team-project/output/blocking_evaluation/debugResultsBlocking_SortedNeighbourhoodBlocker.csv
[INFO ] PyDI.entitymatching.blocking.token_blocking.TokenBlocker - created 13790 token keys for first dataset
[INFO ] PyDI.entitymatching.blocking.token_blocking.TokenBlocker - created 10094 token keys for second dataset
[INFO ] PyDI.entitymatching.blocking.token_blocking.TokenBlocker - created 9094 blocks from token keys
[INFO ] PyDI.entitymatching.blocking.token_blocking.TokenBlocker - Debug results written to file: /Users/onurcanmemis/Desktop/web-data-integration-team-project/output/blocking_evaluation/debugResultsBlocking_TokenBlocker.csv
[INFO ] PyDI.entitymatching.blocking.embedding.EmbeddingBlocker - Initialized EmbeddingBlocker with sklearn backend, top_k=10, threshold=0.9
[INFO ] sentence_transformers.SentenceTransformer - Use pytorch device_name: mps
[INFO ] sentence_transformers.SentenceTransformer - Load pretrained SentenceTransformer: sentence-transformers/all-MiniLM-L6-v2
[INFO ] PyDI.entitymatching.blocking.embedding.EmbeddingBlocker - Loaded sentence transformer model: sentence-transformers/all-MiniLM-L6-v2
[INFO ] PyDI.entitymatching.blocking.embedding.EmbeddingBlocker - created 384d embeddings for first dataset
[INFO ] PyDI.entitymatching.blocking.embedding.EmbeddingBlocker - created 384d embeddings for second dataset
[INFO ] PyDI.entitymatching.blocking.embedding.EmbeddingBlocker - created similarity index with 16327 vectors, metric=cosine
[INFO ] PyDI.entitymatching.blocking.embedding.EmbeddingBlocker - Debug results written to file: /Users/onurcanmemis/Desktop/web-data-integration-team-project/output/blocking_evaluation/debugResultsBlocking_EmbeddingBlocker.csv
[INFO ] root -   Pair Completeness: 0.280
[INFO ] root -   Pair Quality:      0.007
[INFO ] root -   Reduction Ratio:   1.000
[INFO ] root -   True Matches Found: 106/378
[INFO ] root - Blocking evaluation complete!
[INFO ] root -   Pair Completeness: 0.857
[INFO ] root -   Pair Quality:      0.001
[INFO ] root -   Reduction Ratio:   1.000
[INFO ] root -   True Matches Found: 324/378
[INFO ] root - Blocking evaluation complete!
[INFO ] root -   Pair Completeness: 0.868
[INFO ] root -   Pair Quality:      0.018
[INFO ] root -   Reduction Ratio:   1.000
[INFO ] root -   True Matches Found: 328/378
[INFO ] root - Blocking evaluation complete!
[INFO ] PyDI.entitymatching.blocking.standard.StandardBlocker - created 42047 blocking keys for first dataset
[INFO ] PyDI.entitymatching.blocking.standard.StandardBlocker - created 10405 blocking keys for second dataset
[INFO ] PyDI.entitymatching.blocking.standard.StandardBlocker - created 1442 blocks from blocking keys
[INFO ] PyDI.entitymatching.blocking.standard.StandardBlocker - Debug results written to file: /Users/onurcanmemis/Desktop/web-data-integration-team-project/output/blocking_evaluation/debugResultsBlocking_StandardBlocker.csv
[INFO ] PyDI.entitymatching.blocking.sorted_neighbourhood.SortedNeighbourhoodBlocker - created sorted neighbourhood with window size 20
[INFO ] PyDI.entitymatching.blocking.sorted_neighbourhood.SortedNeighbourhoodBlocker - created 1 sorted sequence from 99127 records
[INFO ] PyDI.entitymatching.blocking.sorted_neighbourhood.SortedNeighbourhoodBlocker - Debug results written to file: /Users/onurcanmemis/Desktop/web-data-integration-team-project/output/blocking_evaluation/debugResultsBlocking_SortedNeighbourhoodBlocker.csv
[INFO ] PyDI.entitymatching.blocking.token_blocking.TokenBlocker - created 13790 token keys for first dataset
[INFO ] PyDI.entitymatching.blocking.token_blocking.TokenBlocker - created 8724 token keys for second dataset
[INFO ] PyDI.entitymatching.blocking.token_blocking.TokenBlocker - created 8309 blocks from token keys
[INFO ] PyDI.entitymatching.blocking.token_blocking.TokenBlocker - Debug results written to file: /Users/onurcanmemis/Desktop/web-data-integration-team-project/output/blocking_evaluation/debugResultsBlocking_TokenBlocker.csv
[INFO ] PyDI.entitymatching.blocking.embedding.EmbeddingBlocker - Initialized EmbeddingBlocker with sklearn backend, top_k=10, threshold=0.8
[INFO ] sentence_transformers.SentenceTransformer - Use pytorch device_name: mps
[INFO ] sentence_transformers.SentenceTransformer - Load pretrained SentenceTransformer: sentence-transformers/all-MiniLM-L6-v2
[INFO ] PyDI.entitymatching.blocking.embedding.EmbeddingBlocker - Loaded sentence transformer model: sentence-transformers/all-MiniLM-L6-v2
[INFO ] PyDI.entitymatching.blocking.standard.StandardBlocker - created 42047 blocking keys for first dataset
[INFO ] PyDI.entitymatching.blocking.standard.StandardBlocker - created 10405 blocking keys for second dataset
[INFO ] PyDI.entitymatching.blocking.standard.StandardBlocker - created 1442 blocks from blocking keys
[INFO ] PyDI.entitymatching.blocking.standard.StandardBlocker - Debug results written to file: /Users/onurcanmemis/Desktop/web-data-integration-team-project/output/blocking_evaluation/debugResultsBlocking_StandardBlocker.csv
[INFO ] PyDI.entitymatching.blocking.sorted_neighbourhood.SortedNeighbourhoodBlocker - created sorted neighbourhood with window size 20
[INFO ] PyDI.entitymatching.blocking.sorted_neighbourhood.SortedNeighbourhoodBlocker - created 1 sorted sequence from 99127 records
[INFO ] PyDI.entitymatching.blocking.sorted_neighbourhood.SortedNeighbourhoodBlocker - Debug results written to file: /Users/onurcanmemis/Desktop/web-data-integration-team-project/output/blocking_evaluation/debugResultsBlocking_SortedNeighbourhoodBlocker.csv
[INFO ] PyDI.entitymatching.blocking.token_blocking.TokenBlocker - created 13790 token keys for first dataset
[INFO ] PyDI.entitymatching.blocking.token_blocking.TokenBlocker - created 8724 token keys for second dataset
[INFO ] PyDI.entitymatching.blocking.token_blocking.TokenBlocker - created 8309 blocks from token keys
[INFO ] PyDI.entitymatching.blocking.token_blocking.TokenBlocker - Debug results written to file: /Users/onurcanmemis/Desktop/web-data-integration-team-project/output/blocking_evaluation/debugResultsBlocking_TokenBlocker.csv
[INFO ] PyDI.entitymatching.blocking.embedding.EmbeddingBlocker - Initialized EmbeddingBlocker with sklearn backend, top_k=10, threshold=0.8
[INFO ] sentence_transformers.SentenceTransformer - Use pytorch device_name: mps
[INFO ] sentence_transformers.SentenceTransformer - Load pretrained SentenceTransformer: sentence-transformers/all-MiniLM-L6-v2
[INFO ] PyDI.entitymatching.blocking.embedding.EmbeddingBlocker - Loaded sentence transformer model: sentence-transformers/all-MiniLM-L6-v2
[INFO ] PyDI.entitymatching.blocking.embedding.EmbeddingBlocker - created 384d embeddings for first dataset
[INFO ] PyDI.entitymatching.blocking.embedding.EmbeddingBlocker - created 384d embeddings for second dataset
[INFO ] PyDI.entitymatching.blocking.embedding.EmbeddingBlocker - created similarity index with 14666 vectors, metric=cosine
[INFO ] PyDI.entitymatching.blocking.embedding.EmbeddingBlocker - Debug results written to file: /Users/onurcanmemis/Desktop/web-data-integration-team-project/output/blocking_evaluation/debugResultsBlocking_EmbeddingBlocker.csv
[INFO ] PyDI.entitymatching.blocking.standard.StandardBlocker - created 42048 blocking keys for first dataset
[INFO ] PyDI.entitymatching.blocking.standard.StandardBlocker - created 11732 blocking keys for second dataset
[INFO ] PyDI.entitymatching.blocking.standard.StandardBlocker - created 2570 blocks from blocking keys
[INFO ] PyDI.entitymatching.blocking.standard.StandardBlocker - Debug results written to file: /Users/onurcanmemis/Desktop/web-data-integration-team-project/output/blocking_evaluation/debugResultsBlocking_StandardBlocker.csv
[INFO ] PyDI.entitymatching.blocking.sorted_neighbourhood.SortedNeighbourhoodBlocker - created sorted neighbourhood with window size 20
[INFO ] PyDI.entitymatching.blocking.sorted_neighbourhood.SortedNeighbourhoodBlocker - created 1 sorted sequence from 100788 records
[INFO ] PyDI.entitymatching.blocking.sorted_neighbourhood.SortedNeighbourhoodBlocker - Debug results written to file: /Users/onurcanmemis/Desktop/web-data-integration-team-project/output/blocking_evaluation/debugResultsBlocking_SortedNeighbourhoodBlocker.csv
[INFO ] PyDI.entitymatching.blocking.token_blocking.TokenBlocker - created 13790 token keys for first dataset
[INFO ] PyDI.entitymatching.blocking.token_blocking.TokenBlocker - created 10094 token keys for second dataset
[INFO ] PyDI.entitymatching.blocking.token_blocking.TokenBlocker - created 9094 blocks from token keys
[INFO ] PyDI.entitymatching.blocking.token_blocking.TokenBlocker - Debug results written to file: /Users/onurcanmemis/Desktop/web-data-integration-team-project/output/blocking_evaluation/debugResultsBlocking_TokenBlocker.csv
[INFO ] PyDI.entitymatching.blocking.embedding.EmbeddingBlocker - Initialized EmbeddingBlocker with sklearn backend, top_k=10, threshold=0.8
[INFO ] sentence_transformers.SentenceTransformer - Use pytorch device_name: mps
[INFO ] sentence_transformers.SentenceTransformer - Load pretrained SentenceTransformer: sentence-transformers/all-MiniLM-L6-v2
[INFO ] PyDI.entitymatching.blocking.embedding.EmbeddingBlocker - Loaded sentence transformer model: sentence-transformers/all-MiniLM-L6-v2
[INFO ] PyDI.entitymatching.blocking.embedding.EmbeddingBlocker - created 384d embeddings for first dataset
[INFO ] PyDI.entitymatching.blocking.embedding.EmbeddingBlocker - created 384d embeddings for second dataset
[INFO ] PyDI.entitymatching.blocking.embedding.EmbeddingBlocker - created similarity index with 16327 vectors, metric=cosine
[INFO ] PyDI.entitymatching.blocking.embedding.EmbeddingBlocker - Debug results written to file: /Users/onurcanmemis/Desktop/web-data-integration-team-project/output/blocking_evaluation/debugResultsBlocking_EmbeddingBlocker.csv
[INFO ] root -   Pair Completeness: 0.072
[INFO ] root -   Pair Quality:      0.004
[INFO ] root -   Reduction Ratio:   1.000
[INFO ] root -   True Matches Found: 27/375
[INFO ] root - Blocking evaluation complete!
[INFO ] root -   Pair Completeness: 0.992
[INFO ] root -   Pair Quality:      0.001
[INFO ] root -   Reduction Ratio:   1.000
[INFO ] root -   True Matches Found: 372/375
[INFO ] root - Blocking evaluation complete!
[INFO ] root -   Pair Completeness: 0.995
[INFO ] root -   Pair Quality:      0.007
[INFO ] root -   Reduction Ratio:   1.000
[INFO ] root -   True Matches Found: 373/375
[INFO ] root - Blocking evaluation complete!
[INFO ] root -   Pair Completeness: 0.280
[INFO ] root -   Pair Quality:      0.007
[INFO ] root -   Reduction Ratio:   1.000
[INFO ] root -   True Matches Found: 106/378
[INFO ] root - Blocking evaluation complete!
[INFO ] root -   Pair Completeness: 0.857
[INFO ] root -   Pair Quality:      0.001
[INFO ] root -   Reduction Ratio:   1.000
[INFO ] root -   True Matches Found: 324/378
[INFO ] root - Blocking evaluation complete!
[INFO ] root -   Pair Completeness: 0.934
[INFO ] root -   Pair Quality:      0.006
[INFO ] root -   Reduction Ratio:   1.000
[INFO ] root -   True Matches Found: 353/378
[INFO ] root - Blocking evaluation complete!
[INFO ] PyDI.entitymatching.rule_based.RuleBasedMatcher - Starting Entity Matching
[INFO ] PyDI.entitymatching.rule_based.RuleBasedMatcher - Blocking 84461 x 14666 elements
[INFO ] PyDI.entitymatching.rule_based.RuleBasedMatcher - Matching 84461 x 14666 elements after 0:00:0.019; 53825 blocked pairs (reduction ratio: 0.9999565473628748)
[INFO ] PyDI.entitymatching.rule_based.RuleBasedMatcher - Entity Matching finished after 0:00:4.705; found 25968 correspondences.
[INFO ] PyDI.entitymatching.rule_based.RuleBasedMatcher - Starting Entity Matching
[INFO ] PyDI.entitymatching.rule_based.RuleBasedMatcher - Blocking 84461 x 16327 elements
[INFO ] PyDI.entitymatching.rule_based.RuleBasedMatcher - Matching 84461 x 16327 elements after 0:00:0.011; 58599 blocked pairs (reduction ratio: 0.9999575060020153)
[INFO ] PyDI.entitymatching.rule_based.RuleBasedMatcher - Entity Matching finished after 0:00:5.016; found 25290 correspondences.
[INFO ] root - Cluster Size Distribution of 7484 clusters:
[INFO ] root - 	Cluster Size	| Frequency	| Percentage
[INFO ] root - 	──────────────────────────────────────────────────
[INFO ] root - 		2	|	4140	|	55.32%
[INFO ] root - 		3	|	876	|	11.70%
[INFO ] root - 		4	|	728	|	9.73%
[INFO ] root - 		5	|	445	|	5.95%
[INFO ] root - 		6	|	479	|	6.40%
[INFO ] root - 		7	|	239	|	3.19%
[INFO ] root - 		8	|	202	|	2.70%
[INFO ] root - 		9	|	112	|	1.50%
[INFO ] root - 		10	|	71	|	0.95%
[INFO ] root - 		11	|	58	|	0.77%
[INFO ] root - 		12	|	32	|	0.43%
[INFO ] root - 		13	|	21	|	0.28%
[INFO ] root - 		14	|	17	|	0.23%
[INFO ] root - 		15	|	11	|	0.15%
[INFO ] root - 		16	|	3	|	0.04%
[INFO ] root - 		17	|	9	|	0.12%
[INFO ] root - 		18	|	2	|	0.03%
[INFO ] root - 		19	|	6	|	0.08%
[INFO ] root - 		20	|	6	|	0.08%
[INFO ] root - 		21	|	2	|	0.03%
[INFO ] root - 		22	|	1	|	0.01%
[INFO ] root - 		24	|	4	|	0.05%
[INFO ] root - 		25	|	2	|	0.03%
[INFO ] root - 		26	|	1	|	0.01%
[INFO ] root - 		27	|	2	|	0.03%
[INFO ] root - 		28	|	4	|	0.05%
[INFO ] root - 		29	|	1	|	0.01%
[INFO ] root - 		32	|	1	|	0.01%
[INFO ] root - 		33	|	1	|	0.01%
[INFO ] root - 		35	|	1	|	0.01%
[INFO ] root - 		37	|	1	|	0.01%
[INFO ] root - 		39	|	1	|	0.01%
[INFO ] root - 		42	|	1	|	0.01%
[INFO ] root - 		53	|	1	|	0.01%
[INFO ] root - 		58	|	1	|	0.01%
[INFO ] root - 		74	|	1	|	0.01%
[INFO ] root - 		118	|	1	|	0.01%
[INFO ] root - Cluster size distribution written to /Users/onurcanmemis/Desktop/web-data-integration-team-project/output/cluster_analysis/cluster_size_distribution.csv
[INFO ] root - Cluster Size Distribution of 5659 clusters:
[INFO ] root - 	Cluster Size	| Frequency	| Percentage
[INFO ] root - 	──────────────────────────────────────────────────
[INFO ] root - 		2	|	3239	|	57.24%
[INFO ] root - 		3	|	628	|	11.10%
[INFO ] root - 		4	|	560	|	9.90%
[INFO ] root - 		5	|	299	|	5.28%
[INFO ] root - 		6	|	269	|	4.75%
[INFO ] root - 		7	|	136	|	2.40%
[INFO ] root - 		8	|	113	|	2.00%
[INFO ] root - 		9	|	79	|	1.40%
[INFO ] root - 		10	|	78	|	1.38%
[INFO ] root - 		11	|	50	|	0.88%
[INFO ] root - 		12	|	37	|	0.65%
[INFO ] root - 		13	|	21	|	0.37%
[INFO ] root - 		14	|	23	|	0.41%
[INFO ] root - 		15	|	25	|	0.44%
[INFO ] root - 		16	|	17	|	0.30%
[INFO ] root - 		17	|	9	|	0.16%
[INFO ] root - 		18	|	10	|	0.18%
[INFO ] root - 		19	|	4	|	0.07%
[INFO ] root - 		20	|	4	|	0.07%
[INFO ] root - 		21	|	2	|	0.04%
[INFO ] root - 		22	|	5	|	0.09%
[INFO ] root - 		23	|	1	|	0.02%
[INFO ] root - 		24	|	3	|	0.05%
[INFO ] root - 		25	|	4	|	0.07%
[INFO ] root - 		26	|	3	|	0.05%
[INFO ] root - 		28	|	3	|	0.05%
[INFO ] root - 		29	|	1	|	0.02%
[INFO ] root - 		30	|	2	|	0.04%
[INFO ] root - 		31	|	3	|	0.05%
[INFO ] root - 		32	|	4	|	0.07%
[INFO ] root - 		33	|	1	|	0.02%
[INFO ] root - 		34	|	2	|	0.04%
[INFO ] root - 		36	|	2	|	0.04%
[INFO ] root - 		38	|	3	|	0.05%
[INFO ] root - 		39	|	1	|	0.02%
[INFO ] root - 		41	|	1	|	0.02%
[INFO ] root - 		43	|	2	|	0.04%
[INFO ] root - 		44	|	3	|	0.05%
[INFO ] root - 		53	|	1	|	0.02%
[INFO ] root - 		54	|	1	|	0.02%
[INFO ] root - 		56	|	1	|	0.02%
[INFO ] root - 		59	|	1	|	0.02%
[INFO ] root - 		66	|	3	|	0.05%
[INFO ] root - 		71	|	1	|	0.02%
[INFO ] root - 		72	|	1	|	0.02%
[INFO ] root - 		108	|	1	|	0.02%
[INFO ] root - 		122	|	1	|	0.02%
[INFO ] root - 		126	|	1	|	0.02%
[INFO ] root - Cluster size distribution written to /Users/onurcanmemis/Desktop/web-data-integration-team-project/output/cluster_analysis/cluster_size_distribution.csv
[INFO ] root - Confusion Matrix:
[INFO ] root -   True Positives:  92
[INFO ] root -   True Negatives:  104
[INFO ] root -   False Positives: 1
[INFO ] root -   False Negatives: 2
[INFO ] root - Performance Metrics:
[INFO ] root -   Accuracy:  0.985
[INFO ] root -   Precision: 0.989
[INFO ] root -   Recall:    0.979
[INFO ] root -   F1-Score:  0.984
[INFO ] root - Confusion Matrix:
[INFO ] root -   True Positives:  87
[INFO ] root -   True Negatives:  104
[INFO ] root -   False Positives: 0
[INFO ] root -   False Negatives: 8
[INFO ] root - Performance Metrics:
[INFO ] root -   Accuracy:  0.960
[INFO ] root -   Precision: 1.000
[INFO ] root -   Recall:    0.916
[INFO ] root -   F1-Score:  0.956
[INFO ] root - Label distribution: 375 positive, 420 negative
[INFO ] root - Label distribution: 378 positive, 418 negative
[INFO ] PyDI.entitymatching.ml_based.MLBasedMatcher - Starting Entity Matching
[INFO ] PyDI.entitymatching.ml_based.MLBasedMatcher - Blocking 84461 x 14666 elements
[INFO ] PyDI.entitymatching.ml_based.MLBasedMatcher - Matching 84461 x 14666 elements after 0:00:0.253; 466402 blocked pairs (reduction ratio: 0.9996234761382167)
[INFO ] PyDI.entitymatching.ml_based.MLBasedMatcher - Entity Matching finished after 0:00:100.959; found 101348 correspondences.
[INFO ] PyDI.entitymatching.ml_based.MLBasedMatcher - Starting Entity Matching
[INFO ] PyDI.entitymatching.ml_based.MLBasedMatcher - Blocking 84461 x 16327 elements
[INFO ] PyDI.entitymatching.ml_based.MLBasedMatcher - Matching 84461 x 16327 elements after 0:00:0.271; 481978 blocked pairs (reduction ratio: 0.9996504859782471)
[INFO ] PyDI.entitymatching.ml_based.MLBasedMatcher - Entity Matching finished after 0:00:101.958; found 391143 correspondences.
[INFO ] root - Cluster Size Distribution of 5131 clusters:
[INFO ] root - 	Cluster Size	| Frequency	| Percentage
[INFO ] root - 	──────────────────────────────────────────────────
[INFO ] root - 		2	|	1019	|	19.86%
[INFO ] root - 		3	|	597	|	11.64%
[INFO ] root - 		4	|	616	|	12.01%
[INFO ] root - 		5	|	480	|	9.35%
[INFO ] root - 		6	|	455	|	8.87%
[INFO ] root - 		7	|	306	|	5.96%
[INFO ] root - 		8	|	261	|	5.09%
[INFO ] root - 		9	|	209	|	4.07%
[INFO ] root - 		10	|	144	|	2.81%
[INFO ] root - 		11	|	134	|	2.61%
[INFO ] root - 		12	|	89	|	1.73%
[INFO ] root - 		13	|	102	|	1.99%
[INFO ] root - 		14	|	68	|	1.33%
[INFO ] root - 		15	|	62	|	1.21%
[INFO ] root - 		16	|	62	|	1.21%
[INFO ] root - 		17	|	45	|	0.88%
[INFO ] root - 		18	|	42	|	0.82%
[INFO ] root - 		19	|	29	|	0.57%
[INFO ] root - 		20	|	33	|	0.64%
[INFO ] root - 		21	|	36	|	0.70%
[INFO ] root - 		22	|	22	|	0.43%
[INFO ] root - 		23	|	20	|	0.39%
[INFO ] root - 		24	|	15	|	0.29%
[INFO ] root - 		25	|	28	|	0.55%
[INFO ] root - 		26	|	15	|	0.29%
[INFO ] root - 		27	|	18	|	0.35%
[INFO ] root - 		28	|	12	|	0.23%
[INFO ] root - 		29	|	18	|	0.35%
[INFO ] root - 		30	|	12	|	0.23%
[INFO ] root - 		31	|	8	|	0.16%
[INFO ] root - 		32	|	13	|	0.25%
[INFO ] root - 		33	|	6	|	0.12%
[INFO ] root - 		34	|	9	|	0.18%
[INFO ] root - 		35	|	6	|	0.12%
[INFO ] root - 		36	|	4	|	0.08%
[INFO ] root - 		37	|	11	|	0.21%
[INFO ] root - 		38	|	4	|	0.08%
[INFO ] root - 		39	|	6	|	0.12%
[INFO ] root - 		40	|	10	|	0.19%
[INFO ] root - 		41	|	9	|	0.18%
[INFO ] root - 		42	|	4	|	0.08%
[INFO ] root - 		43	|	3	|	0.06%
[INFO ] root - 		44	|	3	|	0.06%
[INFO ] root - 		45	|	5	|	0.10%
[INFO ] root - 		46	|	1	|	0.02%
[INFO ] root - 		47	|	4	|	0.08%
[INFO ] root - 		48	|	2	|	0.04%
[INFO ] root - 		49	|	4	|	0.08%
[INFO ] root - 		52	|	3	|	0.06%
[INFO ] root - 		53	|	4	|	0.08%
[INFO ] root - 		54	|	2	|	0.04%
[INFO ] root - 		56	|	1	|	0.02%
[INFO ] root - 		57	|	3	|	0.06%
[INFO ] root - 		58	|	4	|	0.08%
[INFO ] root - 		59	|	2	|	0.04%
[INFO ] root - 		60	|	2	|	0.04%
[INFO ] root - 		61	|	1	|	0.02%
[INFO ] root - 		63	|	1	|	0.02%
[INFO ] root - 		64	|	2	|	0.04%
[INFO ] root - 		65	|	2	|	0.04%
[INFO ] root - 		66	|	4	|	0.08%
[INFO ] root - 		67	|	1	|	0.02%
[INFO ] root - 		68	|	3	|	0.06%
[INFO ] root - 		69	|	1	|	0.02%
[INFO ] root - 		70	|	2	|	0.04%
[INFO ] root - 		72	|	3	|	0.06%
[INFO ] root - 		75	|	1	|	0.02%
[INFO ] root - 		76	|	1	|	0.02%
[INFO ] root - 		78	|	1	|	0.02%
[INFO ] root - 		81	|	2	|	0.04%
[INFO ] root - 		82	|	1	|	0.02%
[INFO ] root - 		83	|	1	|	0.02%
[INFO ] root - 		84	|	1	|	0.02%
[INFO ] root - 		91	|	2	|	0.04%
[INFO ] root - 		94	|	1	|	0.02%
[INFO ] root - 		100	|	1	|	0.02%
[INFO ] root - 		102	|	2	|	0.04%
[INFO ] root - 		106	|	1	|	0.02%
[INFO ] root - 		107	|	1	|	0.02%
[INFO ] root - 		110	|	1	|	0.02%
[INFO ] root - 		119	|	1	|	0.02%
[INFO ] root - 		121	|	1	|	0.02%
[INFO ] root - 		124	|	2	|	0.04%
[INFO ] root - 		153	|	1	|	0.02%
[INFO ] root - 		154	|	1	|	0.02%
[INFO ] root - 		164	|	1	|	0.02%
[INFO ] root - 		166	|	1	|	0.02%
[INFO ] root - 		179	|	1	|	0.02%
[INFO ] root - 		195	|	1	|	0.02%
[INFO ] root - 		204	|	1	|	0.02%
[INFO ] root - 		218	|	1	|	0.02%
[INFO ] root - Cluster size distribution written to /Users/onurcanmemis/Desktop/web-data-integration-team-project/output/cluster_analysis/cluster_size_distribution.csv
[INFO ] root - Cluster Size Distribution of 485 clusters:
[INFO ] root - 	Cluster Size	| Frequency	| Percentage
[INFO ] root - 	──────────────────────────────────────────────────
[INFO ] root - 		2	|	1	|	0.21%
[INFO ] root - 		3	|	2	|	0.41%
[INFO ] root - 		4	|	3	|	0.62%
[INFO ] root - 		5	|	2	|	0.41%
[INFO ] root - 		7	|	4	|	0.82%
[INFO ] root - 		8	|	1	|	0.21%
[INFO ] root - 		9	|	1	|	0.21%
[INFO ] root - 		10	|	1	|	0.21%
[INFO ] root - 		12	|	1	|	0.21%
[INFO ] root - 		13	|	2	|	0.41%
[INFO ] root - 		15	|	1	|	0.21%
[INFO ] root - 		17	|	1	|	0.21%
[INFO ] root - 		19	|	1	|	0.21%
[INFO ] root - 		20	|	2	|	0.41%
[INFO ] root - 		22	|	1	|	0.21%
[INFO ] root - 		23	|	1	|	0.21%
[INFO ] root - 		24	|	2	|	0.41%
[INFO ] root - 		25	|	3	|	0.62%
[INFO ] root - 		26	|	4	|	0.82%
[INFO ] root - 		28	|	1	|	0.21%
[INFO ] root - 		29	|	2	|	0.41%
[INFO ] root - 		30	|	5	|	1.03%
[INFO ] root - 		31	|	2	|	0.41%
[INFO ] root - 		32	|	4	|	0.82%
[INFO ] root - 		34	|	3	|	0.62%
[INFO ] root - 		35	|	3	|	0.62%
[INFO ] root - 		36	|	1	|	0.21%
[INFO ] root - 		37	|	7	|	1.44%
[INFO ] root - 		38	|	1	|	0.21%
[INFO ] root - 		39	|	3	|	0.62%
[INFO ] root - 		40	|	3	|	0.62%
[INFO ] root - 		41	|	7	|	1.44%
[INFO ] root - 		42	|	7	|	1.44%
[INFO ] root - 		43	|	6	|	1.24%
[INFO ] root - 		44	|	3	|	0.62%
[INFO ] root - 		45	|	3	|	0.62%
[INFO ] root - 		46	|	1	|	0.21%
[INFO ] root - 		47	|	1	|	0.21%
[INFO ] root - 		48	|	1	|	0.21%
[INFO ] root - 		49	|	4	|	0.82%
[INFO ] root - 		50	|	3	|	0.62%
[INFO ] root - 		51	|	3	|	0.62%
[INFO ] root - 		52	|	3	|	0.62%
[INFO ] root - 		53	|	3	|	0.62%
[INFO ] root - 		54	|	2	|	0.41%
[INFO ] root - 		55	|	2	|	0.41%
[INFO ] root - 		56	|	5	|	1.03%
[INFO ] root - 		57	|	4	|	0.82%
[INFO ] root - 		58	|	3	|	0.62%
[INFO ] root - 		60	|	3	|	0.62%
[INFO ] root - 		61	|	1	|	0.21%
[INFO ] root - 		62	|	2	|	0.41%
[INFO ] root - 		63	|	3	|	0.62%
[INFO ] root - 		64	|	2	|	0.41%
[INFO ] root - 		65	|	3	|	0.62%
[INFO ] root - 		66	|	2	|	0.41%
[INFO ] root - 		67	|	1	|	0.21%
[INFO ] root - 		68	|	2	|	0.41%
[INFO ] root - 		69	|	3	|	0.62%
[INFO ] root - 		70	|	3	|	0.62%
[INFO ] root - 		71	|	5	|	1.03%
[INFO ] root - 		72	|	1	|	0.21%
[INFO ] root - 		73	|	4	|	0.82%
[INFO ] root - 		74	|	4	|	0.82%
[INFO ] root - 		75	|	2	|	0.41%
[INFO ] root - 		77	|	5	|	1.03%
[INFO ] root - 		78	|	5	|	1.03%
[INFO ] root - 		79	|	4	|	0.82%
[INFO ] root - 		80	|	1	|	0.21%
[INFO ] root - 		82	|	3	|	0.62%
[INFO ] root - 		83	|	5	|	1.03%
[INFO ] root - 		84	|	3	|	0.62%
[INFO ] root - 		85	|	1	|	0.21%
[INFO ] root - 		86	|	3	|	0.62%
[INFO ] root - 		87	|	1	|	0.21%
[INFO ] root - 		88	|	3	|	0.62%
[INFO ] root - 		89	|	2	|	0.41%
[INFO ] root - 		90	|	1	|	0.21%
[INFO ] root - 		91	|	1	|	0.21%
[INFO ] root - 		92	|	1	|	0.21%
[INFO ] root - 		93	|	2	|	0.41%
[INFO ] root - 		94	|	3	|	0.62%
[INFO ] root - 		95	|	2	|	0.41%
[INFO ] root - 		96	|	1	|	0.21%
[INFO ] root - 		97	|	2	|	0.41%
[INFO ] root - 		98	|	4	|	0.82%
[INFO ] root - 		99	|	1	|	0.21%
[INFO ] root - 		100	|	2	|	0.41%
[INFO ] root - 		101	|	2	|	0.41%
[INFO ] root - 		102	|	1	|	0.21%
[INFO ] root - 		103	|	1	|	0.21%
[INFO ] root - 		105	|	1	|	0.21%
[INFO ] root - 		106	|	2	|	0.41%
[INFO ] root - 		107	|	1	|	0.21%
[INFO ] root - 		108	|	2	|	0.41%
[INFO ] root - 		109	|	1	|	0.21%
[INFO ] root - 		110	|	2	|	0.41%
[INFO ] root - 		111	|	1	|	0.21%
[INFO ] root - 		112	|	1	|	0.21%
[INFO ] root - 		113	|	1	|	0.21%
[INFO ] root - 		114	|	4	|	0.82%
[INFO ] root - 		115	|	1	|	0.21%
[INFO ] root - 		116	|	3	|	0.62%
[INFO ] root - 		117	|	3	|	0.62%
[INFO ] root - 		118	|	2	|	0.41%
[INFO ] root - 		120	|	1	|	0.21%
[INFO ] root - 		121	|	2	|	0.41%
[INFO ] root - 		123	|	2	|	0.41%
[INFO ] root - 		125	|	4	|	0.82%
[INFO ] root - 		127	|	1	|	0.21%
[INFO ] root - 		129	|	1	|	0.21%
[INFO ] root - 		131	|	1	|	0.21%
[INFO ] root - 		132	|	4	|	0.82%
[INFO ] root - 		135	|	3	|	0.62%
[INFO ] root - 		136	|	1	|	0.21%
[INFO ] root - 		137	|	1	|	0.21%
[INFO ] root - 		139	|	1	|	0.21%
[INFO ] root - 		140	|	2	|	0.41%
[INFO ] root - 		141	|	1	|	0.21%
[INFO ] root - 		142	|	1	|	0.21%
[INFO ] root - 		143	|	2	|	0.41%
[INFO ] root - 		144	|	2	|	0.41%
[INFO ] root - 		145	|	2	|	0.41%
[INFO ] root - 		146	|	1	|	0.21%
[INFO ] root - 		147	|	1	|	0.21%
[INFO ] root - 		150	|	3	|	0.62%
[INFO ] root - 		151	|	2	|	0.41%
[INFO ] root - 		152	|	1	|	0.21%
[INFO ] root - 		153	|	1	|	0.21%
[INFO ] root - 		155	|	1	|	0.21%
[INFO ] root - 		156	|	1	|	0.21%
[INFO ] root - 		157	|	1	|	0.21%
[INFO ] root - 		159	|	2	|	0.41%
[INFO ] root - 		161	|	1	|	0.21%
[INFO ] root - 		166	|	2	|	0.41%
[INFO ] root - 		167	|	1	|	0.21%
[INFO ] root - 		168	|	1	|	0.21%
[INFO ] root - 		169	|	1	|	0.21%
[INFO ] root - 		171	|	1	|	0.21%
[INFO ] root - 		172	|	1	|	0.21%
[INFO ] root - 		173	|	2	|	0.41%
[INFO ] root - 		174	|	1	|	0.21%
[INFO ] root - 		175	|	1	|	0.21%
[INFO ] root - 		176	|	1	|	0.21%
[INFO ] root - 		177	|	3	|	0.62%
[INFO ] root - 		179	|	1	|	0.21%
[INFO ] root - 		181	|	1	|	0.21%
[INFO ] root - 		186	|	2	|	0.41%
[INFO ] root - 		187	|	1	|	0.21%
[INFO ] root - 		188	|	1	|	0.21%
[INFO ] root - 		189	|	2	|	0.41%
[INFO ] root - 		190	|	1	|	0.21%
[INFO ] root - 		192	|	1	|	0.21%
[INFO ] root - 		193	|	1	|	0.21%
[INFO ] root - 		195	|	2	|	0.41%
[INFO ] root - 		197	|	1	|	0.21%
[INFO ] root - 		199	|	1	|	0.21%
[INFO ] root - 		200	|	1	|	0.21%
[INFO ] root - 		201	|	3	|	0.62%
[INFO ] root - 		202	|	1	|	0.21%
[INFO ] root - 		208	|	1	|	0.21%
[INFO ] root - 		209	|	2	|	0.41%
[INFO ] root - 		213	|	1	|	0.21%
[INFO ] root - 		214	|	1	|	0.21%
[INFO ] root - 		215	|	2	|	0.41%
[INFO ] root - 		218	|	2	|	0.41%
[INFO ] root - 		219	|	1	|	0.21%
[INFO ] root - 		220	|	1	|	0.21%
[INFO ] root - 		226	|	1	|	0.21%
[INFO ] root - 		228	|	1	|	0.21%
[INFO ] root - 		229	|	3	|	0.62%
[INFO ] root - 		231	|	1	|	0.21%
[INFO ] root - 		234	|	3	|	0.62%
[INFO ] root - 		240	|	1	|	0.21%
[INFO ] root - 		242	|	2	|	0.41%
[INFO ] root - 		245	|	1	|	0.21%
[INFO ] root - 		246	|	1	|	0.21%
[INFO ] root - 		247	|	2	|	0.41%
[INFO ] root - 		250	|	1	|	0.21%
[INFO ] root - 		253	|	1	|	0.21%
[INFO ] root - 		256	|	2	|	0.41%
[INFO ] root - 		258	|	1	|	0.21%
[INFO ] root - 		266	|	1	|	0.21%
[INFO ] root - 		270	|	1	|	0.21%
[INFO ] root - 		271	|	1	|	0.21%
[INFO ] root - 		273	|	4	|	0.82%
[INFO ] root - 		274	|	1	|	0.21%
[INFO ] root - 		278	|	1	|	0.21%
[INFO ] root - 		279	|	2	|	0.41%
[INFO ] root - 		281	|	4	|	0.82%
[INFO ] root - 		282	|	2	|	0.41%
[INFO ] root - 		284	|	1	|	0.21%
[INFO ] root - 		286	|	1	|	0.21%
[INFO ] root - 		288	|	2	|	0.41%
[INFO ] root - 		289	|	1	|	0.21%
[INFO ] root - 		292	|	1	|	0.21%
[INFO ] root - 		293	|	1	|	0.21%
[INFO ] root - 		299	|	1	|	0.21%
[INFO ] root - 		302	|	1	|	0.21%
[INFO ] root - 		303	|	1	|	0.21%
[INFO ] root - 		310	|	1	|	0.21%
[INFO ] root - 		314	|	1	|	0.21%
[INFO ] root - 		316	|	1	|	0.21%
[INFO ] root - 		320	|	1	|	0.21%
[INFO ] root - 		321	|	2	|	0.41%
[INFO ] root - 		323	|	1	|	0.21%
[INFO ] root - 		326	|	1	|	0.21%
[INFO ] root - 		328	|	2	|	0.41%
[INFO ] root - 		330	|	1	|	0.21%
[INFO ] root - 		331	|	2	|	0.41%
[INFO ] root - 		333	|	1	|	0.21%
[INFO ] root - 		336	|	1	|	0.21%
[INFO ] root - 		340	|	1	|	0.21%
[INFO ] root - 		341	|	3	|	0.62%
[INFO ] root - 		342	|	2	|	0.41%
[INFO ] root - 		347	|	1	|	0.21%
[INFO ] root - 		348	|	1	|	0.21%
[INFO ] root - 		351	|	1	|	0.21%
[INFO ] root - 		352	|	1	|	0.21%
[INFO ] root - 		360	|	1	|	0.21%
[INFO ] root - 		371	|	1	|	0.21%
[INFO ] root - 		373	|	1	|	0.21%
[INFO ] root - 		375	|	1	|	0.21%
[INFO ] root - 		377	|	1	|	0.21%
[INFO ] root - 		378	|	1	|	0.21%
[INFO ] root - 		379	|	1	|	0.21%
[INFO ] root - 		383	|	1	|	0.21%
[INFO ] root - 		389	|	1	|	0.21%
[INFO ] root - 		395	|	1	|	0.21%
[INFO ] root - 		399	|	1	|	0.21%
[INFO ] root - 		409	|	1	|	0.21%
[INFO ] root - 		410	|	1	|	0.21%
[INFO ] root - 		412	|	1	|	0.21%
[INFO ] root - 		416	|	1	|	0.21%
[INFO ] root - 		417	|	1	|	0.21%
[INFO ] root - 		418	|	1	|	0.21%
[INFO ] root - 		421	|	1	|	0.21%
[INFO ] root - 		424	|	1	|	0.21%
[INFO ] root - 		445	|	2	|	0.41%
[INFO ] root - 		452	|	1	|	0.21%
[INFO ] root - 		458	|	2	|	0.41%
[INFO ] root - 		466	|	1	|	0.21%
[INFO ] root - 		467	|	1	|	0.21%
[INFO ] root - 		469	|	1	|	0.21%
[INFO ] root - 		470	|	1	|	0.21%
[INFO ] root - 		475	|	1	|	0.21%
[INFO ] root - 		499	|	1	|	0.21%
[INFO ] root - 		507	|	1	|	0.21%
[INFO ] root - 		518	|	1	|	0.21%
[INFO ] root - 		534	|	1	|	0.21%
[INFO ] root - 		546	|	1	|	0.21%
[INFO ] root - 		550	|	1	|	0.21%
[INFO ] root - 		559	|	1	|	0.21%
[INFO ] root - 		570	|	1	|	0.21%
[INFO ] root - 		588	|	1	|	0.21%
[INFO ] root - 		589	|	1	|	0.21%
[INFO ] root - 		605	|	1	|	0.21%
[INFO ] root - 		607	|	2	|	0.41%
[INFO ] root - 		623	|	1	|	0.21%
[INFO ] root - 		656	|	1	|	0.21%
[INFO ] root - 		673	|	1	|	0.21%
[INFO ] root - 		678	|	1	|	0.21%
[INFO ] root - 		685	|	1	|	0.21%
[INFO ] root - 		686	|	1	|	0.21%
[INFO ] root - 		693	|	1	|	0.21%
[INFO ] root - 		728	|	1	|	0.21%
[INFO ] root - 		730	|	1	|	0.21%
[INFO ] root - 		734	|	1	|	0.21%
[INFO ] root - 		740	|	1	|	0.21%
[INFO ] root - 		764	|	1	|	0.21%
[INFO ] root - 		796	|	1	|	0.21%
[INFO ] root - 		811	|	1	|	0.21%
[INFO ] root - 		838	|	1	|	0.21%
[INFO ] root - 		850	|	1	|	0.21%
[INFO ] root - 		857	|	1	|	0.21%
[INFO ] root - 		1055	|	1	|	0.21%
[INFO ] root - 		1106	|	1	|	0.21%
[INFO ] root - 		1223	|	1	|	0.21%
[INFO ] root - 		1343	|	1	|	0.21%
[INFO ] root - Cluster size distribution written to /Users/onurcanmemis/Desktop/web-data-integration-team-project/output/cluster_analysis/cluster_size_distribution.csv
[INFO ] root - Confusion Matrix:
[INFO ] root -   True Positives:  94
[INFO ] root -   True Negatives:  105
[INFO ] root -   False Positives: 0
[INFO ] root -   False Negatives: 0
[INFO ] root - Performance Metrics:
[INFO ] root -   Accuracy:  1.000
[INFO ] root -   Precision: 1.000
[INFO ] root -   Recall:    1.000
[INFO ] root -   F1-Score:  1.000
[INFO ] root - Confusion Matrix:
[INFO ] root -   True Positives:  83
[INFO ] root -   True Negatives:  104
[INFO ] root -   False Positives: 0
[INFO ] root -   False Negatives: 12
[INFO ] root - Performance Metrics:
[INFO ] root -   Accuracy:  0.940
[INFO ] root -   Precision: 1.000
[INFO ] root -   Recall:    0.874
[INFO ] root -   F1-Score:  0.933
[INFO ] PyDI.entitymatching.rule_based.RuleBasedMatcher - Starting Entity Matching
[INFO ] PyDI.entitymatching.rule_based.RuleBasedMatcher - Blocking 84461 x 14666 elements
[INFO ] PyDI.entitymatching.rule_based.RuleBasedMatcher - Matching 84461 x 14666 elements after 0:00:0.032; 53825 blocked pairs (reduction ratio: 0.9999565473628748)
[INFO ] PyDI.entitymatching.rule_based.RuleBasedMatcher - Entity Matching finished after 0:00:5.852; found 25968 correspondences.
[INFO ] PyDI.entitymatching.rule_based.RuleBasedMatcher - Starting Entity Matching
[INFO ] PyDI.entitymatching.rule_based.RuleBasedMatcher - Blocking 84461 x 16327 elements
[INFO ] PyDI.entitymatching.rule_based.RuleBasedMatcher - Matching 84461 x 16327 elements after 0:00:0.006; 58599 blocked pairs (reduction ratio: 0.9999575060020153)
[INFO ] PyDI.entitymatching.rule_based.RuleBasedMatcher - Entity Matching finished after 0:00:6.228; found 25290 correspondences.
[INFO ] PyDI.fusion.analysis - Analyzed 18 attributes across 3 datasets
[INFO ] PyDI.entitymatching.blocking.standard.StandardBlocker - created 42047 blocking keys for first dataset
[INFO ] PyDI.entitymatching.blocking.standard.StandardBlocker - created 10405 blocking keys for second dataset
[INFO ] PyDI.entitymatching.blocking.standard.StandardBlocker - created 1442 blocks from blocking keys
[INFO ] PyDI.entitymatching.blocking.standard.StandardBlocker - Debug results written to file: /Users/onurcanmemis/Desktop/web-data-integration-team-project/output/blocking_evaluation/debugResultsBlocking_StandardBlocker.csv
[INFO ] PyDI.entitymatching.blocking.sorted_neighbourhood.SortedNeighbourhoodBlocker - created sorted neighbourhood with window size 20
[INFO ] PyDI.entitymatching.blocking.sorted_neighbourhood.SortedNeighbourhoodBlocker - created 1 sorted sequence from 99127 records
[INFO ] PyDI.entitymatching.blocking.sorted_neighbourhood.SortedNeighbourhoodBlocker - Debug results written to file: /Users/onurcanmemis/Desktop/web-data-integration-team-project/output/blocking_evaluation/debugResultsBlocking_SortedNeighbourhoodBlocker.csv
[INFO ] PyDI.entitymatching.blocking.token_blocking.TokenBlocker - created 13790 token keys for first dataset
[INFO ] PyDI.entitymatching.blocking.token_blocking.TokenBlocker - created 8724 token keys for second dataset
[INFO ] PyDI.entitymatching.blocking.token_blocking.TokenBlocker - created 8309 blocks from token keys
[INFO ] PyDI.entitymatching.blocking.token_blocking.TokenBlocker - Debug results written to file: /Users/onurcanmemis/Desktop/web-data-integration-team-project/output/blocking_evaluation/debugResultsBlocking_TokenBlocker.csv
[INFO ] PyDI.entitymatching.blocking.embedding.EmbeddingBlocker - Initialized EmbeddingBlocker with sklearn backend, top_k=10, threshold=0.7
[INFO ] sentence_transformers.SentenceTransformer - Use pytorch device_name: mps
[INFO ] sentence_transformers.SentenceTransformer - Load pretrained SentenceTransformer: sentence-transformers/all-MiniLM-L6-v2
[INFO ] PyDI.entitymatching.blocking.embedding.EmbeddingBlocker - Loaded sentence transformer model: sentence-transformers/all-MiniLM-L6-v2
[INFO ] PyDI.entitymatching.blocking.embedding.EmbeddingBlocker - created 384d embeddings for first dataset
[INFO ] PyDI.entitymatching.blocking.embedding.EmbeddingBlocker - created 384d embeddings for second dataset
[INFO ] PyDI.entitymatching.blocking.embedding.EmbeddingBlocker - created similarity index with 14666 vectors, metric=cosine
[INFO ] PyDI.entitymatching.blocking.embedding.EmbeddingBlocker - Debug results written to file: /Users/onurcanmemis/Desktop/web-data-integration-team-project/output/blocking_evaluation/debugResultsBlocking_EmbeddingBlocker.csv
[INFO ] PyDI.entitymatching.blocking.standard.StandardBlocker - created 42048 blocking keys for first dataset
[INFO ] PyDI.entitymatching.blocking.standard.StandardBlocker - created 11732 blocking keys for second dataset
[INFO ] PyDI.entitymatching.blocking.standard.StandardBlocker - created 2570 blocks from blocking keys
[INFO ] PyDI.entitymatching.blocking.standard.StandardBlocker - Debug results written to file: /Users/onurcanmemis/Desktop/web-data-integration-team-project/output/blocking_evaluation/debugResultsBlocking_StandardBlocker.csv
[INFO ] PyDI.entitymatching.blocking.sorted_neighbourhood.SortedNeighbourhoodBlocker - created sorted neighbourhood with window size 20
[INFO ] PyDI.entitymatching.blocking.sorted_neighbourhood.SortedNeighbourhoodBlocker - created 1 sorted sequence from 100788 records
[INFO ] PyDI.entitymatching.blocking.sorted_neighbourhood.SortedNeighbourhoodBlocker - Debug results written to file: /Users/onurcanmemis/Desktop/web-data-integration-team-project/output/blocking_evaluation/debugResultsBlocking_SortedNeighbourhoodBlocker.csv
[INFO ] PyDI.entitymatching.blocking.token_blocking.TokenBlocker - created 13790 token keys for first dataset
[INFO ] PyDI.entitymatching.blocking.token_blocking.TokenBlocker - created 10094 token keys for second dataset
[INFO ] PyDI.entitymatching.blocking.token_blocking.TokenBlocker - created 9094 blocks from token keys
[INFO ] PyDI.entitymatching.blocking.token_blocking.TokenBlocker - Debug results written to file: /Users/onurcanmemis/Desktop/web-data-integration-team-project/output/blocking_evaluation/debugResultsBlocking_TokenBlocker.csv
[INFO ] PyDI.entitymatching.blocking.embedding.EmbeddingBlocker - Initialized EmbeddingBlocker with sklearn backend, top_k=10, threshold=0.7
[INFO ] sentence_transformers.SentenceTransformer - Use pytorch device_name: mps
[INFO ] sentence_transformers.SentenceTransformer - Load pretrained SentenceTransformer: sentence-transformers/all-MiniLM-L6-v2
[INFO ] PyDI.entitymatching.blocking.embedding.EmbeddingBlocker - Loaded sentence transformer model: sentence-transformers/all-MiniLM-L6-v2
[INFO ] PyDI.entitymatching.blocking.embedding.EmbeddingBlocker - created 384d embeddings for first dataset
[INFO ] PyDI.entitymatching.blocking.embedding.EmbeddingBlocker - created 384d embeddings for second dataset
[INFO ] PyDI.entitymatching.blocking.embedding.EmbeddingBlocker - created similarity index with 16327 vectors, metric=cosine
[INFO ] PyDI.entitymatching.blocking.embedding.EmbeddingBlocker - Debug results written to file: /Users/onurcanmemis/Desktop/web-data-integration-team-project/output/blocking_evaluation/debugResultsBlocking_EmbeddingBlocker.csv
[INFO ] root -   Pair Completeness: 0.072
[INFO ] root -   Pair Quality:      0.004
[INFO ] root -   Reduction Ratio:   1.000
[INFO ] root -   True Matches Found: 27/375
[INFO ] root - Blocking evaluation complete!
[INFO ] root -   Pair Completeness: 0.992
[INFO ] root -   Pair Quality:      0.001
[INFO ] root -   Reduction Ratio:   1.000
[INFO ] root -   True Matches Found: 372/375
[INFO ] root - Blocking evaluation complete!
[INFO ] root -   Pair Completeness: 0.997
[INFO ] root -   Pair Quality:      0.002
[INFO ] root -   Reduction Ratio:   1.000
[INFO ] root -   True Matches Found: 374/375
[INFO ] root - Blocking evaluation complete!
[INFO ] root -   Pair Completeness: 0.280
[INFO ] root -   Pair Quality:      0.007
[INFO ] root -   Reduction Ratio:   1.000
[INFO ] root -   True Matches Found: 106/378
[INFO ] root - Blocking evaluation complete!
[INFO ] root -   Pair Completeness: 0.857
[INFO ] root -   Pair Quality:      0.001
[INFO ] root -   Reduction Ratio:   1.000
[INFO ] root -   True Matches Found: 324/378
[INFO ] root - Blocking evaluation complete!
[INFO ] root -   Pair Completeness: 0.952
[INFO ] root -   Pair Quality:      0.002
[INFO ] root -   Reduction Ratio:   1.000
[INFO ] root -   True Matches Found: 360/378
[INFO ] root - Blocking evaluation complete!
[INFO ] PyDI.entitymatching.rule_based.RuleBasedMatcher - Starting Entity Matching
[INFO ] PyDI.entitymatching.rule_based.RuleBasedMatcher - Blocking 84461 x 14666 elements
[INFO ] PyDI.entitymatching.rule_based.RuleBasedMatcher - Matching 84461 x 14666 elements after 0:00:0.011; 159073 blocked pairs (reduction ratio: 0.9998715812104891)
[INFO ] PyDI.entitymatching.rule_based.RuleBasedMatcher - Entity Matching finished after 0:00:18.850; found 31523 correspondences.
[INFO ] PyDI.entitymatching.rule_based.RuleBasedMatcher - Starting Entity Matching
[INFO ] PyDI.entitymatching.rule_based.RuleBasedMatcher - Blocking 84461 x 16327 elements
[INFO ] PyDI.entitymatching.rule_based.RuleBasedMatcher - Matching 84461 x 16327 elements after 0:00:0.005; 154279 blocked pairs (reduction ratio: 0.9998881221264)
[INFO ] PyDI.entitymatching.rule_based.RuleBasedMatcher - Entity Matching finished after 0:00:16.759; found 28449 correspondences.
[INFO ] PyDI.entitymatching.rule_based.RuleBasedMatcher - Starting Entity Matching
[INFO ] PyDI.entitymatching.rule_based.RuleBasedMatcher - Blocking 84461 x 14666 elements
[INFO ] PyDI.entitymatching.rule_based.RuleBasedMatcher - Matching 84461 x 14666 elements after 0:00:0.007; 159073 blocked pairs (reduction ratio: 0.9998715812104891)
[WARNING] root - Error in NumericComparator: float division by zero
[WARNING] root - Error in NumericComparator: float division by zero
[WARNING] root - Error in NumericComparator: float division by zero
[WARNING] root - Error in NumericComparator: float division by zero
[WARNING] root - Error in NumericComparator: float division by zero
[WARNING] root - Error in NumericComparator: float division by zero
[WARNING] root - Error in NumericComparator: float division by zero
[WARNING] root - Error in NumericComparator: float division by zero
[WARNING] root - Error in NumericComparator: float division by zero
[WARNING] root - Error in NumericComparator: float division by zero
[WARNING] root - Error in NumericComparator: float division by zero
[WARNING] root - Error in NumericComparator: float division by zero
[WARNING] root - Error in NumericComparator: float division by zero
[WARNING] root - Error in NumericComparator: float division by zero
[WARNING] root - Error in NumericComparator: float division by zero
[WARNING] root - Error in NumericComparator: float division by zero
[WARNING] root - Error in NumericComparator: float division by zero
[WARNING] root - Error in NumericComparator: float division by zero
[WARNING] root - Error in NumericComparator: float division by zero
[WARNING] root - Error in NumericComparator: float division by zero
[WARNING] root - Error in NumericComparator: float division by zero
[WARNING] root - Error in NumericComparator: float division by zero
[WARNING] root - Error in NumericComparator: float division by zero
[WARNING] root - Error in NumericComparator: float division by zero
[WARNING] root - Error in NumericComparator: float division by zero
[WARNING] root - Error in NumericComparator: float division by zero
[WARNING] root - Error in NumericComparator: float division by zero
[WARNING] root - Error in NumericComparator: float division by zero
[WARNING] root - Error in NumericComparator: float division by zero
[WARNING] root - Error in NumericComparator: float division by zero
[WARNING] root - Error in NumericComparator: float division by zero
[WARNING] root - Error in NumericComparator: float division by zero
[WARNING] root - Error in NumericComparator: float division by zero
[WARNING] root - Error in NumericComparator: float division by zero
[WARNING] root - Error in NumericComparator: float division by zero
[WARNING] root - Error in NumericComparator: float division by zero
[WARNING] root - Error in NumericComparator: float division by zero
[WARNING] root - Error in NumericComparator: float division by zero
[WARNING] root - Error in NumericComparator: float division by zero
[WARNING] root - Error in NumericComparator: float division by zero
[WARNING] root - Error in NumericComparator: float division by zero
[WARNING] root - Error in NumericComparator: float division by zero
[WARNING] root - Error in NumericComparator: float division by zero
[WARNING] root - Error in NumericComparator: float division by zero
[WARNING] root - Error in NumericComparator: float division by zero
[WARNING] root - Error in NumericComparator: float division by zero
[WARNING] root - Error in NumericComparator: float division by zero
[WARNING] root - Error in NumericComparator: float division by zero
[WARNING] root - Error in NumericComparator: float division by zero
[WARNING] root - Error in NumericComparator: float division by zero
[WARNING] root - Error in NumericComparator: float division by zero
[WARNING] root - Error in NumericComparator: float division by zero
[WARNING] root - Error in NumericComparator: float division by zero
[WARNING] root - Error in NumericComparator: float division by zero
[WARNING] root - Error in NumericComparator: float division by zero
[WARNING] root - Error in NumericComparator: float division by zero
[WARNING] root - Error in NumericComparator: float division by zero
[WARNING] root - Error in NumericComparator: float division by zero
[WARNING] root - Error in NumericComparator: float division by zero
[WARNING] root - Error in NumericComparator: float division by zero
[WARNING] root - Error in NumericComparator: float division by zero
[WARNING] root - Error in NumericComparator: float division by zero
[WARNING] root - Error in NumericComparator: float division by zero
[WARNING] root - Error in NumericComparator: float division by zero
[WARNING] root - Error in NumericComparator: float division by zero
[WARNING] root - Error in NumericComparator: float division by zero
[WARNING] root - Error in NumericComparator: float division by zero
[WARNING] root - Error in NumericComparator: float division by zero
[WARNING] root - Error in NumericComparator: float division by zero
[WARNING] root - Error in NumericComparator: float division by zero
[WARNING] root - Error in NumericComparator: float division by zero
[WARNING] root - Error in NumericComparator: float division by zero
[WARNING] root - Error in NumericComparator: float division by zero
[WARNING] root - Error in NumericComparator: float division by zero
[WARNING] root - Error in NumericComparator: float division by zero
[WARNING] root - Error in NumericComparator: float division by zero
[WARNING] root - Error in NumericComparator: float division by zero
[WARNING] root - Error in NumericComparator: float division by zero
[WARNING] root - Error in NumericComparator: float division by zero
[WARNING] root - Error in NumericComparator: float division by zero
[WARNING] root - Error in NumericComparator: float division by zero
[WARNING] root - Error in NumericComparator: float division by zero
[WARNING] root - Error in NumericComparator: float division by zero
[WARNING] root - Error in NumericComparator: float division by zero
[WARNING] root - Error in NumericComparator: float division by zero
[WARNING] root - Error in NumericComparator: float division by zero
[WARNING] root - Error in NumericComparator: float division by zero
[WARNING] root - Error in NumericComparator: float division by zero
[WARNING] root - Error in NumericComparator: float division by zero
[WARNING] root - Error in NumericComparator: float division by zero
[WARNING] root - Error in NumericComparator: float division by zero
[WARNING] root - Error in NumericComparator: float division by zero
[WARNING] root - Error in NumericComparator: float division by zero
[WARNING] root - Error in NumericComparator: float division by zero
[WARNING] root - Error in NumericComparator: float division by zero
[WARNING] root - Error in NumericComparator: float division by zero
[WARNING] root - Error in NumericComparator: float division by zero
[WARNING] root - Error in NumericComparator: float division by zero
[WARNING] root - Error in NumericComparator: float division by zero
[WARNING] root - Error in NumericComparator: float division by zero
[WARNING] root - Error in NumericComparator: float division by zero
[WARNING] root - Error in NumericComparator: float division by zero
[WARNING] root - Error in NumericComparator: float division by zero
[WARNING] root - Error in NumericComparator: float division by zero
[WARNING] root - Error in NumericComparator: float division by zero
[WARNING] root - Error in NumericComparator: float division by zero
[WARNING] root - Error in NumericComparator: float division by zero
[WARNING] root - Error in NumericComparator: float division by zero
[WARNING] root - Error in NumericComparator: float division by zero
[WARNING] root - Error in NumericComparator: float division by zero
[WARNING] root - Error in NumericComparator: float division by zero
[WARNING] root - Error in NumericComparator: float division by zero
[WARNING] root - Error in NumericComparator: float division by zero
[WARNING] root - Error in NumericComparator: float division by zero
[WARNING] root - Error in NumericComparator: float division by zero
[WARNING] root - Error in NumericComparator: float division by zero
[WARNING] root - Error in NumericComparator: float division by zero
[WARNING] root - Error in NumericComparator: float division by zero
[WARNING] root - Error in NumericComparator: float division by zero
[WARNING] root - Error in NumericComparator: float division by zero
[WARNING] root - Error in NumericComparator: float division by zero
[WARNING] root - Error in NumericComparator: float division by zero
[WARNING] root - Error in NumericComparator: float division by zero
[WARNING] root - Error in NumericComparator: float division by zero
[WARNING] root - Error in NumericComparator: float division by zero
[WARNING] root - Error in NumericComparator: float division by zero
[WARNING] root - Error in NumericComparator: float division by zero
[WARNING] root - Error in NumericComparator: float division by zero
[WARNING] root - Error in NumericComparator: float division by zero
[WARNING] root - Error in NumericComparator: float division by zero
[WARNING] root - Error in NumericComparator: float division by zero
[WARNING] root - Error in NumericComparator: float division by zero
[WARNING] root - Error in NumericComparator: float division by zero
[WARNING] root - Error in NumericComparator: float division by zero
[WARNING] root - Error in NumericComparator: float division by zero
[WARNING] root - Error in NumericComparator: float division by zero
[WARNING] root - Error in NumericComparator: float division by zero
[WARNING] root - Error in NumericComparator: float division by zero
[WARNING] root - Error in NumericComparator: float division by zero
[WARNING] root - Error in NumericComparator: float division by zero
[WARNING] root - Error in NumericComparator: float division by zero
[WARNING] root - Error in NumericComparator: float division by zero
[WARNING] root - Error in NumericComparator: float division by zero
[WARNING] root - Error in NumericComparator: float division by zero
[WARNING] root - Error in NumericComparator: float division by zero
[WARNING] root - Error in NumericComparator: float division by zero
[WARNING] root - Error in NumericComparator: float division by zero
[WARNING] root - Error in NumericComparator: float division by zero
[WARNING] root - Error in NumericComparator: float division by zero
[WARNING] root - Error in NumericComparator: float division by zero
[WARNING] root - Error in NumericComparator: float division by zero
[WARNING] root - Error in NumericComparator: float division by zero
[WARNING] root - Error in NumericComparator: float division by zero
[WARNING] root - Error in NumericComparator: float division by zero
[WARNING] root - Error in NumericComparator: float division by zero
[WARNING] root - Error in NumericComparator: float division by zero
[WARNING] root - Error in NumericComparator: float division by zero
[WARNING] root - Error in NumericComparator: float division by zero
[WARNING] root - Error in NumericComparator: float division by zero
[WARNING] root - Error in NumericComparator: float division by zero
[WARNING] root - Error in NumericComparator: float division by zero
[WARNING] root - Error in NumericComparator: float division by zero
[WARNING] root - Error in NumericComparator: float division by zero
[WARNING] root - Error in NumericComparator: float division by zero
[WARNING] root - Error in NumericComparator: float division by zero
[WARNING] root - Error in NumericComparator: float division by zero
[WARNING] root - Error in NumericComparator: float division by zero
[WARNING] root - Error in NumericComparator: float division by zero
[WARNING] root - Error in NumericComparator: float division by zero
[WARNING] root - Error in NumericComparator: float division by zero
[WARNING] root - Error in NumericComparator: float division by zero
[WARNING] root - Error in NumericComparator: float division by zero
[WARNING] root - Error in NumericComparator: float division by zero
[WARNING] root - Error in NumericComparator: float division by zero
[WARNING] root - Error in NumericComparator: float division by zero
[WARNING] root - Error in NumericComparator: float division by zero
[WARNING] root - Error in NumericComparator: float division by zero
[WARNING] root - Error in NumericComparator: float division by zero
[WARNING] root - Error in NumericComparator: float division by zero
[WARNING] root - Error in NumericComparator: float division by zero
[WARNING] root - Error in NumericComparator: float division by zero
[WARNING] root - Error in NumericComparator: float division by zero
[WARNING] root - Error in NumericComparator: float division by zero
[WARNING] root - Error in NumericComparator: float division by zero
[WARNING] root - Error in NumericComparator: float division by zero
[WARNING] root - Error in NumericComparator: float division by zero
[WARNING] root - Error in NumericComparator: float division by zero
[WARNING] root - Error in NumericComparator: float division by zero
[WARNING] root - Error in NumericComparator: float division by zero
[WARNING] root - Error in NumericComparator: float division by zero
[WARNING] root - Error in NumericComparator: float division by zero
[WARNING] root - Error in NumericComparator: float division by zero
[WARNING] root - Error in NumericComparator: float division by zero
[WARNING] root - Error in NumericComparator: float division by zero
[WARNING] root - Error in NumericComparator: float division by zero
[WARNING] root - Error in NumericComparator: float division by zero
[WARNING] root - Error in NumericComparator: float division by zero
[WARNING] root - Error in NumericComparator: float division by zero
[WARNING] root - Error in NumericComparator: float division by zero
[WARNING] root - Error in NumericComparator: float division by zero
[WARNING] root - Error in NumericComparator: float division by zero
[WARNING] root - Error in NumericComparator: float division by zero
[WARNING] root - Error in NumericComparator: float division by zero
[WARNING] root - Error in NumericComparator: float division by zero
[WARNING] root - Error in NumericComparator: float division by zero
[WARNING] root - Error in NumericComparator: float division by zero
[WARNING] root - Error in NumericComparator: float division by zero
[WARNING] root - Error in NumericComparator: float division by zero
[WARNING] root - Error in NumericComparator: float division by zero
[WARNING] root - Error in NumericComparator: float division by zero
[WARNING] root - Error in NumericComparator: float division by zero
[WARNING] root - Error in NumericComparator: float division by zero
[WARNING] root - Error in NumericComparator: float division by zero
[WARNING] root - Error in NumericComparator: float division by zero
[WARNING] root - Error in NumericComparator: float division by zero
[WARNING] root - Error in NumericComparator: float division by zero
[WARNING] root - Error in NumericComparator: float division by zero
[WARNING] root - Error in NumericComparator: float division by zero
[WARNING] root - Error in NumericComparator: float division by zero
[WARNING] root - Error in NumericComparator: float division by zero
[WARNING] root - Error in NumericComparator: float division by zero
[WARNING] root - Error in NumericComparator: float division by zero
[WARNING] root - Error in NumericComparator: float division by zero
[WARNING] root - Error in NumericComparator: float division by zero
[WARNING] root - Error in NumericComparator: float division by zero
[WARNING] root - Error in NumericComparator: float division by zero
[WARNING] root - Error in NumericComparator: float division by zero
[WARNING] root - Error in NumericComparator: float division by zero
[WARNING] root - Error in NumericComparator: float division by zero
[WARNING] root - Error in NumericComparator: float division by zero
[WARNING] root - Error in NumericComparator: float division by zero
[WARNING] root - Error in NumericComparator: float division by zero
[WARNING] root - Error in NumericComparator: float division by zero
[WARNING] root - Error in NumericComparator: float division by zero
[WARNING] root - Error in NumericComparator: float division by zero
[WARNING] root - Error in NumericComparator: float division by zero
[WARNING] root - Error in NumericComparator: float division by zero
[WARNING] root - Error in NumericComparator: float division by zero
[WARNING] root - Error in NumericComparator: float division by zero
[WARNING] root - Error in NumericComparator: float division by zero
[WARNING] root - Error in NumericComparator: float division by zero
[WARNING] root - Error in NumericComparator: float division by zero
[WARNING] root - Error in NumericComparator: float division by zero
[WARNING] root - Error in NumericComparator: float division by zero
[WARNING] root - Error in NumericComparator: float division by zero
[WARNING] root - Error in NumericComparator: float division by zero
[WARNING] root - Error in NumericComparator: float division by zero
[WARNING] root - Error in NumericComparator: float division by zero
[WARNING] root - Error in NumericComparator: float division by zero
[WARNING] root - Error in NumericComparator: float division by zero
[WARNING] root - Error in NumericComparator: float division by zero
[WARNING] root - Error in NumericComparator: float division by zero
[WARNING] root - Error in NumericComparator: float division by zero
[WARNING] root - Error in NumericComparator: float division by zero
[WARNING] root - Error in NumericComparator: float division by zero
[WARNING] root - Error in NumericComparator: float division by zero
[WARNING] root - Error in NumericComparator: float division by zero
[WARNING] root - Error in NumericComparator: float division by zero
[WARNING] root - Error in NumericComparator: float division by zero
[WARNING] root - Error in NumericComparator: float division by zero
[WARNING] root - Error in NumericComparator: float division by zero
[WARNING] root - Error in NumericComparator: float division by zero
[WARNING] root - Error in NumericComparator: float division by zero
[WARNING] root - Error in NumericComparator: float division by zero
[WARNING] root - Error in NumericComparator: float division by zero
[WARNING] root - Error in NumericComparator: float division by zero
[WARNING] root - Error in NumericComparator: float division by zero
[WARNING] root - Error in NumericComparator: float division by zero
[WARNING] root - Error in NumericComparator: float division by zero
[WARNING] root - Error in NumericComparator: float division by zero
[WARNING] root - Error in NumericComparator: float division by zero
[WARNING] root - Error in NumericComparator: float division by zero
[WARNING] root - Error in NumericComparator: float division by zero
[WARNING] root - Error in NumericComparator: float division by zero
[WARNING] root - Error in NumericComparator: float division by zero
[WARNING] root - Error in NumericComparator: float division by zero
[WARNING] root - Error in NumericComparator: float division by zero
[WARNING] root - Error in NumericComparator: float division by zero
[WARNING] root - Error in NumericComparator: float division by zero
[WARNING] root - Error in NumericComparator: float division by zero
[WARNING] root - Error in NumericComparator: float division by zero
[WARNING] root - Error in NumericComparator: float division by zero
[WARNING] root - Error in NumericComparator: float division by zero
[WARNING] root - Error in NumericComparator: float division by zero
[WARNING] root - Error in NumericComparator: float division by zero
[WARNING] root - Error in NumericComparator: float division by zero
[WARNING] root - Error in NumericComparator: float division by zero
[WARNING] root - Error in NumericComparator: float division by zero
[WARNING] root - Error in NumericComparator: float division by zero
[WARNING] root - Error in NumericComparator: float division by zero
[WARNING] root - Error in NumericComparator: float division by zero
[WARNING] root - Error in NumericComparator: float division by zero
[WARNING] root - Error in NumericComparator: float division by zero
[WARNING] root - Error in NumericComparator: float division by zero
[WARNING] root - Error in NumericComparator: float division by zero
[WARNING] root - Error in NumericComparator: float division by zero
[WARNING] root - Error in NumericComparator: float division by zero
[WARNING] root - Error in NumericComparator: float division by zero
[WARNING] root - Error in NumericComparator: float division by zero
[WARNING] root - Error in NumericComparator: float division by zero
[WARNING] root - Error in NumericComparator: float division by zero
[WARNING] root - Error in NumericComparator: float division by zero
[WARNING] root - Error in NumericComparator: float division by zero
[WARNING] root - Error in NumericComparator: float division by zero
[WARNING] root - Error in NumericComparator: float division by zero
[WARNING] root - Error in NumericComparator: float division by zero
[WARNING] root - Error in NumericComparator: float division by zero
[WARNING] root - Error in NumericComparator: float division by zero
[WARNING] root - Error in NumericComparator: float division by zero
[WARNING] root - Error in NumericComparator: float division by zero
[WARNING] root - Error in NumericComparator: float division by zero
[WARNING] root - Error in NumericComparator: float division by zero
[WARNING] root - Error in NumericComparator: float division by zero
[WARNING] root - Error in NumericComparator: float division by zero
[WARNING] root - Error in NumericComparator: float division by zero
[WARNING] root - Error in NumericComparator: float division by zero
[WARNING] root - Error in NumericComparator: float division by zero
[WARNING] root - Error in NumericComparator: float division by zero
[WARNING] root - Error in NumericComparator: float division by zero
[WARNING] root - Error in NumericComparator: float division by zero
[WARNING] root - Error in NumericComparator: float division by zero
[WARNING] root - Error in NumericComparator: float division by zero
[WARNING] root - Error in NumericComparator: float division by zero
[WARNING] root - Error in NumericComparator: float division by zero
[WARNING] root - Error in NumericComparator: float division by zero
[WARNING] root - Error in NumericComparator: float division by zero
[WARNING] root - Error in NumericComparator: float division by zero
[WARNING] root - Error in NumericComparator: float division by zero
[WARNING] root - Error in NumericComparator: float division by zero
[WARNING] root - Error in NumericComparator: float division by zero
[WARNING] root - Error in NumericComparator: float division by zero
[WARNING] root - Error in NumericComparator: float division by zero
[WARNING] root - Error in NumericComparator: float division by zero
[WARNING] root - Error in NumericComparator: float division by zero
[WARNING] root - Error in NumericComparator: float division by zero
[WARNING] root - Error in NumericComparator: float division by zero
[WARNING] root - Error in NumericComparator: float division by zero
[WARNING] root - Error in NumericComparator: float division by zero
[WARNING] root - Error in NumericComparator: float division by zero
[WARNING] root - Error in NumericComparator: float division by zero
[WARNING] root - Error in NumericComparator: float division by zero
[WARNING] root - Error in NumericComparator: float division by zero
[WARNING] root - Error in NumericComparator: float division by zero
[WARNING] root - Error in NumericComparator: float division by zero
[WARNING] root - Error in NumericComparator: float division by zero
[WARNING] root - Error in NumericComparator: float division by zero
[WARNING] root - Error in NumericComparator: float division by zero
[WARNING] root - Error in NumericComparator: float division by zero
[WARNING] root - Error in NumericComparator: float division by zero
[WARNING] root - Error in NumericComparator: float division by zero
[WARNING] root - Error in NumericComparator: float division by zero
[WARNING] root - Error in NumericComparator: float division by zero
[WARNING] root - Error in NumericComparator: float division by zero
[WARNING] root - Error in NumericComparator: float division by zero
[WARNING] root - Error in NumericComparator: float division by zero
[WARNING] root - Error in NumericComparator: float division by zero
[WARNING] root - Error in NumericComparator: float division by zero
[WARNING] root - Error in NumericComparator: float division by zero
[WARNING] root - Error in NumericComparator: float division by zero
[WARNING] root - Error in NumericComparator: float division by zero
[WARNING] root - Error in NumericComparator: float division by zero
[WARNING] root - Error in NumericComparator: float division by zero
[WARNING] root - Error in NumericComparator: float division by zero
[WARNING] root - Error in NumericComparator: float division by zero
[WARNING] root - Error in NumericComparator: float division by zero
[WARNING] root - Error in NumericComparator: float division by zero
[WARNING] root - Error in NumericComparator: float division by zero
[WARNING] root - Error in NumericComparator: float division by zero
[WARNING] root - Error in NumericComparator: float division by zero
[WARNING] root - Error in NumericComparator: float division by zero
[WARNING] root - Error in NumericComparator: float division by zero
[WARNING] root - Error in NumericComparator: float division by zero
[WARNING] root - Error in NumericComparator: float division by zero
[WARNING] root - Error in NumericComparator: float division by zero
[WARNING] root - Error in NumericComparator: float division by zero
[WARNING] root - Error in NumericComparator: float division by zero
[WARNING] root - Error in NumericComparator: float division by zero
[WARNING] root - Error in NumericComparator: float division by zero
[WARNING] root - Error in NumericComparator: float division by zero
[WARNING] root - Error in NumericComparator: float division by zero
[WARNING] root - Error in NumericComparator: float division by zero
[WARNING] root - Error in NumericComparator: float division by zero
[WARNING] root - Error in NumericComparator: float division by zero
[WARNING] root - Error in NumericComparator: float division by zero
[WARNING] root - Error in NumericComparator: float division by zero
[WARNING] root - Error in NumericComparator: float division by zero
[WARNING] root - Error in NumericComparator: float division by zero
[WARNING] root - Error in NumericComparator: float division by zero
[WARNING] root - Error in NumericComparator: float division by zero
[WARNING] root - Error in NumericComparator: float division by zero
[WARNING] root - Error in NumericComparator: float division by zero
[WARNING] root - Error in NumericComparator: float division by zero
[WARNING] root - Error in NumericComparator: float division by zero
[WARNING] root - Error in NumericComparator: float division by zero
[WARNING] root - Error in NumericComparator: float division by zero
[WARNING] root - Error in NumericComparator: float division by zero
[WARNING] root - Error in NumericComparator: float division by zero
[WARNING] root - Error in NumericComparator: float division by zero
[WARNING] root - Error in NumericComparator: float division by zero
[WARNING] root - Error in NumericComparator: float division by zero
[WARNING] root - Error in NumericComparator: float division by zero
[WARNING] root - Error in NumericComparator: float division by zero
[WARNING] root - Error in NumericComparator: float division by zero
[WARNING] root - Error in NumericComparator: float division by zero
[WARNING] root - Error in NumericComparator: float division by zero
[WARNING] root - Error in NumericComparator: float division by zero
[WARNING] root - Error in NumericComparator: float division by zero
[WARNING] root - Error in NumericComparator: float division by zero
[WARNING] root - Error in NumericComparator: float division by zero
[WARNING] root - Error in NumericComparator: float division by zero
[WARNING] root - Error in NumericComparator: float division by zero
[WARNING] root - Error in NumericComparator: float division by zero
[WARNING] root - Error in NumericComparator: float division by zero
[WARNING] root - Error in NumericComparator: float division by zero
[WARNING] root - Error in NumericComparator: float division by zero
[WARNING] root - Error in NumericComparator: float division by zero
[WARNING] root - Error in NumericComparator: float division by zero
[WARNING] root - Error in NumericComparator: float division by zero
[WARNING] root - Error in NumericComparator: float division by zero
[WARNING] root - Error in NumericComparator: float division by zero
[WARNING] root - Error in NumericComparator: float division by zero
[WARNING] root - Error in NumericComparator: float division by zero
[WARNING] root - Error in NumericComparator: float division by zero
[WARNING] root - Error in NumericComparator: float division by zero
[WARNING] root - Error in NumericComparator: float division by zero
[WARNING] root - Error in NumericComparator: float division by zero
[WARNING] root - Error in NumericComparator: float division by zero
[WARNING] root - Error in NumericComparator: float division by zero
[WARNING] root - Error in NumericComparator: float division by zero
[WARNING] root - Error in NumericComparator: float division by zero
[WARNING] root - Error in NumericComparator: float division by zero
[WARNING] root - Error in NumericComparator: float division by zero
[WARNING] root - Error in NumericComparator: float division by zero
[WARNING] root - Error in NumericComparator: float division by zero
[WARNING] root - Error in NumericComparator: float division by zero
[WARNING] root - Error in NumericComparator: float division by zero
[WARNING] root - Error in NumericComparator: float division by zero
[WARNING] root - Error in NumericComparator: float division by zero
[WARNING] root - Error in NumericComparator: float division by zero
[WARNING] root - Error in NumericComparator: float division by zero
[WARNING] root - Error in NumericComparator: float division by zero
[WARNING] root - Error in NumericComparator: float division by zero
[WARNING] root - Error in NumericComparator: float division by zero
[WARNING] root - Error in NumericComparator: float division by zero
[WARNING] root - Error in NumericComparator: float division by zero
[WARNING] root - Error in NumericComparator: float division by zero
[WARNING] root - Error in NumericComparator: float division by zero
[WARNING] root - Error in NumericComparator: float division by zero
[WARNING] root - Error in NumericComparator: float division by zero
[WARNING] root - Error in NumericComparator: float division by zero
[WARNING] root - Error in NumericComparator: float division by zero
[WARNING] root - Error in NumericComparator: float division by zero
[WARNING] root - Error in NumericComparator: float division by zero
[WARNING] root - Error in NumericComparator: float division by zero
[WARNING] root - Error in NumericComparator: float division by zero
[WARNING] root - Error in NumericComparator: float division by zero
[WARNING] root - Error in NumericComparator: float division by zero
[WARNING] root - Error in NumericComparator: float division by zero
[WARNING] root - Error in NumericComparator: float division by zero
[WARNING] root - Error in NumericComparator: float division by zero
[WARNING] root - Error in NumericComparator: float division by zero
[WARNING] root - Error in NumericComparator: float division by zero
[WARNING] root - Error in NumericComparator: float division by zero
[WARNING] root - Error in NumericComparator: float division by zero
[WARNING] root - Error in NumericComparator: float division by zero
[WARNING] root - Error in NumericComparator: float division by zero
[WARNING] root - Error in NumericComparator: float division by zero
[WARNING] root - Error in NumericComparator: float division by zero
[WARNING] root - Error in NumericComparator: float division by zero
[WARNING] root - Error in NumericComparator: float division by zero
[WARNING] root - Error in NumericComparator: float division by zero
[WARNING] root - Error in NumericComparator: float division by zero
[WARNING] root - Error in NumericComparator: float division by zero
[WARNING] root - Error in NumericComparator: float division by zero
[WARNING] root - Error in NumericComparator: float division by zero
[WARNING] root - Error in NumericComparator: float division by zero
[WARNING] root - Error in NumericComparator: float division by zero
[WARNING] root - Error in NumericComparator: float division by zero
[WARNING] root - Error in NumericComparator: float division by zero
[WARNING] root - Error in NumericComparator: float division by zero
[WARNING] root - Error in NumericComparator: float division by zero
[WARNING] root - Error in NumericComparator: float division by zero
[WARNING] root - Error in NumericComparator: float division by zero
[WARNING] root - Error in NumericComparator: float division by zero
[WARNING] root - Error in NumericComparator: float division by zero
[WARNING] root - Error in NumericComparator: float division by zero
[WARNING] root - Error in NumericComparator: float division by zero
[WARNING] root - Error in NumericComparator: float division by zero
[WARNING] root - Error in NumericComparator: float division by zero
[WARNING] root - Error in NumericComparator: float division by zero
[WARNING] root - Error in NumericComparator: float division by zero
[WARNING] root - Error in NumericComparator: float division by zero
[WARNING] root - Error in NumericComparator: float division by zero
[WARNING] root - Error in NumericComparator: float division by zero
[WARNING] root - Error in NumericComparator: float division by zero
[WARNING] root - Error in NumericComparator: float division by zero
[WARNING] root - Error in NumericComparator: float division by zero
[WARNING] root - Error in NumericComparator: float division by zero
[WARNING] root - Error in NumericComparator: float division by zero
[WARNING] root - Error in NumericComparator: float division by zero
[WARNING] root - Error in NumericComparator: float division by zero
[WARNING] root - Error in NumericComparator: float division by zero
[WARNING] root - Error in NumericComparator: float division by zero
[WARNING] root - Error in NumericComparator: float division by zero
[WARNING] root - Error in NumericComparator: float division by zero
[WARNING] root - Error in NumericComparator: float division by zero
[WARNING] root - Error in NumericComparator: float division by zero
[WARNING] root - Error in NumericComparator: float division by zero
[WARNING] root - Error in NumericComparator: float division by zero
[WARNING] root - Error in NumericComparator: float division by zero
[WARNING] root - Error in NumericComparator: float division by zero
[WARNING] root - Error in NumericComparator: float division by zero
[WARNING] root - Error in NumericComparator: float division by zero
[WARNING] root - Error in NumericComparator: float division by zero
[WARNING] root - Error in NumericComparator: float division by zero
[WARNING] root - Error in NumericComparator: float division by zero
[WARNING] root - Error in NumericComparator: float division by zero
[WARNING] root - Error in NumericComparator: float division by zero
[WARNING] root - Error in NumericComparator: float division by zero
[WARNING] root - Error in NumericComparator: float division by zero
[WARNING] root - Error in NumericComparator: float division by zero
[WARNING] root - Error in NumericComparator: float division by zero
[WARNING] root - Error in NumericComparator: float division by zero
[WARNING] root - Error in NumericComparator: float division by zero
[WARNING] root - Error in NumericComparator: float division by zero
[WARNING] root - Error in NumericComparator: float division by zero
[WARNING] root - Error in NumericComparator: float division by zero
[WARNING] root - Error in NumericComparator: float division by zero
[WARNING] root - Error in NumericComparator: float division by zero
[WARNING] root - Error in NumericComparator: float division by zero
[WARNING] root - Error in NumericComparator: float division by zero
[WARNING] root - Error in NumericComparator: float division by zero
[WARNING] root - Error in NumericComparator: float division by zero
[WARNING] root - Error in NumericComparator: float division by zero
[WARNING] root - Error in NumericComparator: float division by zero
[WARNING] root - Error in NumericComparator: float division by zero
[WARNING] root - Error in NumericComparator: float division by zero
[WARNING] root - Error in NumericComparator: float division by zero
[WARNING] root - Error in NumericComparator: float division by zero
[WARNING] root - Error in NumericComparator: float division by zero
[WARNING] root - Error in NumericComparator: float division by zero
[WARNING] root - Error in NumericComparator: float division by zero
[WARNING] root - Error in NumericComparator: float division by zero
[WARNING] root - Error in NumericComparator: float division by zero
[WARNING] root - Error in NumericComparator: float division by zero
[WARNING] root - Error in NumericComparator: float division by zero
[WARNING] root - Error in NumericComparator: float division by zero
[WARNING] root - Error in NumericComparator: float division by zero
[WARNING] root - Error in NumericComparator: float division by zero
[WARNING] root - Error in NumericComparator: float division by zero
[WARNING] root - Error in NumericComparator: float division by zero
[WARNING] root - Error in NumericComparator: float division by zero
[WARNING] root - Error in NumericComparator: float division by zero
[WARNING] root - Error in NumericComparator: float division by zero
[WARNING] root - Error in NumericComparator: float division by zero
[WARNING] root - Error in NumericComparator: float division by zero
[WARNING] root - Error in NumericComparator: float division by zero
[WARNING] root - Error in NumericComparator: float division by zero
[WARNING] root - Error in NumericComparator: float division by zero
[WARNING] root - Error in NumericComparator: float division by zero
[WARNING] root - Error in NumericComparator: float division by zero
[WARNING] root - Error in NumericComparator: float division by zero
[WARNING] root - Error in NumericComparator: float division by zero
[WARNING] root - Error in NumericComparator: float division by zero
[WARNING] root - Error in NumericComparator: float division by zero
[WARNING] root - Error in NumericComparator: float division by zero
[WARNING] root - Error in NumericComparator: float division by zero
[WARNING] root - Error in NumericComparator: float division by zero
[WARNING] root - Error in NumericComparator: float division by zero
[WARNING] root - Error in NumericComparator: float division by zero
[WARNING] root - Error in NumericComparator: float division by zero
[WARNING] root - Error in NumericComparator: float division by zero
[WARNING] root - Error in NumericComparator: float division by zero
[WARNING] root - Error in NumericComparator: float division by zero
[WARNING] root - Error in NumericComparator: float division by zero
[WARNING] root - Error in NumericComparator: float division by zero
[WARNING] root - Error in NumericComparator: float division by zero
[WARNING] root - Error in NumericComparator: float division by zero
[WARNING] root - Error in NumericComparator: float division by zero
[WARNING] root - Error in NumericComparator: float division by zero
[WARNING] root - Error in NumericComparator: float division by zero
[WARNING] root - Error in NumericComparator: float division by zero
[WARNING] root - Error in NumericComparator: float division by zero
[WARNING] root - Error in NumericComparator: float division by zero
[WARNING] root - Error in NumericComparator: float division by zero
[WARNING] root - Error in NumericComparator: float division by zero
[WARNING] root - Error in NumericComparator: float division by zero
[WARNING] root - Error in NumericComparator: float division by zero
[WARNING] root - Error in NumericComparator: float division by zero
[WARNING] root - Error in NumericComparator: float division by zero
[WARNING] root - Error in NumericComparator: float division by zero
[WARNING] root - Error in NumericComparator: float division by zero
[WARNING] root - Error in NumericComparator: float division by zero
[WARNING] root - Error in NumericComparator: float division by zero
[WARNING] root - Error in NumericComparator: float division by zero
[WARNING] root - Error in NumericComparator: float division by zero
[WARNING] root - Error in NumericComparator: float division by zero
[WARNING] root - Error in NumericComparator: float division by zero
[WARNING] root - Error in NumericComparator: float division by zero
[WARNING] root - Error in NumericComparator: float division by zero
[WARNING] root - Error in NumericComparator: float division by zero
[WARNING] root - Error in NumericComparator: float division by zero
[WARNING] root - Error in NumericComparator: float division by zero
[WARNING] root - Error in NumericComparator: float division by zero
[WARNING] root - Error in NumericComparator: float division by zero
[WARNING] root - Error in NumericComparator: float division by zero
[WARNING] root - Error in NumericComparator: float division by zero
[WARNING] root - Error in NumericComparator: float division by zero
[WARNING] root - Error in NumericComparator: float division by zero
[WARNING] root - Error in NumericComparator: float division by zero
[WARNING] root - Error in NumericComparator: float division by zero
[WARNING] root - Error in NumericComparator: float division by zero
[WARNING] root - Error in NumericComparator: float division by zero
[WARNING] root - Error in NumericComparator: float division by zero
[WARNING] root - Error in NumericComparator: float division by zero
[WARNING] root - Error in NumericComparator: float division by zero
[WARNING] root - Error in NumericComparator: float division by zero
[WARNING] root - Error in NumericComparator: float division by zero
[WARNING] root - Error in NumericComparator: float division by zero
[WARNING] root - Error in NumericComparator: float division by zero
[WARNING] root - Error in NumericComparator: float division by zero
[WARNING] root - Error in NumericComparator: float division by zero
[WARNING] root - Error in NumericComparator: float division by zero
[WARNING] root - Error in NumericComparator: float division by zero
[WARNING] root - Error in NumericComparator: float division by zero
[WARNING] root - Error in NumericComparator: float division by zero
[WARNING] root - Error in NumericComparator: float division by zero
[WARNING] root - Error in NumericComparator: float division by zero
[WARNING] root - Error in NumericComparator: float division by zero
[WARNING] root - Error in NumericComparator: float division by zero
[WARNING] root - Error in NumericComparator: float division by zero
[WARNING] root - Error in NumericComparator: float division by zero
[WARNING] root - Error in NumericComparator: float division by zero
[WARNING] root - Error in NumericComparator: float division by zero
[WARNING] root - Error in NumericComparator: float division by zero
[WARNING] root - Error in NumericComparator: float division by zero
[WARNING] root - Error in NumericComparator: float division by zero
[WARNING] root - Error in NumericComparator: float division by zero
[WARNING] root - Error in NumericComparator: float division by zero
[WARNING] root - Error in NumericComparator: float division by zero
[WARNING] root - Error in NumericComparator: float division by zero
[WARNING] root - Error in NumericComparator: float division by zero
[WARNING] root - Error in NumericComparator: float division by zero
[WARNING] root - Error in NumericComparator: float division by zero
[WARNING] root - Error in NumericComparator: float division by zero
[WARNING] root - Error in NumericComparator: float division by zero
[WARNING] root - Error in NumericComparator: float division by zero
[WARNING] root - Error in NumericComparator: float division by zero
[WARNING] root - Error in NumericComparator: float division by zero
[WARNING] root - Error in NumericComparator: float division by zero
[WARNING] root - Error in NumericComparator: float division by zero
[WARNING] root - Error in NumericComparator: float division by zero
[WARNING] root - Error in NumericComparator: float division by zero
[WARNING] root - Error in NumericComparator: float division by zero
[WARNING] root - Error in NumericComparator: float division by zero
[WARNING] root - Error in NumericComparator: float division by zero
[WARNING] root - Error in NumericComparator: float division by zero
[WARNING] root - Error in NumericComparator: float division by zero
[WARNING] root - Error in NumericComparator: float division by zero
[WARNING] root - Error in NumericComparator: float division by zero
[WARNING] root - Error in NumericComparator: float division by zero
[WARNING] root - Error in NumericComparator: float division by zero
[WARNING] root - Error in NumericComparator: float division by zero
[WARNING] root - Error in NumericComparator: float division by zero
[WARNING] root - Error in NumericComparator: float division by zero
[WARNING] root - Error in NumericComparator: float division by zero
[WARNING] root - Error in NumericComparator: float division by zero
[WARNING] root - Error in NumericComparator: float division by zero
[WARNING] root - Error in NumericComparator: float division by zero
[WARNING] root - Error in NumericComparator: float division by zero
[WARNING] root - Error in NumericComparator: float division by zero
[WARNING] root - Error in NumericComparator: float division by zero
[WARNING] root - Error in NumericComparator: float division by zero
[WARNING] root - Error in NumericComparator: float division by zero
[WARNING] root - Error in NumericComparator: float division by zero
[WARNING] root - Error in NumericComparator: float division by zero
[WARNING] root - Error in NumericComparator: float division by zero
[WARNING] root - Error in NumericComparator: float division by zero
[WARNING] root - Error in NumericComparator: float division by zero
[WARNING] root - Error in NumericComparator: float division by zero
[WARNING] root - Error in NumericComparator: float division by zero
[WARNING] root - Error in NumericComparator: float division by zero
[WARNING] root - Error in NumericComparator: float division by zero
[WARNING] root - Error in NumericComparator: float division by zero
[WARNING] root - Error in NumericComparator: float division by zero
[WARNING] root - Error in NumericComparator: float division by zero
[WARNING] root - Error in NumericComparator: float division by zero
[WARNING] root - Error in NumericComparator: float division by zero
[WARNING] root - Error in NumericComparator: float division by zero
[WARNING] root - Error in NumericComparator: float division by zero
[WARNING] root - Error in NumericComparator: float division by zero
[WARNING] root - Error in NumericComparator: float division by zero
[WARNING] root - Error in NumericComparator: float division by zero
[WARNING] root - Error in NumericComparator: float division by zero
[WARNING] root - Error in NumericComparator: float division by zero
[WARNING] root - Error in NumericComparator: float division by zero
[WARNING] root - Error in NumericComparator: float division by zero
[WARNING] root - Error in NumericComparator: float division by zero
[WARNING] root - Error in NumericComparator: float division by zero
[WARNING] root - Error in NumericComparator: float division by zero
[WARNING] root - Error in NumericComparator: float division by zero
[WARNING] root - Error in NumericComparator: float division by zero
[WARNING] root - Error in NumericComparator: float division by zero
[WARNING] root - Error in NumericComparator: float division by zero
[WARNING] root - Error in NumericComparator: float division by zero
[WARNING] root - Error in NumericComparator: float division by zero
[WARNING] root - Error in NumericComparator: float division by zero
[WARNING] root - Error in NumericComparator: float division by zero
[WARNING] root - Error in NumericComparator: float division by zero
[WARNING] root - Error in NumericComparator: float division by zero
[WARNING] root - Error in NumericComparator: float division by zero
[WARNING] root - Error in NumericComparator: float division by zero
[WARNING] root - Error in NumericComparator: float division by zero
[WARNING] root - Error in NumericComparator: float division by zero
[WARNING] root - Error in NumericComparator: float division by zero
[WARNING] root - Error in NumericComparator: float division by zero
[WARNING] root - Error in NumericComparator: float division by zero
[WARNING] root - Error in NumericComparator: float division by zero
[WARNING] root - Error in NumericComparator: float division by zero
[WARNING] root - Error in NumericComparator: float division by zero
[WARNING] root - Error in NumericComparator: float division by zero
[WARNING] root - Error in NumericComparator: float division by zero
[WARNING] root - Error in NumericComparator: float division by zero
[WARNING] root - Error in NumericComparator: float division by zero
[WARNING] root - Error in NumericComparator: float division by zero
[WARNING] root - Error in NumericComparator: float division by zero
[WARNING] root - Error in NumericComparator: float division by zero
[WARNING] root - Error in NumericComparator: float division by zero
[WARNING] root - Error in NumericComparator: float division by zero
[WARNING] root - Error in NumericComparator: float division by zero
[WARNING] root - Error in NumericComparator: float division by zero
[WARNING] root - Error in NumericComparator: float division by zero
[WARNING] root - Error in NumericComparator: float division by zero
[WARNING] root - Error in NumericComparator: float division by zero
[WARNING] root - Error in NumericComparator: float division by zero
[WARNING] root - Error in NumericComparator: float division by zero
[WARNING] root - Error in NumericComparator: float division by zero
[WARNING] root - Error in NumericComparator: float division by zero
[WARNING] root - Error in NumericComparator: float division by zero
[WARNING] root - Error in NumericComparator: float division by zero
[WARNING] root - Error in NumericComparator: float division by zero
[WARNING] root - Error in NumericComparator: float division by zero
[WARNING] root - Error in NumericComparator: float division by zero
[WARNING] root - Error in NumericComparator: float division by zero
[WARNING] root - Error in NumericComparator: float division by zero
[WARNING] root - Error in NumericComparator: float division by zero
[WARNING] root - Error in NumericComparator: float division by zero
[WARNING] root - Error in NumericComparator: float division by zero
[WARNING] root - Error in NumericComparator: float division by zero
[WARNING] root - Error in NumericComparator: float division by zero
[WARNING] root - Error in NumericComparator: float division by zero
[WARNING] root - Error in NumericComparator: float division by zero
[WARNING] root - Error in NumericComparator: float division by zero
[WARNING] root - Error in NumericComparator: float division by zero
[WARNING] root - Error in NumericComparator: float division by zero
[WARNING] root - Error in NumericComparator: float division by zero
[WARNING] root - Error in NumericComparator: float division by zero
[WARNING] root - Error in NumericComparator: float division by zero
[WARNING] root - Error in NumericComparator: float division by zero
[WARNING] root - Error in NumericComparator: float division by zero
[WARNING] root - Error in NumericComparator: float division by zero
[WARNING] root - Error in NumericComparator: float division by zero
[WARNING] root - Error in NumericComparator: float division by zero
[WARNING] root - Error in NumericComparator: float division by zero
[WARNING] root - Error in NumericComparator: float division by zero
[WARNING] root - Error in NumericComparator: float division by zero
[WARNING] root - Error in NumericComparator: float division by zero
[WARNING] root - Error in NumericComparator: float division by zero
[WARNING] root - Error in NumericComparator: float division by zero
[WARNING] root - Error in NumericComparator: float division by zero
[WARNING] root - Error in NumericComparator: float division by zero
[WARNING] root - Error in NumericComparator: float division by zero
[WARNING] root - Error in NumericComparator: float division by zero
[WARNING] root - Error in NumericComparator: float division by zero
[WARNING] root - Error in NumericComparator: float division by zero
[WARNING] root - Error in NumericComparator: float division by zero
[WARNING] root - Error in NumericComparator: float division by zero
[WARNING] root - Error in NumericComparator: float division by zero
[WARNING] root - Error in NumericComparator: float division by zero
[WARNING] root - Error in NumericComparator: float division by zero
[WARNING] root - Error in NumericComparator: float division by zero
[WARNING] root - Error in NumericComparator: float division by zero
[WARNING] root - Error in NumericComparator: float division by zero
[WARNING] root - Error in NumericComparator: float division by zero
[WARNING] root - Error in NumericComparator: float division by zero
[WARNING] root - Error in NumericComparator: float division by zero
[WARNING] root - Error in NumericComparator: float division by zero
[WARNING] root - Error in NumericComparator: float division by zero
[WARNING] root - Error in NumericComparator: float division by zero
[WARNING] root - Error in NumericComparator: float division by zero
[WARNING] root - Error in NumericComparator: float division by zero
[WARNING] root - Error in NumericComparator: float division by zero
[WARNING] root - Error in NumericComparator: float division by zero
[WARNING] root - Error in NumericComparator: float division by zero
[WARNING] root - Error in NumericComparator: float division by zero
[WARNING] root - Error in NumericComparator: float division by zero
[WARNING] root - Error in NumericComparator: float division by zero
[WARNING] root - Error in NumericComparator: float division by zero
[WARNING] root - Error in NumericComparator: float division by zero
[WARNING] root - Error in NumericComparator: float division by zero
[WARNING] root - Error in NumericComparator: float division by zero
[WARNING] root - Error in NumericComparator: float division by zero
[WARNING] root - Error in NumericComparator: float division by zero
[WARNING] root - Error in NumericComparator: float division by zero
[WARNING] root - Error in NumericComparator: float division by zero
[WARNING] root - Error in NumericComparator: float division by zero
[WARNING] root - Error in NumericComparator: float division by zero
[WARNING] root - Error in NumericComparator: float division by zero
[WARNING] root - Error in NumericComparator: float division by zero
[WARNING] root - Error in NumericComparator: float division by zero
[WARNING] root - Error in NumericComparator: float division by zero
[WARNING] root - Error in NumericComparator: float division by zero
[WARNING] root - Error in NumericComparator: float division by zero
[WARNING] root - Error in NumericComparator: float division by zero
[WARNING] root - Error in NumericComparator: float division by zero
[WARNING] root - Error in NumericComparator: float division by zero
[WARNING] root - Error in NumericComparator: float division by zero
[WARNING] root - Error in NumericComparator: float division by zero
[WARNING] root - Error in NumericComparator: float division by zero
[WARNING] root - Error in NumericComparator: float division by zero
[WARNING] root - Error in NumericComparator: float division by zero
[WARNING] root - Error in NumericComparator: float division by zero
[WARNING] root - Error in NumericComparator: float division by zero
[WARNING] root - Error in NumericComparator: float division by zero
[WARNING] root - Error in NumericComparator: float division by zero
[WARNING] root - Error in NumericComparator: float division by zero
[WARNING] root - Error in NumericComparator: float division by zero
[WARNING] root - Error in NumericComparator: float division by zero
[WARNING] root - Error in NumericComparator: float division by zero
[WARNING] root - Error in NumericComparator: float division by zero
[WARNING] root - Error in NumericComparator: float division by zero
[WARNING] root - Error in NumericComparator: float division by zero
[WARNING] root - Error in NumericComparator: float division by zero
[WARNING] root - Error in NumericComparator: float division by zero
[WARNING] root - Error in NumericComparator: float division by zero
[WARNING] root - Error in NumericComparator: float division by zero
[WARNING] root - Error in NumericComparator: float division by zero
[WARNING] root - Error in NumericComparator: float division by zero
[WARNING] root - Error in NumericComparator: float division by zero
[WARNING] root - Error in NumericComparator: float division by zero
[WARNING] root - Error in NumericComparator: float division by zero
[WARNING] root - Error in NumericComparator: float division by zero
[WARNING] root - Error in NumericComparator: float division by zero
[WARNING] root - Error in NumericComparator: float division by zero
[WARNING] root - Error in NumericComparator: float division by zero
[WARNING] root - Error in NumericComparator: float division by zero
[WARNING] root - Error in NumericComparator: float division by zero
[WARNING] root - Error in NumericComparator: float division by zero
[WARNING] root - Error in NumericComparator: float division by zero
[WARNING] root - Error in NumericComparator: float division by zero
[WARNING] root - Error in NumericComparator: float division by zero
[WARNING] root - Error in NumericComparator: float division by zero
[WARNING] root - Error in NumericComparator: float division by zero
[WARNING] root - Error in NumericComparator: float division by zero
[WARNING] root - Error in NumericComparator: float division by zero
[WARNING] root - Error in NumericComparator: float division by zero
[WARNING] root - Error in NumericComparator: float division by zero
[WARNING] root - Error in NumericComparator: float division by zero
[WARNING] root - Error in NumericComparator: float division by zero
[WARNING] root - Error in NumericComparator: float division by zero
[WARNING] root - Error in NumericComparator: float division by zero
[WARNING] root - Error in NumericComparator: float division by zero
[WARNING] root - Error in NumericComparator: float division by zero
[WARNING] root - Error in NumericComparator: float division by zero
[WARNING] root - Error in NumericComparator: float division by zero
[WARNING] root - Error in NumericComparator: float division by zero
[WARNING] root - Error in NumericComparator: float division by zero
[WARNING] root - Error in NumericComparator: float division by zero
[WARNING] root - Error in NumericComparator: float division by zero
[WARNING] root - Error in NumericComparator: float division by zero
[WARNING] root - Error in NumericComparator: float division by zero
[WARNING] root - Error in NumericComparator: float division by zero
[WARNING] root - Error in NumericComparator: float division by zero
[WARNING] root - Error in NumericComparator: float division by zero
[WARNING] root - Error in NumericComparator: float division by zero
[WARNING] root - Error in NumericComparator: float division by zero
[WARNING] root - Error in NumericComparator: float division by zero
[WARNING] root - Error in NumericComparator: float division by zero
[WARNING] root - Error in NumericComparator: float division by zero
[WARNING] root - Error in NumericComparator: float division by zero
[WARNING] root - Error in NumericComparator: float division by zero
[WARNING] root - Error in NumericComparator: float division by zero
[WARNING] root - Error in NumericComparator: float division by zero
[WARNING] root - Error in NumericComparator: float division by zero
[WARNING] root - Error in NumericComparator: float division by zero
[WARNING] root - Error in NumericComparator: float division by zero
[WARNING] root - Error in NumericComparator: float division by zero
[WARNING] root - Error in NumericComparator: float division by zero
[WARNING] root - Error in NumericComparator: float division by zero
[WARNING] root - Error in NumericComparator: float division by zero
[WARNING] root - Error in NumericComparator: float division by zero
[WARNING] root - Error in NumericComparator: float division by zero
[WARNING] root - Error in NumericComparator: float division by zero
[WARNING] root - Error in NumericComparator: float division by zero
[WARNING] root - Error in NumericComparator: float division by zero
[WARNING] root - Error in NumericComparator: float division by zero
[WARNING] root - Error in NumericComparator: float division by zero
[WARNING] root - Error in NumericComparator: float division by zero
[WARNING] root - Error in NumericComparator: float division by zero
[WARNING] root - Error in NumericComparator: float division by zero
[WARNING] root - Error in NumericComparator: float division by zero
[WARNING] root - Error in NumericComparator: float division by zero
[WARNING] root - Error in NumericComparator: float division by zero
[WARNING] root - Error in NumericComparator: float division by zero
[WARNING] root - Error in NumericComparator: float division by zero
[WARNING] root - Error in NumericComparator: float division by zero
[WARNING] root - Error in NumericComparator: float division by zero
[WARNING] root - Error in NumericComparator: float division by zero
[WARNING] root - Error in NumericComparator: float division by zero
[WARNING] root - Error in NumericComparator: float division by zero
[WARNING] root - Error in NumericComparator: float division by zero
[WARNING] root - Error in NumericComparator: float division by zero
[WARNING] root - Error in NumericComparator: float division by zero
[WARNING] root - Error in NumericComparator: float division by zero
[WARNING] root - Error in NumericComparator: float division by zero
[WARNING] root - Error in NumericComparator: float division by zero
[WARNING] root - Error in NumericComparator: float division by zero
[WARNING] root - Error in NumericComparator: float division by zero
[WARNING] root - Error in NumericComparator: float division by zero
[WARNING] root - Error in NumericComparator: float division by zero
[WARNING] root - Error in NumericComparator: float division by zero
[WARNING] root - Error in NumericComparator: float division by zero
[WARNING] root - Error in NumericComparator: float division by zero
[WARNING] root - Error in NumericComparator: float division by zero
[WARNING] root - Error in NumericComparator: float division by zero
[WARNING] root - Error in NumericComparator: float division by zero
[WARNING] root - Error in NumericComparator: float division by zero
[WARNING] root - Error in NumericComparator: float division by zero
[WARNING] root - Error in NumericComparator: float division by zero
[WARNING] root - Error in NumericComparator: float division by zero
[WARNING] root - Error in NumericComparator: float division by zero
[WARNING] root - Error in NumericComparator: float division by zero
[WARNING] root - Error in NumericComparator: float division by zero
[WARNING] root - Error in NumericComparator: float division by zero
[WARNING] root - Error in NumericComparator: float division by zero
[WARNING] root - Error in NumericComparator: float division by zero
[WARNING] root - Error in NumericComparator: float division by zero
[WARNING] root - Error in NumericComparator: float division by zero
[WARNING] root - Error in NumericComparator: float division by zero
[WARNING] root - Error in NumericComparator: float division by zero
[WARNING] root - Error in NumericComparator: float division by zero
[WARNING] root - Error in NumericComparator: float division by zero
[WARNING] root - Error in NumericComparator: float division by zero
[WARNING] root - Error in NumericComparator: float division by zero
[WARNING] root - Error in NumericComparator: float division by zero
[WARNING] root - Error in NumericComparator: float division by zero
[WARNING] root - Error in NumericComparator: float division by zero
[WARNING] root - Error in NumericComparator: float division by zero
[WARNING] root - Error in NumericComparator: float division by zero
[WARNING] root - Error in NumericComparator: float division by zero
[WARNING] root - Error in NumericComparator: float division by zero
[WARNING] root - Error in NumericComparator: float division by zero
[WARNING] root - Error in NumericComparator: float division by zero
[WARNING] root - Error in NumericComparator: float division by zero
[WARNING] root - Error in NumericComparator: float division by zero
[WARNING] root - Error in NumericComparator: float division by zero
[WARNING] root - Error in NumericComparator: float division by zero
[WARNING] root - Error in NumericComparator: float division by zero
[WARNING] root - Error in NumericComparator: float division by zero
[WARNING] root - Error in NumericComparator: float division by zero
[WARNING] root - Error in NumericComparator: float division by zero
[WARNING] root - Error in NumericComparator: float division by zero
[WARNING] root - Error in NumericComparator: float division by zero
[WARNING] root - Error in NumericComparator: float division by zero
[WARNING] root - Error in NumericComparator: float division by zero
[WARNING] root - Error in NumericComparator: float division by zero
[WARNING] root - Error in NumericComparator: float division by zero
[WARNING] root - Error in NumericComparator: float division by zero
[WARNING] root - Error in NumericComparator: float division by zero
[WARNING] root - Error in NumericComparator: float division by zero
[WARNING] root - Error in NumericComparator: float division by zero
[WARNING] root - Error in NumericComparator: float division by zero
[WARNING] root - Error in NumericComparator: float division by zero
[WARNING] root - Error in NumericComparator: float division by zero
[WARNING] root - Error in NumericComparator: float division by zero
[WARNING] root - Error in NumericComparator: float division by zero
[WARNING] root - Error in NumericComparator: float division by zero
[WARNING] root - Error in NumericComparator: float division by zero
[WARNING] root - Error in NumericComparator: float division by zero
[WARNING] root - Error in NumericComparator: float division by zero
[WARNING] root - Error in NumericComparator: float division by zero
[WARNING] root - Error in NumericComparator: float division by zero
[WARNING] root - Error in NumericComparator: float division by zero
[WARNING] root - Error in NumericComparator: float division by zero
[WARNING] root - Error in NumericComparator: float division by zero
[WARNING] root - Error in NumericComparator: float division by zero
[WARNING] root - Error in NumericComparator: float division by zero
[WARNING] root - Error in NumericComparator: float division by zero
[WARNING] root - Error in NumericComparator: float division by zero
[WARNING] root - Error in NumericComparator: float division by zero
[WARNING] root - Error in NumericComparator: float division by zero
[WARNING] root - Error in NumericComparator: float division by zero
[WARNING] root - Error in NumericComparator: float division by zero
[WARNING] root - Error in NumericComparator: float division by zero
[WARNING] root - Error in NumericComparator: float division by zero
[WARNING] root - Error in NumericComparator: float division by zero
[WARNING] root - Error in NumericComparator: float division by zero
[WARNING] root - Error in NumericComparator: float division by zero
[WARNING] root - Error in NumericComparator: float division by zero
[WARNING] root - Error in NumericComparator: float division by zero
[WARNING] root - Error in NumericComparator: float division by zero
[WARNING] root - Error in NumericComparator: float division by zero
[WARNING] root - Error in NumericComparator: float division by zero
[WARNING] root - Error in NumericComparator: float division by zero
[WARNING] root - Error in NumericComparator: float division by zero
[WARNING] root - Error in NumericComparator: float division by zero
[WARNING] root - Error in NumericComparator: float division by zero
[WARNING] root - Error in NumericComparator: float division by zero
[WARNING] root - Error in NumericComparator: float division by zero
[WARNING] root - Error in NumericComparator: float division by zero
[WARNING] root - Error in NumericComparator: float division by zero
[WARNING] root - Error in NumericComparator: float division by zero
[WARNING] root - Error in NumericComparator: float division by zero
[WARNING] root - Error in NumericComparator: float division by zero
[WARNING] root - Error in NumericComparator: float division by zero
[WARNING] root - Error in NumericComparator: float division by zero
[WARNING] root - Error in NumericComparator: float division by zero
[WARNING] root - Error in NumericComparator: float division by zero
[WARNING] root - Error in NumericComparator: float division by zero
[WARNING] root - Error in NumericComparator: float division by zero
[WARNING] root - Error in NumericComparator: float division by zero
[WARNING] root - Error in NumericComparator: float division by zero
[WARNING] root - Error in NumericComparator: float division by zero
[WARNING] root - Error in NumericComparator: float division by zero
[WARNING] root - Error in NumericComparator: float division by zero
[WARNING] root - Error in NumericComparator: float division by zero
[WARNING] root - Error in NumericComparator: float division by zero
[WARNING] root - Error in NumericComparator: float division by zero
[WARNING] root - Error in NumericComparator: float division by zero
[WARNING] root - Error in NumericComparator: float division by zero
[WARNING] root - Error in NumericComparator: float division by zero
[WARNING] root - Error in NumericComparator: float division by zero
[WARNING] root - Error in NumericComparator: float division by zero
[WARNING] root - Error in NumericComparator: float division by zero
[WARNING] root - Error in NumericComparator: float division by zero
[WARNING] root - Error in NumericComparator: float division by zero
[WARNING] root - Error in NumericComparator: float division by zero
[WARNING] root - Error in NumericComparator: float division by zero
[WARNING] root - Error in NumericComparator: float division by zero
[WARNING] root - Error in NumericComparator: float division by zero
[WARNING] root - Error in NumericComparator: float division by zero
[WARNING] root - Error in NumericComparator: float division by zero
[WARNING] root - Error in NumericComparator: float division by zero
[WARNING] root - Error in NumericComparator: float division by zero
[WARNING] root - Error in NumericComparator: float division by zero
[WARNING] root - Error in NumericComparator: float division by zero
[WARNING] root - Error in NumericComparator: float division by zero
[WARNING] root - Error in NumericComparator: float division by zero
[WARNING] root - Error in NumericComparator: float division by zero
[WARNING] root - Error in NumericComparator: float division by zero
[WARNING] root - Error in NumericComparator: float division by zero
[WARNING] root - Error in NumericComparator: float division by zero
[WARNING] root - Error in NumericComparator: float division by zero
[WARNING] root - Error in NumericComparator: float division by zero
[WARNING] root - Error in NumericComparator: float division by zero
[WARNING] root - Error in NumericComparator: float division by zero
[WARNING] root - Error in NumericComparator: float division by zero
[WARNING] root - Error in NumericComparator: float division by zero
[WARNING] root - Error in NumericComparator: float division by zero
[WARNING] root - Error in NumericComparator: float division by zero
[WARNING] root - Error in NumericComparator: float division by zero
[WARNING] root - Error in NumericComparator: float division by zero
[WARNING] root - Error in NumericComparator: float division by zero
[WARNING] root - Error in NumericComparator: float division by zero
[WARNING] root - Error in NumericComparator: float division by zero
[WARNING] root - Error in NumericComparator: float division by zero
[WARNING] root - Error in NumericComparator: float division by zero
[WARNING] root - Error in NumericComparator: float division by zero
[WARNING] root - Error in NumericComparator: float division by zero
[WARNING] root - Error in NumericComparator: float division by zero
[WARNING] root - Error in NumericComparator: float division by zero
[WARNING] root - Error in NumericComparator: float division by zero
[WARNING] root - Error in NumericComparator: float division by zero
[WARNING] root - Error in NumericComparator: float division by zero
[WARNING] root - Error in NumericComparator: float division by zero
[WARNING] root - Error in NumericComparator: float division by zero
[WARNING] root - Error in NumericComparator: float division by zero
[WARNING] root - Error in NumericComparator: float division by zero
[WARNING] root - Error in NumericComparator: float division by zero
[WARNING] root - Error in NumericComparator: float division by zero
[WARNING] root - Error in NumericComparator: float division by zero
[WARNING] root - Error in NumericComparator: float division by zero
[WARNING] root - Error in NumericComparator: float division by zero
[WARNING] root - Error in NumericComparator: float division by zero
[WARNING] root - Error in NumericComparator: float division by zero
[WARNING] root - Error in NumericComparator: float division by zero
[WARNING] root - Error in NumericComparator: float division by zero
[WARNING] root - Error in NumericComparator: float division by zero
[WARNING] root - Error in NumericComparator: float division by zero
[WARNING] root - Error in NumericComparator: float division by zero
[WARNING] root - Error in NumericComparator: float division by zero
[WARNING] root - Error in NumericComparator: float division by zero
[WARNING] root - Error in NumericComparator: float division by zero
[WARNING] root - Error in NumericComparator: float division by zero
[WARNING] root - Error in NumericComparator: float division by zero
[WARNING] root - Error in NumericComparator: float division by zero
[WARNING] root - Error in NumericComparator: float division by zero
[WARNING] root - Error in NumericComparator: float division by zero
[WARNING] root - Error in NumericComparator: float division by zero
[WARNING] root - Error in NumericComparator: float division by zero
[WARNING] root - Error in NumericComparator: float division by zero
[WARNING] root - Error in NumericComparator: float division by zero
[WARNING] root - Error in NumericComparator: float division by zero
[WARNING] root - Error in NumericComparator: float division by zero
[WARNING] root - Error in NumericComparator: float division by zero
[WARNING] root - Error in NumericComparator: float division by zero
[WARNING] root - Error in NumericComparator: float division by zero
[WARNING] root - Error in NumericComparator: float division by zero
[WARNING] root - Error in NumericComparator: float division by zero
[WARNING] root - Error in NumericComparator: float division by zero
[WARNING] root - Error in NumericComparator: float division by zero
[WARNING] root - Error in NumericComparator: float division by zero
[WARNING] root - Error in NumericComparator: float division by zero
[WARNING] root - Error in NumericComparator: float division by zero
[WARNING] root - Error in NumericComparator: float division by zero
[WARNING] root - Error in NumericComparator: float division by zero
[WARNING] root - Error in NumericComparator: float division by zero
[WARNING] root - Error in NumericComparator: float division by zero
[WARNING] root - Error in NumericComparator: float division by zero
[WARNING] root - Error in NumericComparator: float division by zero
[WARNING] root - Error in NumericComparator: float division by zero
[WARNING] root - Error in NumericComparator: float division by zero
[WARNING] root - Error in NumericComparator: float division by zero
[WARNING] root - Error in NumericComparator: float division by zero
[WARNING] root - Error in NumericComparator: float division by zero
[WARNING] root - Error in NumericComparator: float division by zero
[WARNING] root - Error in NumericComparator: float division by zero
[WARNING] root - Error in NumericComparator: float division by zero
[WARNING] root - Error in NumericComparator: float division by zero
[WARNING] root - Error in NumericComparator: float division by zero
[WARNING] root - Error in NumericComparator: float division by zero
[WARNING] root - Error in NumericComparator: float division by zero
[WARNING] root - Error in NumericComparator: float division by zero
[WARNING] root - Error in NumericComparator: float division by zero
[WARNING] root - Error in NumericComparator: float division by zero
[WARNING] root - Error in NumericComparator: float division by zero
[WARNING] root - Error in NumericComparator: float division by zero
[WARNING] root - Error in NumericComparator: float division by zero
[WARNING] root - Error in NumericComparator: float division by zero
[WARNING] root - Error in NumericComparator: float division by zero
[WARNING] root - Error in NumericComparator: float division by zero
[WARNING] root - Error in NumericComparator: float division by zero
[WARNING] root - Error in NumericComparator: float division by zero
[WARNING] root - Error in NumericComparator: float division by zero
[WARNING] root - Error in NumericComparator: float division by zero
[WARNING] root - Error in NumericComparator: float division by zero
[WARNING] root - Error in NumericComparator: float division by zero
[WARNING] root - Error in NumericComparator: float division by zero
[WARNING] root - Error in NumericComparator: float division by zero
[WARNING] root - Error in NumericComparator: float division by zero
[WARNING] root - Error in NumericComparator: float division by zero
[WARNING] root - Error in NumericComparator: float division by zero
[WARNING] root - Error in NumericComparator: float division by zero
[WARNING] root - Error in NumericComparator: float division by zero
[WARNING] root - Error in NumericComparator: float division by zero
[WARNING] root - Error in NumericComparator: float division by zero
[WARNING] root - Error in NumericComparator: float division by zero
[WARNING] root - Error in NumericComparator: float division by zero
[WARNING] root - Error in NumericComparator: float division by zero
[WARNING] root - Error in NumericComparator: float division by zero
[WARNING] root - Error in NumericComparator: float division by zero
[WARNING] root - Error in NumericComparator: float division by zero
[WARNING] root - Error in NumericComparator: float division by zero
[WARNING] root - Error in NumericComparator: float division by zero
[WARNING] root - Error in NumericComparator: float division by zero
[WARNING] root - Error in NumericComparator: float division by zero
[WARNING] root - Error in NumericComparator: float division by zero
[WARNING] root - Error in NumericComparator: float division by zero
[WARNING] root - Error in NumericComparator: float division by zero
[WARNING] root - Error in NumericComparator: float division by zero
[WARNING] root - Error in NumericComparator: float division by zero
[WARNING] root - Error in NumericComparator: float division by zero
[WARNING] root - Error in NumericComparator: float division by zero
[WARNING] root - Error in NumericComparator: float division by zero
[WARNING] root - Error in NumericComparator: float division by zero
[WARNING] root - Error in NumericComparator: float division by zero
[WARNING] root - Error in NumericComparator: float division by zero
[WARNING] root - Error in NumericComparator: float division by zero
[WARNING] root - Error in NumericComparator: float division by zero
[WARNING] root - Error in NumericComparator: float division by zero
[WARNING] root - Error in NumericComparator: float division by zero
[WARNING] root - Error in NumericComparator: float division by zero
[WARNING] root - Error in NumericComparator: float division by zero
[WARNING] root - Error in NumericComparator: float division by zero
[WARNING] root - Error in NumericComparator: float division by zero
[WARNING] root - Error in NumericComparator: float division by zero
[WARNING] root - Error in NumericComparator: float division by zero
[WARNING] root - Error in NumericComparator: float division by zero
[WARNING] root - Error in NumericComparator: float division by zero
[WARNING] root - Error in NumericComparator: float division by zero
[WARNING] root - Error in NumericComparator: float division by zero
[WARNING] root - Error in NumericComparator: float division by zero
[WARNING] root - Error in NumericComparator: float division by zero
[WARNING] root - Error in NumericComparator: float division by zero
[WARNING] root - Error in NumericComparator: float division by zero
[WARNING] root - Error in NumericComparator: float division by zero
[WARNING] root - Error in NumericComparator: float division by zero
[WARNING] root - Error in NumericComparator: float division by zero
[WARNING] root - Error in NumericComparator: float division by zero
[WARNING] root - Error in NumericComparator: float division by zero
[WARNING] root - Error in NumericComparator: float division by zero
[WARNING] root - Error in NumericComparator: float division by zero
[WARNING] root - Error in NumericComparator: float division by zero
[WARNING] root - Error in NumericComparator: float division by zero
[WARNING] root - Error in NumericComparator: float division by zero
[WARNING] root - Error in NumericComparator: float division by zero
[WARNING] root - Error in NumericComparator: float division by zero
[WARNING] root - Error in NumericComparator: float division by zero
[WARNING] root - Error in NumericComparator: float division by zero
[WARNING] root - Error in NumericComparator: float division by zero
[WARNING] root - Error in NumericComparator: float division by zero
[WARNING] root - Error in NumericComparator: float division by zero
[WARNING] root - Error in NumericComparator: float division by zero
[WARNING] root - Error in NumericComparator: float division by zero
[WARNING] root - Error in NumericComparator: float division by zero
[WARNING] root - Error in NumericComparator: float division by zero
[WARNING] root - Error in NumericComparator: float division by zero
[WARNING] root - Error in NumericComparator: float division by zero
[WARNING] root - Error in NumericComparator: float division by zero
[WARNING] root - Error in NumericComparator: float division by zero
[WARNING] root - Error in NumericComparator: float division by zero
[WARNING] root - Error in NumericComparator: float division by zero
[WARNING] root - Error in NumericComparator: float division by zero
[WARNING] root - Error in NumericComparator: float division by zero
[WARNING] root - Error in NumericComparator: float division by zero
[WARNING] root - Error in NumericComparator: float division by zero
[WARNING] root - Error in NumericComparator: float division by zero
[WARNING] root - Error in NumericComparator: float division by zero
[WARNING] root - Error in NumericComparator: float division by zero
[WARNING] root - Error in NumericComparator: float division by zero
[WARNING] root - Error in NumericComparator: float division by zero
[WARNING] root - Error in NumericComparator: float division by zero
[WARNING] root - Error in NumericComparator: float division by zero
[WARNING] root - Error in NumericComparator: float division by zero
[WARNING] root - Error in NumericComparator: float division by zero
[WARNING] root - Error in NumericComparator: float division by zero
[WARNING] root - Error in NumericComparator: float division by zero
[WARNING] root - Error in NumericComparator: float division by zero
[WARNING] root - Error in NumericComparator: float division by zero
[WARNING] root - Error in NumericComparator: float division by zero
[WARNING] root - Error in NumericComparator: float division by zero
[WARNING] root - Error in NumericComparator: float division by zero
[WARNING] root - Error in NumericComparator: float division by zero
[WARNING] root - Error in NumericComparator: float division by zero
[WARNING] root - Error in NumericComparator: float division by zero
[WARNING] root - Error in NumericComparator: float division by zero
[WARNING] root - Error in NumericComparator: float division by zero
[WARNING] root - Error in NumericComparator: float division by zero
[WARNING] root - Error in NumericComparator: float division by zero
[WARNING] root - Error in NumericComparator: float division by zero
[WARNING] root - Error in NumericComparator: float division by zero
[WARNING] root - Error in NumericComparator: float division by zero
[WARNING] root - Error in NumericComparator: float division by zero
[WARNING] root - Error in NumericComparator: float division by zero
[WARNING] root - Error in NumericComparator: float division by zero
[WARNING] root - Error in NumericComparator: float division by zero
[WARNING] root - Error in NumericComparator: float division by zero
[WARNING] root - Error in NumericComparator: float division by zero
[WARNING] root - Error in NumericComparator: float division by zero
[WARNING] root - Error in NumericComparator: float division by zero
[WARNING] root - Error in NumericComparator: float division by zero
[WARNING] root - Error in NumericComparator: float division by zero
[WARNING] root - Error in NumericComparator: float division by zero
[WARNING] root - Error in NumericComparator: float division by zero
[WARNING] root - Error in NumericComparator: float division by zero
[WARNING] root - Error in NumericComparator: float division by zero
[WARNING] root - Error in NumericComparator: float division by zero
[WARNING] root - Error in NumericComparator: float division by zero
[WARNING] root - Error in NumericComparator: float division by zero
[WARNING] root - Error in NumericComparator: float division by zero
[WARNING] root - Error in NumericComparator: float division by zero
[WARNING] root - Error in NumericComparator: float division by zero
[WARNING] root - Error in NumericComparator: float division by zero
[WARNING] root - Error in NumericComparator: float division by zero
[WARNING] root - Error in NumericComparator: float division by zero
[WARNING] root - Error in NumericComparator: float division by zero
[WARNING] root - Error in NumericComparator: float division by zero
[WARNING] root - Error in NumericComparator: float division by zero
[WARNING] root - Error in NumericComparator: float division by zero
[WARNING] root - Error in NumericComparator: float division by zero
[WARNING] root - Error in NumericComparator: float division by zero
[WARNING] root - Error in NumericComparator: float division by zero
[WARNING] root - Error in NumericComparator: float division by zero
[WARNING] root - Error in NumericComparator: float division by zero
[WARNING] root - Error in NumericComparator: float division by zero
[WARNING] root - Error in NumericComparator: float division by zero
[WARNING] root - Error in NumericComparator: float division by zero
[WARNING] root - Error in NumericComparator: float division by zero
[WARNING] root - Error in NumericComparator: float division by zero
[WARNING] root - Error in NumericComparator: float division by zero
[WARNING] root - Error in NumericComparator: float division by zero
[WARNING] root - Error in NumericComparator: float division by zero
[WARNING] root - Error in NumericComparator: float division by zero
[WARNING] root - Error in NumericComparator: float division by zero
[WARNING] root - Error in NumericComparator: float division by zero
[WARNING] root - Error in NumericComparator: float division by zero
[WARNING] root - Error in NumericComparator: float division by zero
[WARNING] root - Error in NumericComparator: float division by zero
[WARNING] root - Error in NumericComparator: float division by zero
[WARNING] root - Error in NumericComparator: float division by zero
[WARNING] root - Error in NumericComparator: float division by zero
[WARNING] root - Error in NumericComparator: float division by zero
[WARNING] root - Error in NumericComparator: float division by zero
[WARNING] root - Error in NumericComparator: float division by zero
[WARNING] root - Error in NumericComparator: float division by zero
[WARNING] root - Error in NumericComparator: float division by zero
[WARNING] root - Error in NumericComparator: float division by zero
[WARNING] root - Error in NumericComparator: float division by zero
[WARNING] root - Error in NumericComparator: float division by zero
[WARNING] root - Error in NumericComparator: float division by zero
[WARNING] root - Error in NumericComparator: float division by zero
[WARNING] root - Error in NumericComparator: float division by zero
[WARNING] root - Error in NumericComparator: float division by zero
[WARNING] root - Error in NumericComparator: float division by zero
[WARNING] root - Error in NumericComparator: float division by zero
[WARNING] root - Error in NumericComparator: float division by zero
[WARNING] root - Error in NumericComparator: float division by zero
[WARNING] root - Error in NumericComparator: float division by zero
[WARNING] root - Error in NumericComparator: float division by zero
[WARNING] root - Error in NumericComparator: float division by zero
[WARNING] root - Error in NumericComparator: float division by zero
[WARNING] root - Error in NumericComparator: float division by zero
[WARNING] root - Error in NumericComparator: float division by zero
[WARNING] root - Error in NumericComparator: float division by zero
[WARNING] root - Error in NumericComparator: float division by zero
[WARNING] root - Error in NumericComparator: float division by zero
[WARNING] root - Error in NumericComparator: float division by zero
[WARNING] root - Error in NumericComparator: float division by zero
[WARNING] root - Error in NumericComparator: float division by zero
[WARNING] root - Error in NumericComparator: float division by zero
[WARNING] root - Error in NumericComparator: float division by zero
[WARNING] root - Error in NumericComparator: float division by zero
[WARNING] root - Error in NumericComparator: float division by zero
[WARNING] root - Error in NumericComparator: float division by zero
[WARNING] root - Error in NumericComparator: float division by zero
[WARNING] root - Error in NumericComparator: float division by zero
[WARNING] root - Error in NumericComparator: float division by zero
[WARNING] root - Error in NumericComparator: float division by zero
[WARNING] root - Error in NumericComparator: float division by zero
[WARNING] root - Error in NumericComparator: float division by zero
[WARNING] root - Error in NumericComparator: float division by zero
[WARNING] root - Error in NumericComparator: float division by zero
[WARNING] root - Error in NumericComparator: float division by zero
[WARNING] root - Error in NumericComparator: float division by zero
[WARNING] root - Error in NumericComparator: float division by zero
[WARNING] root - Error in NumericComparator: float division by zero
[WARNING] root - Error in NumericComparator: float division by zero
[WARNING] root - Error in NumericComparator: float division by zero
[WARNING] root - Error in NumericComparator: float division by zero
[WARNING] root - Error in NumericComparator: float division by zero
[WARNING] root - Error in NumericComparator: float division by zero
[WARNING] root - Error in NumericComparator: float division by zero
[WARNING] root - Error in NumericComparator: float division by zero
[WARNING] root - Error in NumericComparator: float division by zero
[WARNING] root - Error in NumericComparator: float division by zero
[WARNING] root - Error in NumericComparator: float division by zero
[WARNING] root - Error in NumericComparator: float division by zero
[WARNING] root - Error in NumericComparator: float division by zero
[WARNING] root - Error in NumericComparator: float division by zero
[WARNING] root - Error in NumericComparator: float division by zero
[WARNING] root - Error in NumericComparator: float division by zero
[WARNING] root - Error in NumericComparator: float division by zero
[WARNING] root - Error in NumericComparator: float division by zero
[WARNING] root - Error in NumericComparator: float division by zero
[WARNING] root - Error in NumericComparator: float division by zero
[WARNING] root - Error in NumericComparator: float division by zero
[WARNING] root - Error in NumericComparator: float division by zero
[WARNING] root - Error in NumericComparator: float division by zero
[WARNING] root - Error in NumericComparator: float division by zero
[WARNING] root - Error in NumericComparator: float division by zero
[WARNING] root - Error in NumericComparator: float division by zero
[WARNING] root - Error in NumericComparator: float division by zero
[WARNING] root - Error in NumericComparator: float division by zero
[WARNING] root - Error in NumericComparator: float division by zero
[WARNING] root - Error in NumericComparator: float division by zero
[WARNING] root - Error in NumericComparator: float division by zero
[WARNING] root - Error in NumericComparator: float division by zero
[WARNING] root - Error in NumericComparator: float division by zero
[WARNING] root - Error in NumericComparator: float division by zero
[WARNING] root - Error in NumericComparator: float division by zero
[WARNING] root - Error in NumericComparator: float division by zero
[WARNING] root - Error in NumericComparator: float division by zero
[WARNING] root - Error in NumericComparator: float division by zero
[WARNING] root - Error in NumericComparator: float division by zero
[WARNING] root - Error in NumericComparator: float division by zero
[WARNING] root - Error in NumericComparator: float division by zero
[WARNING] root - Error in NumericComparator: float division by zero
[WARNING] root - Error in NumericComparator: float division by zero
[WARNING] root - Error in NumericComparator: float division by zero
[WARNING] root - Error in NumericComparator: float division by zero
[WARNING] root - Error in NumericComparator: float division by zero
[WARNING] root - Error in NumericComparator: float division by zero
[WARNING] root - Error in NumericComparator: float division by zero
[WARNING] root - Error in NumericComparator: float division by zero
[WARNING] root - Error in NumericComparator: float division by zero
[WARNING] root - Error in NumericComparator: float division by zero
[WARNING] root - Error in NumericComparator: float division by zero
[WARNING] root - Error in NumericComparator: float division by zero
[WARNING] root - Error in NumericComparator: float division by zero
[WARNING] root - Error in NumericComparator: float division by zero
[WARNING] root - Error in NumericComparator: float division by zero
[WARNING] root - Error in NumericComparator: float division by zero
[WARNING] root - Error in NumericComparator: float division by zero
[WARNING] root - Error in NumericComparator: float division by zero
[WARNING] root - Error in NumericComparator: float division by zero
[WARNING] root - Error in NumericComparator: float division by zero
[WARNING] root - Error in NumericComparator: float division by zero
[WARNING] root - Error in NumericComparator: float division by zero
[WARNING] root - Error in NumericComparator: float division by zero
[WARNING] root - Error in NumericComparator: float division by zero
[WARNING] root - Error in NumericComparator: float division by zero
[WARNING] root - Error in NumericComparator: float division by zero
[WARNING] root - Error in NumericComparator: float division by zero
[WARNING] root - Error in NumericComparator: float division by zero
[WARNING] root - Error in NumericComparator: float division by zero
[WARNING] root - Error in NumericComparator: float division by zero
[WARNING] root - Error in NumericComparator: float division by zero
[WARNING] root - Error in NumericComparator: float division by zero
[WARNING] root - Error in NumericComparator: float division by zero
[WARNING] root - Error in NumericComparator: float division by zero
[WARNING] root - Error in NumericComparator: float division by zero
[WARNING] root - Error in NumericComparator: float division by zero
[WARNING] root - Error in NumericComparator: float division by zero
[WARNING] root - Error in NumericComparator: float division by zero
[WARNING] root - Error in NumericComparator: float division by zero
[WARNING] root - Error in NumericComparator: float division by zero
[WARNING] root - Error in NumericComparator: float division by zero
[WARNING] root - Error in NumericComparator: float division by zero
[WARNING] root - Error in NumericComparator: float division by zero
[WARNING] root - Error in NumericComparator: float division by zero
[WARNING] root - Error in NumericComparator: float division by zero
[WARNING] root - Error in NumericComparator: float division by zero
[WARNING] root - Error in NumericComparator: float division by zero
[WARNING] root - Error in NumericComparator: float division by zero
[WARNING] root - Error in NumericComparator: float division by zero
[WARNING] root - Error in NumericComparator: float division by zero
[WARNING] root - Error in NumericComparator: float division by zero
[WARNING] root - Error in NumericComparator: float division by zero
[WARNING] root - Error in NumericComparator: float division by zero
[WARNING] root - Error in NumericComparator: float division by zero
[WARNING] root - Error in NumericComparator: float division by zero
[WARNING] root - Error in NumericComparator: float division by zero
[WARNING] root - Error in NumericComparator: float division by zero
[WARNING] root - Error in NumericComparator: float division by zero
[WARNING] root - Error in NumericComparator: float division by zero
[WARNING] root - Error in NumericComparator: float division by zero
[WARNING] root - Error in NumericComparator: float division by zero
[WARNING] root - Error in NumericComparator: float division by zero
[WARNING] root - Error in NumericComparator: float division by zero
[WARNING] root - Error in NumericComparator: float division by zero
[WARNING] root - Error in NumericComparator: float division by zero
[WARNING] root - Error in NumericComparator: float division by zero
[WARNING] root - Error in NumericComparator: float division by zero
[WARNING] root - Error in NumericComparator: float division by zero
[WARNING] root - Error in NumericComparator: float division by zero
[WARNING] root - Error in NumericComparator: float division by zero
[WARNING] root - Error in NumericComparator: float division by zero
[WARNING] root - Error in NumericComparator: float division by zero
[WARNING] root - Error in NumericComparator: float division by zero
[WARNING] root - Error in NumericComparator: float division by zero
[WARNING] root - Error in NumericComparator: float division by zero
[WARNING] root - Error in NumericComparator: float division by zero
[WARNING] root - Error in NumericComparator: float division by zero
[WARNING] root - Error in NumericComparator: float division by zero
[WARNING] root - Error in NumericComparator: float division by zero
[WARNING] root - Error in NumericComparator: float division by zero
[WARNING] root - Error in NumericComparator: float division by zero
[WARNING] root - Error in NumericComparator: float division by zero
[WARNING] root - Error in NumericComparator: float division by zero
[WARNING] root - Error in NumericComparator: float division by zero
[WARNING] root - Error in NumericComparator: float division by zero
[WARNING] root - Error in NumericComparator: float division by zero
[WARNING] root - Error in NumericComparator: float division by zero
[WARNING] root - Error in NumericComparator: float division by zero
[WARNING] root - Error in NumericComparator: float division by zero
[WARNING] root - Error in NumericComparator: float division by zero
[WARNING] root - Error in NumericComparator: float division by zero
[WARNING] root - Error in NumericComparator: float division by zero
[WARNING] root - Error in NumericComparator: float division by zero
[WARNING] root - Error in NumericComparator: float division by zero
[WARNING] root - Error in NumericComparator: float division by zero
[WARNING] root - Error in NumericComparator: float division by zero
[WARNING] root - Error in NumericComparator: float division by zero
[WARNING] root - Error in NumericComparator: float division by zero
[WARNING] root - Error in NumericComparator: float division by zero
[WARNING] root - Error in NumericComparator: float division by zero
[WARNING] root - Error in NumericComparator: float division by zero
[WARNING] root - Error in NumericComparator: float division by zero
[WARNING] root - Error in NumericComparator: float division by zero
[WARNING] root - Error in NumericComparator: float division by zero
[WARNING] root - Error in NumericComparator: float division by zero
[WARNING] root - Error in NumericComparator: float division by zero
[WARNING] root - Error in NumericComparator: float division by zero
[WARNING] root - Error in NumericComparator: float division by zero
[WARNING] root - Error in NumericComparator: float division by zero
[WARNING] root - Error in NumericComparator: float division by zero
[WARNING] root - Error in NumericComparator: float division by zero
[WARNING] root - Error in NumericComparator: float division by zero
[WARNING] root - Error in NumericComparator: float division by zero
[WARNING] root - Error in NumericComparator: float division by zero
[WARNING] root - Error in NumericComparator: float division by zero
[WARNING] root - Error in NumericComparator: float division by zero
[WARNING] root - Error in NumericComparator: float division by zero
[WARNING] root - Error in NumericComparator: float division by zero
[WARNING] root - Error in NumericComparator: float division by zero
[WARNING] root - Error in NumericComparator: float division by zero
[WARNING] root - Error in NumericComparator: float division by zero
[WARNING] root - Error in NumericComparator: float division by zero
[WARNING] root - Error in NumericComparator: float division by zero
[WARNING] root - Error in NumericComparator: float division by zero
[WARNING] root - Error in NumericComparator: float division by zero
[WARNING] root - Error in NumericComparator: float division by zero
[WARNING] root - Error in NumericComparator: float division by zero
[WARNING] root - Error in NumericComparator: float division by zero
[WARNING] root - Error in NumericComparator: float division by zero
[WARNING] root - Error in NumericComparator: float division by zero
[WARNING] root - Error in NumericComparator: float division by zero
[WARNING] root - Error in NumericComparator: float division by zero
[WARNING] root - Error in NumericComparator: float division by zero
[WARNING] root - Error in NumericComparator: float division by zero
[WARNING] root - Error in NumericComparator: float division by zero
[WARNING] root - Error in NumericComparator: float division by zero
[WARNING] root - Error in NumericComparator: float division by zero
[WARNING] root - Error in NumericComparator: float division by zero
[WARNING] root - Error in NumericComparator: float division by zero
[WARNING] root - Error in NumericComparator: float division by zero
[WARNING] root - Error in NumericComparator: float division by zero
[WARNING] root - Error in NumericComparator: float division by zero
[WARNING] root - Error in NumericComparator: float division by zero
[WARNING] root - Error in NumericComparator: float division by zero
[WARNING] root - Error in NumericComparator: float division by zero
[WARNING] root - Error in NumericComparator: float division by zero
[WARNING] root - Error in NumericComparator: float division by zero
[WARNING] root - Error in NumericComparator: float division by zero
[WARNING] root - Error in NumericComparator: float division by zero
[WARNING] root - Error in NumericComparator: float division by zero
[WARNING] root - Error in NumericComparator: float division by zero
[WARNING] root - Error in NumericComparator: float division by zero
[WARNING] root - Error in NumericComparator: float division by zero
[WARNING] root - Error in NumericComparator: float division by zero
[WARNING] root - Error in NumericComparator: float division by zero
[WARNING] root - Error in NumericComparator: float division by zero
[WARNING] root - Error in NumericComparator: float division by zero
[WARNING] root - Error in NumericComparator: float division by zero
[WARNING] root - Error in NumericComparator: float division by zero
[WARNING] root - Error in NumericComparator: float division by zero
[WARNING] root - Error in NumericComparator: float division by zero
[WARNING] root - Error in NumericComparator: float division by zero
[WARNING] root - Error in NumericComparator: float division by zero
[WARNING] root - Error in NumericComparator: float division by zero
[WARNING] root - Error in NumericComparator: float division by zero
[WARNING] root - Error in NumericComparator: float division by zero
[WARNING] root - Error in NumericComparator: float division by zero
[WARNING] root - Error in NumericComparator: float division by zero
[WARNING] root - Error in NumericComparator: float division by zero
[WARNING] root - Error in NumericComparator: float division by zero
[WARNING] root - Error in NumericComparator: float division by zero
[WARNING] root - Error in NumericComparator: float division by zero
[WARNING] root - Error in NumericComparator: float division by zero
[WARNING] root - Error in NumericComparator: float division by zero
[WARNING] root - Error in NumericComparator: float division by zero
[WARNING] root - Error in NumericComparator: float division by zero
[WARNING] root - Error in NumericComparator: float division by zero
[WARNING] root - Error in NumericComparator: float division by zero
[WARNING] root - Error in NumericComparator: float division by zero
[WARNING] root - Error in NumericComparator: float division by zero
[WARNING] root - Error in NumericComparator: float division by zero
[WARNING] root - Error in NumericComparator: float division by zero
[WARNING] root - Error in NumericComparator: float division by zero
[WARNING] root - Error in NumericComparator: float division by zero
[WARNING] root - Error in NumericComparator: float division by zero
[WARNING] root - Error in NumericComparator: float division by zero
[WARNING] root - Error in NumericComparator: float division by zero
[WARNING] root - Error in NumericComparator: float division by zero
[WARNING] root - Error in NumericComparator: float division by zero
[WARNING] root - Error in NumericComparator: float division by zero
[WARNING] root - Error in NumericComparator: float division by zero
[WARNING] root - Error in NumericComparator: float division by zero
[WARNING] root - Error in NumericComparator: float division by zero
[WARNING] root - Error in NumericComparator: float division by zero
[WARNING] root - Error in NumericComparator: float division by zero
[WARNING] root - Error in NumericComparator: float division by zero
[WARNING] root - Error in NumericComparator: float division by zero
[WARNING] root - Error in NumericComparator: float division by zero
[WARNING] root - Error in NumericComparator: float division by zero
[WARNING] root - Error in NumericComparator: float division by zero
[WARNING] root - Error in NumericComparator: float division by zero
[WARNING] root - Error in NumericComparator: float division by zero
[WARNING] root - Error in NumericComparator: float division by zero
[WARNING] root - Error in NumericComparator: float division by zero
[WARNING] root - Error in NumericComparator: float division by zero
[WARNING] root - Error in NumericComparator: float division by zero
[WARNING] root - Error in NumericComparator: float division by zero
[WARNING] root - Error in NumericComparator: float division by zero
[WARNING] root - Error in NumericComparator: float division by zero
[WARNING] root - Error in NumericComparator: float division by zero
[WARNING] root - Error in NumericComparator: float division by zero
[WARNING] root - Error in NumericComparator: float division by zero
[WARNING] root - Error in NumericComparator: float division by zero
[WARNING] root - Error in NumericComparator: float division by zero
[WARNING] root - Error in NumericComparator: float division by zero
[WARNING] root - Error in NumericComparator: float division by zero
[WARNING] root - Error in NumericComparator: float division by zero
[WARNING] root - Error in NumericComparator: float division by zero
[WARNING] root - Error in NumericComparator: float division by zero
[WARNING] root - Error in NumericComparator: float division by zero
[WARNING] root - Error in NumericComparator: float division by zero
[WARNING] root - Error in NumericComparator: float division by zero
[WARNING] root - Error in NumericComparator: float division by zero
[WARNING] root - Error in NumericComparator: float division by zero
[WARNING] root - Error in NumericComparator: float division by zero
[WARNING] root - Error in NumericComparator: float division by zero
[WARNING] root - Error in NumericComparator: float division by zero
[WARNING] root - Error in NumericComparator: float division by zero
[WARNING] root - Error in NumericComparator: float division by zero
[WARNING] root - Error in NumericComparator: float division by zero
[WARNING] root - Error in NumericComparator: float division by zero
[WARNING] root - Error in NumericComparator: float division by zero
[WARNING] root - Error in NumericComparator: float division by zero
[WARNING] root - Error in NumericComparator: float division by zero
[WARNING] root - Error in NumericComparator: float division by zero
[WARNING] root - Error in NumericComparator: float division by zero
[WARNING] root - Error in NumericComparator: float division by zero
[WARNING] root - Error in NumericComparator: float division by zero
[WARNING] root - Error in NumericComparator: float division by zero
[WARNING] root - Error in NumericComparator: float division by zero
[WARNING] root - Error in NumericComparator: float division by zero
[WARNING] root - Error in NumericComparator: float division by zero
[WARNING] root - Error in NumericComparator: float division by zero
[WARNING] root - Error in NumericComparator: float division by zero
[WARNING] root - Error in NumericComparator: float division by zero
[WARNING] root - Error in NumericComparator: float division by zero
[WARNING] root - Error in NumericComparator: float division by zero
[WARNING] root - Error in NumericComparator: float division by zero
[WARNING] root - Error in NumericComparator: float division by zero
[WARNING] root - Error in NumericComparator: float division by zero
[WARNING] root - Error in NumericComparator: float division by zero
[WARNING] root - Error in NumericComparator: float division by zero
[WARNING] root - Error in NumericComparator: float division by zero
[WARNING] root - Error in NumericComparator: float division by zero
[WARNING] root - Error in NumericComparator: float division by zero
[WARNING] root - Error in NumericComparator: float division by zero
[WARNING] root - Error in NumericComparator: float division by zero
[WARNING] root - Error in NumericComparator: float division by zero
[WARNING] root - Error in NumericComparator: float division by zero
[WARNING] root - Error in NumericComparator: float division by zero
[WARNING] root - Error in NumericComparator: float division by zero
[WARNING] root - Error in NumericComparator: float division by zero
[WARNING] root - Error in NumericComparator: float division by zero
[WARNING] root - Error in NumericComparator: float division by zero
[WARNING] root - Error in NumericComparator: float division by zero
[WARNING] root - Error in NumericComparator: float division by zero
[WARNING] root - Error in NumericComparator: float division by zero
[WARNING] root - Error in NumericComparator: float division by zero
[WARNING] root - Error in NumericComparator: float division by zero
[WARNING] root - Error in NumericComparator: float division by zero
[WARNING] root - Error in NumericComparator: float division by zero
[WARNING] root - Error in NumericComparator: float division by zero
[WARNING] root - Error in NumericComparator: float division by zero
[WARNING] root - Error in NumericComparator: float division by zero
[WARNING] root - Error in NumericComparator: float division by zero
[WARNING] root - Error in NumericComparator: float division by zero
[WARNING] root - Error in NumericComparator: float division by zero
[WARNING] root - Error in NumericComparator: float division by zero
[WARNING] root - Error in NumericComparator: float division by zero
[WARNING] root - Error in NumericComparator: float division by zero
[WARNING] root - Error in NumericComparator: float division by zero
[WARNING] root - Error in NumericComparator: float division by zero
[WARNING] root - Error in NumericComparator: float division by zero
[WARNING] root - Error in NumericComparator: float division by zero
[WARNING] root - Error in NumericComparator: float division by zero
[WARNING] root - Error in NumericComparator: float division by zero
[WARNING] root - Error in NumericComparator: float division by zero
[WARNING] root - Error in NumericComparator: float division by zero
[WARNING] root - Error in NumericComparator: float division by zero
[WARNING] root - Error in NumericComparator: float division by zero
[WARNING] root - Error in NumericComparator: float division by zero
[WARNING] root - Error in NumericComparator: float division by zero
[WARNING] root - Error in NumericComparator: float division by zero
[WARNING] root - Error in NumericComparator: float division by zero
[WARNING] root - Error in NumericComparator: float division by zero
[WARNING] root - Error in NumericComparator: float division by zero
[WARNING] root - Error in NumericComparator: float division by zero
[WARNING] root - Error in NumericComparator: float division by zero
[WARNING] root - Error in NumericComparator: float division by zero
[WARNING] root - Error in NumericComparator: float division by zero
[WARNING] root - Error in NumericComparator: float division by zero
[WARNING] root - Error in NumericComparator: float division by zero
[WARNING] root - Error in NumericComparator: float division by zero
[WARNING] root - Error in NumericComparator: float division by zero
[WARNING] root - Error in NumericComparator: float division by zero
[WARNING] root - Error in NumericComparator: float division by zero
[WARNING] root - Error in NumericComparator: float division by zero
[WARNING] root - Error in NumericComparator: float division by zero
[WARNING] root - Error in NumericComparator: float division by zero
[WARNING] root - Error in NumericComparator: float division by zero
[WARNING] root - Error in NumericComparator: float division by zero
[WARNING] root - Error in NumericComparator: float division by zero
[WARNING] root - Error in NumericComparator: float division by zero
[WARNING] root - Error in NumericComparator: float division by zero
[WARNING] root - Error in NumericComparator: float division by zero
[WARNING] root - Error in NumericComparator: float division by zero
[WARNING] root - Error in NumericComparator: float division by zero
[WARNING] root - Error in NumericComparator: float division by zero
[WARNING] root - Error in NumericComparator: float division by zero
[WARNING] root - Error in NumericComparator: float division by zero
[WARNING] root - Error in NumericComparator: float division by zero
[WARNING] root - Error in NumericComparator: float division by zero
[WARNING] root - Error in NumericComparator: float division by zero
[WARNING] root - Error in NumericComparator: float division by zero
[WARNING] root - Error in NumericComparator: float division by zero
[WARNING] root - Error in NumericComparator: float division by zero
[WARNING] root - Error in NumericComparator: float division by zero
[WARNING] root - Error in NumericComparator: float division by zero
[WARNING] root - Error in NumericComparator: float division by zero
[WARNING] root - Error in NumericComparator: float division by zero
[WARNING] root - Error in NumericComparator: float division by zero
[WARNING] root - Error in NumericComparator: float division by zero
[WARNING] root - Error in NumericComparator: float division by zero
[WARNING] root - Error in NumericComparator: float division by zero
[WARNING] root - Error in NumericComparator: float division by zero
[WARNING] root - Error in NumericComparator: float division by zero
[WARNING] root - Error in NumericComparator: float division by zero
[WARNING] root - Error in NumericComparator: float division by zero
[WARNING] root - Error in NumericComparator: float division by zero
[WARNING] root - Error in NumericComparator: float division by zero
[WARNING] root - Error in NumericComparator: float division by zero
[WARNING] root - Error in NumericComparator: float division by zero
[WARNING] root - Error in NumericComparator: float division by zero
[WARNING] root - Error in NumericComparator: float division by zero
[WARNING] root - Error in NumericComparator: float division by zero
[WARNING] root - Error in NumericComparator: float division by zero
[WARNING] root - Error in NumericComparator: float division by zero
[WARNING] root - Error in NumericComparator: float division by zero
[WARNING] root - Error in NumericComparator: float division by zero
[WARNING] root - Error in NumericComparator: float division by zero
[WARNING] root - Error in NumericComparator: float division by zero
[WARNING] root - Error in NumericComparator: float division by zero
[WARNING] root - Error in NumericComparator: float division by zero
[WARNING] root - Error in NumericComparator: float division by zero
[WARNING] root - Error in NumericComparator: float division by zero
[WARNING] root - Error in NumericComparator: float division by zero
[WARNING] root - Error in NumericComparator: float division by zero
[WARNING] root - Error in NumericComparator: float division by zero
[WARNING] root - Error in NumericComparator: float division by zero
[WARNING] root - Error in NumericComparator: float division by zero
[WARNING] root - Error in NumericComparator: float division by zero
[WARNING] root - Error in NumericComparator: float division by zero
[WARNING] root - Error in NumericComparator: float division by zero
[WARNING] root - Error in NumericComparator: float division by zero
[WARNING] root - Error in NumericComparator: float division by zero
[WARNING] root - Error in NumericComparator: float division by zero
[WARNING] root - Error in NumericComparator: float division by zero
[WARNING] root - Error in NumericComparator: float division by zero
[WARNING] root - Error in NumericComparator: float division by zero
[WARNING] root - Error in NumericComparator: float division by zero
[WARNING] root - Error in NumericComparator: float division by zero
[WARNING] root - Error in NumericComparator: float division by zero
[WARNING] root - Error in NumericComparator: float division by zero
[WARNING] root - Error in NumericComparator: float division by zero
[WARNING] root - Error in NumericComparator: float division by zero
[WARNING] root - Error in NumericComparator: float division by zero
[WARNING] root - Error in NumericComparator: float division by zero
[WARNING] root - Error in NumericComparator: float division by zero
[WARNING] root - Error in NumericComparator: float division by zero
[WARNING] root - Error in NumericComparator: float division by zero
[WARNING] root - Error in NumericComparator: float division by zero
[WARNING] root - Error in NumericComparator: float division by zero
[WARNING] root - Error in NumericComparator: float division by zero
[WARNING] root - Error in NumericComparator: float division by zero
[WARNING] root - Error in NumericComparator: float division by zero
[WARNING] root - Error in NumericComparator: float division by zero
[WARNING] root - Error in NumericComparator: float division by zero
[WARNING] root - Error in NumericComparator: float division by zero
[WARNING] root - Error in NumericComparator: float division by zero
[WARNING] root - Error in NumericComparator: float division by zero
[WARNING] root - Error in NumericComparator: float division by zero
[WARNING] root - Error in NumericComparator: float division by zero
[WARNING] root - Error in NumericComparator: float division by zero
[WARNING] root - Error in NumericComparator: float division by zero
[WARNING] root - Error in NumericComparator: float division by zero
[WARNING] root - Error in NumericComparator: float division by zero
[WARNING] root - Error in NumericComparator: float division by zero
[WARNING] root - Error in NumericComparator: float division by zero
[WARNING] root - Error in NumericComparator: float division by zero
[WARNING] root - Error in NumericComparator: float division by zero
[WARNING] root - Error in NumericComparator: float division by zero
[WARNING] root - Error in NumericComparator: float division by zero
[WARNING] root - Error in NumericComparator: float division by zero
[WARNING] root - Error in NumericComparator: float division by zero
[WARNING] root - Error in NumericComparator: float division by zero
[WARNING] root - Error in NumericComparator: float division by zero
[WARNING] root - Error in NumericComparator: float division by zero
[WARNING] root - Error in NumericComparator: float division by zero
[WARNING] root - Error in NumericComparator: float division by zero
[WARNING] root - Error in NumericComparator: float division by zero
[WARNING] root - Error in NumericComparator: float division by zero
[WARNING] root - Error in NumericComparator: float division by zero
[WARNING] root - Error in NumericComparator: float division by zero
[WARNING] root - Error in NumericComparator: float division by zero
[WARNING] root - Error in NumericComparator: float division by zero
[WARNING] root - Error in NumericComparator: float division by zero
[WARNING] root - Error in NumericComparator: float division by zero
[WARNING] root - Error in NumericComparator: float division by zero
[WARNING] root - Error in NumericComparator: float division by zero
[WARNING] root - Error in NumericComparator: float division by zero
[WARNING] root - Error in NumericComparator: float division by zero
[WARNING] root - Error in NumericComparator: float division by zero
[WARNING] root - Error in NumericComparator: float division by zero
[WARNING] root - Error in NumericComparator: float division by zero
[WARNING] root - Error in NumericComparator: float division by zero
[WARNING] root - Error in NumericComparator: float division by zero
[WARNING] root - Error in NumericComparator: float division by zero
[WARNING] root - Error in NumericComparator: float division by zero
[WARNING] root - Error in NumericComparator: float division by zero
[WARNING] root - Error in NumericComparator: float division by zero
[WARNING] root - Error in NumericComparator: float division by zero
[WARNING] root - Error in NumericComparator: float division by zero
[WARNING] root - Error in NumericComparator: float division by zero
[WARNING] root - Error in NumericComparator: float division by zero
[WARNING] root - Error in NumericComparator: float division by zero
[WARNING] root - Error in NumericComparator: float division by zero
[WARNING] root - Error in NumericComparator: float division by zero
[WARNING] root - Error in NumericComparator: float division by zero
[WARNING] root - Error in NumericComparator: float division by zero
[WARNING] root - Error in NumericComparator: float division by zero
[WARNING] root - Error in NumericComparator: float division by zero
[WARNING] root - Error in NumericComparator: float division by zero
[WARNING] root - Error in NumericComparator: float division by zero
[WARNING] root - Error in NumericComparator: float division by zero
[WARNING] root - Error in NumericComparator: float division by zero
[WARNING] root - Error in NumericComparator: float division by zero
[WARNING] root - Error in NumericComparator: float division by zero
[WARNING] root - Error in NumericComparator: float division by zero
[WARNING] root - Error in NumericComparator: float division by zero
[WARNING] root - Error in NumericComparator: float division by zero
[WARNING] root - Error in NumericComparator: float division by zero
[WARNING] root - Error in NumericComparator: float division by zero
[WARNING] root - Error in NumericComparator: float division by zero
[WARNING] root - Error in NumericComparator: float division by zero
[WARNING] root - Error in NumericComparator: float division by zero
[WARNING] root - Error in NumericComparator: float division by zero
[WARNING] root - Error in NumericComparator: float division by zero
[WARNING] root - Error in NumericComparator: float division by zero
[WARNING] root - Error in NumericComparator: float division by zero
[WARNING] root - Error in NumericComparator: float division by zero
[WARNING] root - Error in NumericComparator: float division by zero
[WARNING] root - Error in NumericComparator: float division by zero
[WARNING] root - Error in NumericComparator: float division by zero
[WARNING] root - Error in NumericComparator: float division by zero
[WARNING] root - Error in NumericComparator: float division by zero
[WARNING] root - Error in NumericComparator: float division by zero
[WARNING] root - Error in NumericComparator: float division by zero
[WARNING] root - Error in NumericComparator: float division by zero
[WARNING] root - Error in NumericComparator: float division by zero
[WARNING] root - Error in NumericComparator: float division by zero
[WARNING] root - Error in NumericComparator: float division by zero
[WARNING] root - Error in NumericComparator: float division by zero
[WARNING] root - Error in NumericComparator: float division by zero
[WARNING] root - Error in NumericComparator: float division by zero
[WARNING] root - Error in NumericComparator: float division by zero
[WARNING] root - Error in NumericComparator: float division by zero
[WARNING] root - Error in NumericComparator: float division by zero
[WARNING] root - Error in NumericComparator: float division by zero
[WARNING] root - Error in NumericComparator: float division by zero
[WARNING] root - Error in NumericComparator: float division by zero
[WARNING] root - Error in NumericComparator: float division by zero
[WARNING] root - Error in NumericComparator: float division by zero
[WARNING] root - Error in NumericComparator: float division by zero
[WARNING] root - Error in NumericComparator: float division by zero
[WARNING] root - Error in NumericComparator: float division by zero
[WARNING] root - Error in NumericComparator: float division by zero
[WARNING] root - Error in NumericComparator: float division by zero
[WARNING] root - Error in NumericComparator: float division by zero
[WARNING] root - Error in NumericComparator: float division by zero
[WARNING] root - Error in NumericComparator: float division by zero
[WARNING] root - Error in NumericComparator: float division by zero
[WARNING] root - Error in NumericComparator: float division by zero
[WARNING] root - Error in NumericComparator: float division by zero
[WARNING] root - Error in NumericComparator: float division by zero
[WARNING] root - Error in NumericComparator: float division by zero
[WARNING] root - Error in NumericComparator: float division by zero
[WARNING] root - Error in NumericComparator: float division by zero
[WARNING] root - Error in NumericComparator: float division by zero
[WARNING] root - Error in NumericComparator: float division by zero
[WARNING] root - Error in NumericComparator: float division by zero
[WARNING] root - Error in NumericComparator: float division by zero
[WARNING] root - Error in NumericComparator: float division by zero
[WARNING] root - Error in NumericComparator: float division by zero
[WARNING] root - Error in NumericComparator: float division by zero
[WARNING] root - Error in NumericComparator: float division by zero
[WARNING] root - Error in NumericComparator: float division by zero
[WARNING] root - Error in NumericComparator: float division by zero
[WARNING] root - Error in NumericComparator: float division by zero
[WARNING] root - Error in NumericComparator: float division by zero
[WARNING] root - Error in NumericComparator: float division by zero
[WARNING] root - Error in NumericComparator: float division by zero
[WARNING] root - Error in NumericComparator: float division by zero
[WARNING] root - Error in NumericComparator: float division by zero
[WARNING] root - Error in NumericComparator: float division by zero
[WARNING] root - Error in NumericComparator: float division by zero
[WARNING] root - Error in NumericComparator: float division by zero
[WARNING] root - Error in NumericComparator: float division by zero
[WARNING] root - Error in NumericComparator: float division by zero
[WARNING] root - Error in NumericComparator: float division by zero
[WARNING] root - Error in NumericComparator: float division by zero
[WARNING] root - Error in NumericComparator: float division by zero
[WARNING] root - Error in NumericComparator: float division by zero
[WARNING] root - Error in NumericComparator: float division by zero
[WARNING] root - Error in NumericComparator: float division by zero
[WARNING] root - Error in NumericComparator: float division by zero
[WARNING] root - Error in NumericComparator: float division by zero
[WARNING] root - Error in NumericComparator: float division by zero
[WARNING] root - Error in NumericComparator: float division by zero
[WARNING] root - Error in NumericComparator: float division by zero
[WARNING] root - Error in NumericComparator: float division by zero
[WARNING] root - Error in NumericComparator: float division by zero
[WARNING] root - Error in NumericComparator: float division by zero
[WARNING] root - Error in NumericComparator: float division by zero
[WARNING] root - Error in NumericComparator: float division by zero
[WARNING] root - Error in NumericComparator: float division by zero
[WARNING] root - Error in NumericComparator: float division by zero
[WARNING] root - Error in NumericComparator: float division by zero
[WARNING] root - Error in NumericComparator: float division by zero
[WARNING] root - Error in NumericComparator: float division by zero
[WARNING] root - Error in NumericComparator: float division by zero
[WARNING] root - Error in NumericComparator: float division by zero
[WARNING] root - Error in NumericComparator: float division by zero
[WARNING] root - Error in NumericComparator: float division by zero
[WARNING] root - Error in NumericComparator: float division by zero
[WARNING] root - Error in NumericComparator: float division by zero
[WARNING] root - Error in NumericComparator: float division by zero
[WARNING] root - Error in NumericComparator: float division by zero
[WARNING] root - Error in NumericComparator: float division by zero
[WARNING] root - Error in NumericComparator: float division by zero
[WARNING] root - Error in NumericComparator: float division by zero
[WARNING] root - Error in NumericComparator: float division by zero
[WARNING] root - Error in NumericComparator: float division by zero
[WARNING] root - Error in NumericComparator: float division by zero
[WARNING] root - Error in NumericComparator: float division by zero
[WARNING] root - Error in NumericComparator: float division by zero
[WARNING] root - Error in NumericComparator: float division by zero
[WARNING] root - Error in NumericComparator: float division by zero
[WARNING] root - Error in NumericComparator: float division by zero
[WARNING] root - Error in NumericComparator: float division by zero
[WARNING] root - Error in NumericComparator: float division by zero
[WARNING] root - Error in NumericComparator: float division by zero
[WARNING] root - Error in NumericComparator: float division by zero
[WARNING] root - Error in NumericComparator: float division by zero
[WARNING] root - Error in NumericComparator: float division by zero
[WARNING] root - Error in NumericComparator: float division by zero
[WARNING] root - Error in NumericComparator: float division by zero
[WARNING] root - Error in NumericComparator: float division by zero
[WARNING] root - Error in NumericComparator: float division by zero
[WARNING] root - Error in NumericComparator: float division by zero
[WARNING] root - Error in NumericComparator: float division by zero
[WARNING] root - Error in NumericComparator: float division by zero
[WARNING] root - Error in NumericComparator: float division by zero
[WARNING] root - Error in NumericComparator: float division by zero
[WARNING] root - Error in NumericComparator: float division by zero
[WARNING] root - Error in NumericComparator: float division by zero
[WARNING] root - Error in NumericComparator: float division by zero
[WARNING] root - Error in NumericComparator: float division by zero
[WARNING] root - Error in NumericComparator: float division by zero
[WARNING] root - Error in NumericComparator: float division by zero
[WARNING] root - Error in NumericComparator: float division by zero
[WARNING] root - Error in NumericComparator: float division by zero
[WARNING] root - Error in NumericComparator: float division by zero
[WARNING] root - Error in NumericComparator: float division by zero
[WARNING] root - Error in NumericComparator: float division by zero
[WARNING] root - Error in NumericComparator: float division by zero
[WARNING] root - Error in NumericComparator: float division by zero
[WARNING] root - Error in NumericComparator: float division by zero
[WARNING] root - Error in NumericComparator: float division by zero
[WARNING] root - Error in NumericComparator: float division by zero
[WARNING] root - Error in NumericComparator: float division by zero
[WARNING] root - Error in NumericComparator: float division by zero
[WARNING] root - Error in NumericComparator: float division by zero
[WARNING] root - Error in NumericComparator: float division by zero
[WARNING] root - Error in NumericComparator: float division by zero
[WARNING] root - Error in NumericComparator: float division by zero
[WARNING] root - Error in NumericComparator: float division by zero
[WARNING] root - Error in NumericComparator: float division by zero
[WARNING] root - Error in NumericComparator: float division by zero
[WARNING] root - Error in NumericComparator: float division by zero
[WARNING] root - Error in NumericComparator: float division by zero
[WARNING] root - Error in NumericComparator: float division by zero
[WARNING] root - Error in NumericComparator: float division by zero
[WARNING] root - Error in NumericComparator: float division by zero
[WARNING] root - Error in NumericComparator: float division by zero
[WARNING] root - Error in NumericComparator: float division by zero
[WARNING] root - Error in NumericComparator: float division by zero
[WARNING] root - Error in NumericComparator: float division by zero
[WARNING] root - Error in NumericComparator: float division by zero
[WARNING] root - Error in NumericComparator: float division by zero
[WARNING] root - Error in NumericComparator: float division by zero
[WARNING] root - Error in NumericComparator: float division by zero
[WARNING] root - Error in NumericComparator: float division by zero
[WARNING] root - Error in NumericComparator: float division by zero
[WARNING] root - Error in NumericComparator: float division by zero
[WARNING] root - Error in NumericComparator: float division by zero
[WARNING] root - Error in NumericComparator: float division by zero
[WARNING] root - Error in NumericComparator: float division by zero
[WARNING] root - Error in NumericComparator: float division by zero
[WARNING] root - Error in NumericComparator: float division by zero
[WARNING] root - Error in NumericComparator: float division by zero
[WARNING] root - Error in NumericComparator: float division by zero
[WARNING] root - Error in NumericComparator: float division by zero
[WARNING] root - Error in NumericComparator: float division by zero
[WARNING] root - Error in NumericComparator: float division by zero
[WARNING] root - Error in NumericComparator: float division by zero
[WARNING] root - Error in NumericComparator: float division by zero
[WARNING] root - Error in NumericComparator: float division by zero
[WARNING] root - Error in NumericComparator: float division by zero
[WARNING] root - Error in NumericComparator: float division by zero
[WARNING] root - Error in NumericComparator: float division by zero
[WARNING] root - Error in NumericComparator: float division by zero
[WARNING] root - Error in NumericComparator: float division by zero
[WARNING] root - Error in NumericComparator: float division by zero
[WARNING] root - Error in NumericComparator: float division by zero
[WARNING] root - Error in NumericComparator: float division by zero
[WARNING] root - Error in NumericComparator: float division by zero
[WARNING] root - Error in NumericComparator: float division by zero
[WARNING] root - Error in NumericComparator: float division by zero
[WARNING] root - Error in NumericComparator: float division by zero
[WARNING] root - Error in NumericComparator: float division by zero
[WARNING] root - Error in NumericComparator: float division by zero
[WARNING] root - Error in NumericComparator: float division by zero
[WARNING] root - Error in NumericComparator: float division by zero
[WARNING] root - Error in NumericComparator: float division by zero
[WARNING] root - Error in NumericComparator: float division by zero
[WARNING] root - Error in NumericComparator: float division by zero
[WARNING] root - Error in NumericComparator: float division by zero
[WARNING] root - Error in NumericComparator: float division by zero
[WARNING] root - Error in NumericComparator: float division by zero
[WARNING] root - Error in NumericComparator: float division by zero
[WARNING] root - Error in NumericComparator: float division by zero
[WARNING] root - Error in NumericComparator: float division by zero
[WARNING] root - Error in NumericComparator: float division by zero
[WARNING] root - Error in NumericComparator: float division by zero
[WARNING] root - Error in NumericComparator: float division by zero
[WARNING] root - Error in NumericComparator: float division by zero
[WARNING] root - Error in NumericComparator: float division by zero
[WARNING] root - Error in NumericComparator: float division by zero
[WARNING] root - Error in NumericComparator: float division by zero
[WARNING] root - Error in NumericComparator: float division by zero
[WARNING] root - Error in NumericComparator: float division by zero
[WARNING] root - Error in NumericComparator: float division by zero
[WARNING] root - Error in NumericComparator: float division by zero
[WARNING] root - Error in NumericComparator: float division by zero
[WARNING] root - Error in NumericComparator: float division by zero
[WARNING] root - Error in NumericComparator: float division by zero
[WARNING] root - Error in NumericComparator: float division by zero
[WARNING] root - Error in NumericComparator: float division by zero
[WARNING] root - Error in NumericComparator: float division by zero
[WARNING] root - Error in NumericComparator: float division by zero
[WARNING] root - Error in NumericComparator: float division by zero
[WARNING] root - Error in NumericComparator: float division by zero
[WARNING] root - Error in NumericComparator: float division by zero
[WARNING] root - Error in NumericComparator: float division by zero
[WARNING] root - Error in NumericComparator: float division by zero
[WARNING] root - Error in NumericComparator: float division by zero
[WARNING] root - Error in NumericComparator: float division by zero
[WARNING] root - Error in NumericComparator: float division by zero
[WARNING] root - Error in NumericComparator: float division by zero
[WARNING] root - Error in NumericComparator: float division by zero
[WARNING] root - Error in NumericComparator: float division by zero
[WARNING] root - Error in NumericComparator: float division by zero
[WARNING] root - Error in NumericComparator: float division by zero
[WARNING] root - Error in NumericComparator: float division by zero
[WARNING] root - Error in NumericComparator: float division by zero
[WARNING] root - Error in NumericComparator: float division by zero
[WARNING] root - Error in NumericComparator: float division by zero
[WARNING] root - Error in NumericComparator: float division by zero
[WARNING] root - Error in NumericComparator: float division by zero
[WARNING] root - Error in NumericComparator: float division by zero
[WARNING] root - Error in NumericComparator: float division by zero
[WARNING] root - Error in NumericComparator: float division by zero
[WARNING] root - Error in NumericComparator: float division by zero
[WARNING] root - Error in NumericComparator: float division by zero
[WARNING] root - Error in NumericComparator: float division by zero
[WARNING] root - Error in NumericComparator: float division by zero
[WARNING] root - Error in NumericComparator: float division by zero
[WARNING] root - Error in NumericComparator: float division by zero
[WARNING] root - Error in NumericComparator: float division by zero
[WARNING] root - Error in NumericComparator: float division by zero
[WARNING] root - Error in NumericComparator: float division by zero
[WARNING] root - Error in NumericComparator: float division by zero
[WARNING] root - Error in NumericComparator: float division by zero
[WARNING] root - Error in NumericComparator: float division by zero
[WARNING] root - Error in NumericComparator: float division by zero
[WARNING] root - Error in NumericComparator: float division by zero
[WARNING] root - Error in NumericComparator: float division by zero
[WARNING] root - Error in NumericComparator: float division by zero
[WARNING] root - Error in NumericComparator: float division by zero
[WARNING] root - Error in NumericComparator: float division by zero
[WARNING] root - Error in NumericComparator: float division by zero
[WARNING] root - Error in NumericComparator: float division by zero
[WARNING] root - Error in NumericComparator: float division by zero
[WARNING] root - Error in NumericComparator: float division by zero
[WARNING] root - Error in NumericComparator: float division by zero
[WARNING] root - Error in NumericComparator: float division by zero
[WARNING] root - Error in NumericComparator: float division by zero
[WARNING] root - Error in NumericComparator: float division by zero
[WARNING] root - Error in NumericComparator: float division by zero
[WARNING] root - Error in NumericComparator: float division by zero
[WARNING] root - Error in NumericComparator: float division by zero
[WARNING] root - Error in NumericComparator: float division by zero
[WARNING] root - Error in NumericComparator: float division by zero
[WARNING] root - Error in NumericComparator: float division by zero
[WARNING] root - Error in NumericComparator: float division by zero
[WARNING] root - Error in NumericComparator: float division by zero
[WARNING] root - Error in NumericComparator: float division by zero
[WARNING] root - Error in NumericComparator: float division by zero
[WARNING] root - Error in NumericComparator: float division by zero
[WARNING] root - Error in NumericComparator: float division by zero
[WARNING] root - Error in NumericComparator: float division by zero
[WARNING] root - Error in NumericComparator: float division by zero
[WARNING] root - Error in NumericComparator: float division by zero
[WARNING] root - Error in NumericComparator: float division by zero
[WARNING] root - Error in NumericComparator: float division by zero
[WARNING] root - Error in NumericComparator: float division by zero
[WARNING] root - Error in NumericComparator: float division by zero
[WARNING] root - Error in NumericComparator: float division by zero
[WARNING] root - Error in NumericComparator: float division by zero
[WARNING] root - Error in NumericComparator: float division by zero
[WARNING] root - Error in NumericComparator: float division by zero
[WARNING] root - Error in NumericComparator: float division by zero
[WARNING] root - Error in NumericComparator: float division by zero
[WARNING] root - Error in NumericComparator: float division by zero
[WARNING] root - Error in NumericComparator: float division by zero
[WARNING] root - Error in NumericComparator: float division by zero
[WARNING] root - Error in NumericComparator: float division by zero
[WARNING] root - Error in NumericComparator: float division by zero
[WARNING] root - Error in NumericComparator: float division by zero
[WARNING] root - Error in NumericComparator: float division by zero
[WARNING] root - Error in NumericComparator: float division by zero
[WARNING] root - Error in NumericComparator: float division by zero
[WARNING] root - Error in NumericComparator: float division by zero
[WARNING] root - Error in NumericComparator: float division by zero
[WARNING] root - Error in NumericComparator: float division by zero
[WARNING] root - Error in NumericComparator: float division by zero
[WARNING] root - Error in NumericComparator: float division by zero
[WARNING] root - Error in NumericComparator: float division by zero
[WARNING] root - Error in NumericComparator: float division by zero
[WARNING] root - Error in NumericComparator: float division by zero
[WARNING] root - Error in NumericComparator: float division by zero
[WARNING] root - Error in NumericComparator: float division by zero
[WARNING] root - Error in NumericComparator: float division by zero
[WARNING] root - Error in NumericComparator: float division by zero
[WARNING] root - Error in NumericComparator: float division by zero
[WARNING] root - Error in NumericComparator: float division by zero
[WARNING] root - Error in NumericComparator: float division by zero
[WARNING] root - Error in NumericComparator: float division by zero
[WARNING] root - Error in NumericComparator: float division by zero
[WARNING] root - Error in NumericComparator: float division by zero
[WARNING] root - Error in NumericComparator: float division by zero
[WARNING] root - Error in NumericComparator: float division by zero
[WARNING] root - Error in NumericComparator: float division by zero
[WARNING] root - Error in NumericComparator: float division by zero
[WARNING] root - Error in NumericComparator: float division by zero
[WARNING] root - Error in NumericComparator: float division by zero
[WARNING] root - Error in NumericComparator: float division by zero
[WARNING] root - Error in NumericComparator: float division by zero
[WARNING] root - Error in NumericComparator: float division by zero
[WARNING] root - Error in NumericComparator: float division by zero
[WARNING] root - Error in NumericComparator: float division by zero
[WARNING] root - Error in NumericComparator: float division by zero
[WARNING] root - Error in NumericComparator: float division by zero
[WARNING] root - Error in NumericComparator: float division by zero
[WARNING] root - Error in NumericComparator: float division by zero
[WARNING] root - Error in NumericComparator: float division by zero
[WARNING] root - Error in NumericComparator: float division by zero
[WARNING] root - Error in NumericComparator: float division by zero
[WARNING] root - Error in NumericComparator: float division by zero
[WARNING] root - Error in NumericComparator: float division by zero
[WARNING] root - Error in NumericComparator: float division by zero
[WARNING] root - Error in NumericComparator: float division by zero
[WARNING] root - Error in NumericComparator: float division by zero
[WARNING] root - Error in NumericComparator: float division by zero
[WARNING] root - Error in NumericComparator: float division by zero
[WARNING] root - Error in NumericComparator: float division by zero
[WARNING] root - Error in NumericComparator: float division by zero
[WARNING] root - Error in NumericComparator: float division by zero
[WARNING] root - Error in NumericComparator: float division by zero
[WARNING] root - Error in NumericComparator: float division by zero
[WARNING] root - Error in NumericComparator: float division by zero
[WARNING] root - Error in NumericComparator: float division by zero
[WARNING] root - Error in NumericComparator: float division by zero
[WARNING] root - Error in NumericComparator: float division by zero
[WARNING] root - Error in NumericComparator: float division by zero
[WARNING] root - Error in NumericComparator: float division by zero
[WARNING] root - Error in NumericComparator: float division by zero
[WARNING] root - Error in NumericComparator: float division by zero
[WARNING] root - Error in NumericComparator: float division by zero
[WARNING] root - Error in NumericComparator: float division by zero
[WARNING] root - Error in NumericComparator: float division by zero
[WARNING] root - Error in NumericComparator: float division by zero
[WARNING] root - Error in NumericComparator: float division by zero
[WARNING] root - Error in NumericComparator: float division by zero
[WARNING] root - Error in NumericComparator: float division by zero
[WARNING] root - Error in NumericComparator: float division by zero
[WARNING] root - Error in NumericComparator: float division by zero
[WARNING] root - Error in NumericComparator: float division by zero
[WARNING] root - Error in NumericComparator: float division by zero
[WARNING] root - Error in NumericComparator: float division by zero
[WARNING] root - Error in NumericComparator: float division by zero
[WARNING] root - Error in NumericComparator: float division by zero
[WARNING] root - Error in NumericComparator: float division by zero
[WARNING] root - Error in NumericComparator: float division by zero
[WARNING] root - Error in NumericComparator: float division by zero
[WARNING] root - Error in NumericComparator: float division by zero
[WARNING] root - Error in NumericComparator: float division by zero
[WARNING] root - Error in NumericComparator: float division by zero
[WARNING] root - Error in NumericComparator: float division by zero
[WARNING] root - Error in NumericComparator: float division by zero
[WARNING] root - Error in NumericComparator: float division by zero
[WARNING] root - Error in NumericComparator: float division by zero
[WARNING] root - Error in NumericComparator: float division by zero
[WARNING] root - Error in NumericComparator: float division by zero
[WARNING] root - Error in NumericComparator: float division by zero
[WARNING] root - Error in NumericComparator: float division by zero
[WARNING] root - Error in NumericComparator: float division by zero
[WARNING] root - Error in NumericComparator: float division by zero
[WARNING] root - Error in NumericComparator: float division by zero
[WARNING] root - Error in NumericComparator: float division by zero
[WARNING] root - Error in NumericComparator: float division by zero
[WARNING] root - Error in NumericComparator: float division by zero
[WARNING] root - Error in NumericComparator: float division by zero
[WARNING] root - Error in NumericComparator: float division by zero
[WARNING] root - Error in NumericComparator: float division by zero
[WARNING] root - Error in NumericComparator: float division by zero
[WARNING] root - Error in NumericComparator: float division by zero
[WARNING] root - Error in NumericComparator: float division by zero
[WARNING] root - Error in NumericComparator: float division by zero
[WARNING] root - Error in NumericComparator: float division by zero
[WARNING] root - Error in NumericComparator: float division by zero
[WARNING] root - Error in NumericComparator: float division by zero
[WARNING] root - Error in NumericComparator: float division by zero
[WARNING] root - Error in NumericComparator: float division by zero
[WARNING] root - Error in NumericComparator: float division by zero
[WARNING] root - Error in NumericComparator: float division by zero
[WARNING] root - Error in NumericComparator: float division by zero
[WARNING] root - Error in NumericComparator: float division by zero
[WARNING] root - Error in NumericComparator: float division by zero
[WARNING] root - Error in NumericComparator: float division by zero
[WARNING] root - Error in NumericComparator: float division by zero
[WARNING] root - Error in NumericComparator: float division by zero
[WARNING] root - Error in NumericComparator: float division by zero
[WARNING] root - Error in NumericComparator: float division by zero
[WARNING] root - Error in NumericComparator: float division by zero
[WARNING] root - Error in NumericComparator: float division by zero
[WARNING] root - Error in NumericComparator: float division by zero
[WARNING] root - Error in NumericComparator: float division by zero
[WARNING] root - Error in NumericComparator: float division by zero
[WARNING] root - Error in NumericComparator: float division by zero
[WARNING] root - Error in NumericComparator: float division by zero
[WARNING] root - Error in NumericComparator: float division by zero
[WARNING] root - Error in NumericComparator: float division by zero
[WARNING] root - Error in NumericComparator: float division by zero
[WARNING] root - Error in NumericComparator: float division by zero
[WARNING] root - Error in NumericComparator: float division by zero
[WARNING] root - Error in NumericComparator: float division by zero
[WARNING] root - Error in NumericComparator: float division by zero
[WARNING] root - Error in NumericComparator: float division by zero
[WARNING] root - Error in NumericComparator: float division by zero
[WARNING] root - Error in NumericComparator: float division by zero
[WARNING] root - Error in NumericComparator: float division by zero
[WARNING] root - Error in NumericComparator: float division by zero
[WARNING] root - Error in NumericComparator: float division by zero
[WARNING] root - Error in NumericComparator: float division by zero
[WARNING] root - Error in NumericComparator: float division by zero
[WARNING] root - Error in NumericComparator: float division by zero
[WARNING] root - Error in NumericComparator: float division by zero
[WARNING] root - Error in NumericComparator: float division by zero
[WARNING] root - Error in NumericComparator: float division by zero
[WARNING] root - Error in NumericComparator: float division by zero
[WARNING] root - Error in NumericComparator: float division by zero
[WARNING] root - Error in NumericComparator: float division by zero
[WARNING] root - Error in NumericComparator: float division by zero
[WARNING] root - Error in NumericComparator: float division by zero
[WARNING] root - Error in NumericComparator: float division by zero
[WARNING] root - Error in NumericComparator: float division by zero
[WARNING] root - Error in NumericComparator: float division by zero
[WARNING] root - Error in NumericComparator: float division by zero
[WARNING] root - Error in NumericComparator: float division by zero
[WARNING] root - Error in NumericComparator: float division by zero
[WARNING] root - Error in NumericComparator: float division by zero
[WARNING] root - Error in NumericComparator: float division by zero
[WARNING] root - Error in NumericComparator: float division by zero
[WARNING] root - Error in NumericComparator: float division by zero
[WARNING] root - Error in NumericComparator: float division by zero
[WARNING] root - Error in NumericComparator: float division by zero
[WARNING] root - Error in NumericComparator: float division by zero
[WARNING] root - Error in NumericComparator: float division by zero
[WARNING] root - Error in NumericComparator: float division by zero
[WARNING] root - Error in NumericComparator: float division by zero
[WARNING] root - Error in NumericComparator: float division by zero
[WARNING] root - Error in NumericComparator: float division by zero
[WARNING] root - Error in NumericComparator: float division by zero
[WARNING] root - Error in NumericComparator: float division by zero
[WARNING] root - Error in NumericComparator: float division by zero
[WARNING] root - Error in NumericComparator: float division by zero
[WARNING] root - Error in NumericComparator: float division by zero
[WARNING] root - Error in NumericComparator: float division by zero
[WARNING] root - Error in NumericComparator: float division by zero
[WARNING] root - Error in NumericComparator: float division by zero
[WARNING] root - Error in NumericComparator: float division by zero
[WARNING] root - Error in NumericComparator: float division by zero
[WARNING] root - Error in NumericComparator: float division by zero
[WARNING] root - Error in NumericComparator: float division by zero
[WARNING] root - Error in NumericComparator: float division by zero
[WARNING] root - Error in NumericComparator: float division by zero
[WARNING] root - Error in NumericComparator: float division by zero
[WARNING] root - Error in NumericComparator: float division by zero
[WARNING] root - Error in NumericComparator: float division by zero
[WARNING] root - Error in NumericComparator: float division by zero
[WARNING] root - Error in NumericComparator: float division by zero
[WARNING] root - Error in NumericComparator: float division by zero
[WARNING] root - Error in NumericComparator: float division by zero
[WARNING] root - Error in NumericComparator: float division by zero
[WARNING] root - Error in NumericComparator: float division by zero
[WARNING] root - Error in NumericComparator: float division by zero
[WARNING] root - Error in NumericComparator: float division by zero
[WARNING] root - Error in NumericComparator: float division by zero
[WARNING] root - Error in NumericComparator: float division by zero
[WARNING] root - Error in NumericComparator: float division by zero
[WARNING] root - Error in NumericComparator: float division by zero
[WARNING] root - Error in NumericComparator: float division by zero
[WARNING] root - Error in NumericComparator: float division by zero
[WARNING] root - Error in NumericComparator: float division by zero
[WARNING] root - Error in NumericComparator: float division by zero
[WARNING] root - Error in NumericComparator: float division by zero
[WARNING] root - Error in NumericComparator: float division by zero
[WARNING] root - Error in NumericComparator: float division by zero
[WARNING] root - Error in NumericComparator: float division by zero
[WARNING] root - Error in NumericComparator: float division by zero
[WARNING] root - Error in NumericComparator: float division by zero
[WARNING] root - Error in NumericComparator: float division by zero
[WARNING] root - Error in NumericComparator: float division by zero
[WARNING] root - Error in NumericComparator: float division by zero
[WARNING] root - Error in NumericComparator: float division by zero
[WARNING] root - Error in NumericComparator: float division by zero
[WARNING] root - Error in NumericComparator: float division by zero
[WARNING] root - Error in NumericComparator: float division by zero
[WARNING] root - Error in NumericComparator: float division by zero
[WARNING] root - Error in NumericComparator: float division by zero
[WARNING] root - Error in NumericComparator: float division by zero
[WARNING] root - Error in NumericComparator: float division by zero
[WARNING] root - Error in NumericComparator: float division by zero
[WARNING] root - Error in NumericComparator: float division by zero
[WARNING] root - Error in NumericComparator: float division by zero
[WARNING] root - Error in NumericComparator: float division by zero
[WARNING] root - Error in NumericComparator: float division by zero
[WARNING] root - Error in NumericComparator: float division by zero
[WARNING] root - Error in NumericComparator: float division by zero
[WARNING] root - Error in NumericComparator: float division by zero
[WARNING] root - Error in NumericComparator: float division by zero
[WARNING] root - Error in NumericComparator: float division by zero
[WARNING] root - Error in NumericComparator: float division by zero
[WARNING] root - Error in NumericComparator: float division by zero
[WARNING] root - Error in NumericComparator: float division by zero
[WARNING] root - Error in NumericComparator: float division by zero
[WARNING] root - Error in NumericComparator: float division by zero
[WARNING] root - Error in NumericComparator: float division by zero
[WARNING] root - Error in NumericComparator: float division by zero
[WARNING] root - Error in NumericComparator: float division by zero
[WARNING] root - Error in NumericComparator: float division by zero
[WARNING] root - Error in NumericComparator: float division by zero
[WARNING] root - Error in NumericComparator: float division by zero
[WARNING] root - Error in NumericComparator: float division by zero
[WARNING] root - Error in NumericComparator: float division by zero
[WARNING] root - Error in NumericComparator: float division by zero
[WARNING] root - Error in NumericComparator: float division by zero
[WARNING] root - Error in NumericComparator: float division by zero
[WARNING] root - Error in NumericComparator: float division by zero
[WARNING] root - Error in NumericComparator: float division by zero
[WARNING] root - Error in NumericComparator: float division by zero
[WARNING] root - Error in NumericComparator: float division by zero
[WARNING] root - Error in NumericComparator: float division by zero
[WARNING] root - Error in NumericComparator: float division by zero
[WARNING] root - Error in NumericComparator: float division by zero
[WARNING] root - Error in NumericComparator: float division by zero
[WARNING] root - Error in NumericComparator: float division by zero
[WARNING] root - Error in NumericComparator: float division by zero
[WARNING] root - Error in NumericComparator: float division by zero
[WARNING] root - Error in NumericComparator: float division by zero
[WARNING] root - Error in NumericComparator: float division by zero
[WARNING] root - Error in NumericComparator: float division by zero
[WARNING] root - Error in NumericComparator: float division by zero
[WARNING] root - Error in NumericComparator: float division by zero
[WARNING] root - Error in NumericComparator: float division by zero
[WARNING] root - Error in NumericComparator: float division by zero
[WARNING] root - Error in NumericComparator: float division by zero
[WARNING] root - Error in NumericComparator: float division by zero
[WARNING] root - Error in NumericComparator: float division by zero
[WARNING] root - Error in NumericComparator: float division by zero
[WARNING] root - Error in NumericComparator: float division by zero
[WARNING] root - Error in NumericComparator: float division by zero
[WARNING] root - Error in NumericComparator: float division by zero
[WARNING] root - Error in NumericComparator: float division by zero
[WARNING] root - Error in NumericComparator: float division by zero
[WARNING] root - Error in NumericComparator: float division by zero
[WARNING] root - Error in NumericComparator: float division by zero
[WARNING] root - Error in NumericComparator: float division by zero
[WARNING] root - Error in NumericComparator: float division by zero
[WARNING] root - Error in NumericComparator: float division by zero
[WARNING] root - Error in NumericComparator: float division by zero
[WARNING] root - Error in NumericComparator: float division by zero
[WARNING] root - Error in NumericComparator: float division by zero
[WARNING] root - Error in NumericComparator: float division by zero
[WARNING] root - Error in NumericComparator: float division by zero
[WARNING] root - Error in NumericComparator: float division by zero
[WARNING] root - Error in NumericComparator: float division by zero
[WARNING] root - Error in NumericComparator: float division by zero
[WARNING] root - Error in NumericComparator: float division by zero
[WARNING] root - Error in NumericComparator: float division by zero
[WARNING] root - Error in NumericComparator: float division by zero
[WARNING] root - Error in NumericComparator: float division by zero
[WARNING] root - Error in NumericComparator: float division by zero
[WARNING] root - Error in NumericComparator: float division by zero
[WARNING] root - Error in NumericComparator: float division by zero
[WARNING] root - Error in NumericComparator: float division by zero
[WARNING] root - Error in NumericComparator: float division by zero
[WARNING] root - Error in NumericComparator: float division by zero
[WARNING] root - Error in NumericComparator: float division by zero
[WARNING] root - Error in NumericComparator: float division by zero
[WARNING] root - Error in NumericComparator: float division by zero
[WARNING] root - Error in NumericComparator: float division by zero
[WARNING] root - Error in NumericComparator: float division by zero
[WARNING] root - Error in NumericComparator: float division by zero
[WARNING] root - Error in NumericComparator: float division by zero
[WARNING] root - Error in NumericComparator: float division by zero
[WARNING] root - Error in NumericComparator: float division by zero
[WARNING] root - Error in NumericComparator: float division by zero
[WARNING] root - Error in NumericComparator: float division by zero
[WARNING] root - Error in NumericComparator: float division by zero
[WARNING] root - Error in NumericComparator: float division by zero
[WARNING] root - Error in NumericComparator: float division by zero
[WARNING] root - Error in NumericComparator: float division by zero
[WARNING] root - Error in NumericComparator: float division by zero
[WARNING] root - Error in NumericComparator: float division by zero
[WARNING] root - Error in NumericComparator: float division by zero
[WARNING] root - Error in NumericComparator: float division by zero
[WARNING] root - Error in NumericComparator: float division by zero
[WARNING] root - Error in NumericComparator: float division by zero
[WARNING] root - Error in NumericComparator: float division by zero
[WARNING] root - Error in NumericComparator: float division by zero
[WARNING] root - Error in NumericComparator: float division by zero
[WARNING] root - Error in NumericComparator: float division by zero
[WARNING] root - Error in NumericComparator: float division by zero
[WARNING] root - Error in NumericComparator: float division by zero
[WARNING] root - Error in NumericComparator: float division by zero
[WARNING] root - Error in NumericComparator: float division by zero
[WARNING] root - Error in NumericComparator: float division by zero
[WARNING] root - Error in NumericComparator: float division by zero
[WARNING] root - Error in NumericComparator: float division by zero
[WARNING] root - Error in NumericComparator: float division by zero
[WARNING] root - Error in NumericComparator: float division by zero
[WARNING] root - Error in NumericComparator: float division by zero
[WARNING] root - Error in NumericComparator: float division by zero
[WARNING] root - Error in NumericComparator: float division by zero
[WARNING] root - Error in NumericComparator: float division by zero
[WARNING] root - Error in NumericComparator: float division by zero
[WARNING] root - Error in NumericComparator: float division by zero
[WARNING] root - Error in NumericComparator: float division by zero
[WARNING] root - Error in NumericComparator: float division by zero
[WARNING] root - Error in NumericComparator: float division by zero
[WARNING] root - Error in NumericComparator: float division by zero
[WARNING] root - Error in NumericComparator: float division by zero
[WARNING] root - Error in NumericComparator: float division by zero
[WARNING] root - Error in NumericComparator: float division by zero
[WARNING] root - Error in NumericComparator: float division by zero
[WARNING] root - Error in NumericComparator: float division by zero
[WARNING] root - Error in NumericComparator: float division by zero
[WARNING] root - Error in NumericComparator: float division by zero
[WARNING] root - Error in NumericComparator: float division by zero
[WARNING] root - Error in NumericComparator: float division by zero
[WARNING] root - Error in NumericComparator: float division by zero
[WARNING] root - Error in NumericComparator: float division by zero
[WARNING] root - Error in NumericComparator: float division by zero
[WARNING] root - Error in NumericComparator: float division by zero
[WARNING] root - Error in NumericComparator: float division by zero
[WARNING] root - Error in NumericComparator: float division by zero
[WARNING] root - Error in NumericComparator: float division by zero
[WARNING] root - Error in NumericComparator: float division by zero
[WARNING] root - Error in NumericComparator: float division by zero
[WARNING] root - Error in NumericComparator: float division by zero
[WARNING] root - Error in NumericComparator: float division by zero
[WARNING] root - Error in NumericComparator: float division by zero
[WARNING] root - Error in NumericComparator: float division by zero
[WARNING] root - Error in NumericComparator: float division by zero
[WARNING] root - Error in NumericComparator: float division by zero
[WARNING] root - Error in NumericComparator: float division by zero
[WARNING] root - Error in NumericComparator: float division by zero
[WARNING] root - Error in NumericComparator: float division by zero
[WARNING] root - Error in NumericComparator: float division by zero
[WARNING] root - Error in NumericComparator: float division by zero
[WARNING] root - Error in NumericComparator: float division by zero
[WARNING] root - Error in NumericComparator: float division by zero
[WARNING] root - Error in NumericComparator: float division by zero
[WARNING] root - Error in NumericComparator: float division by zero
[WARNING] root - Error in NumericComparator: float division by zero
[WARNING] root - Error in NumericComparator: float division by zero
[WARNING] root - Error in NumericComparator: float division by zero
[WARNING] root - Error in NumericComparator: float division by zero
[WARNING] root - Error in NumericComparator: float division by zero
[WARNING] root - Error in NumericComparator: float division by zero
[WARNING] root - Error in NumericComparator: float division by zero
[WARNING] root - Error in NumericComparator: float division by zero
[WARNING] root - Error in NumericComparator: float division by zero
[WARNING] root - Error in NumericComparator: float division by zero
[WARNING] root - Error in NumericComparator: float division by zero
[WARNING] root - Error in NumericComparator: float division by zero
[WARNING] root - Error in NumericComparator: float division by zero
[WARNING] root - Error in NumericComparator: float division by zero
[WARNING] root - Error in NumericComparator: float division by zero
[WARNING] root - Error in NumericComparator: float division by zero
[WARNING] root - Error in NumericComparator: float division by zero
[WARNING] root - Error in NumericComparator: float division by zero
[WARNING] root - Error in NumericComparator: float division by zero
[WARNING] root - Error in NumericComparator: float division by zero
[WARNING] root - Error in NumericComparator: float division by zero
[WARNING] root - Error in NumericComparator: float division by zero
[WARNING] root - Error in NumericComparator: float division by zero
[WARNING] root - Error in NumericComparator: float division by zero
[WARNING] root - Error in NumericComparator: float division by zero
[WARNING] root - Error in NumericComparator: float division by zero
[WARNING] root - Error in NumericComparator: float division by zero
[WARNING] root - Error in NumericComparator: float division by zero
[WARNING] root - Error in NumericComparator: float division by zero
[WARNING] root - Error in NumericComparator: float division by zero
[WARNING] root - Error in NumericComparator: float division by zero
[WARNING] root - Error in NumericComparator: float division by zero
[WARNING] root - Error in NumericComparator: float division by zero
[WARNING] root - Error in NumericComparator: float division by zero
[WARNING] root - Error in NumericComparator: float division by zero
[WARNING] root - Error in NumericComparator: float division by zero
[WARNING] root - Error in NumericComparator: float division by zero
[WARNING] root - Error in NumericComparator: float division by zero
[WARNING] root - Error in NumericComparator: float division by zero
[WARNING] root - Error in NumericComparator: float division by zero
[WARNING] root - Error in NumericComparator: float division by zero
[WARNING] root - Error in NumericComparator: float division by zero
[WARNING] root - Error in NumericComparator: float division by zero
[WARNING] root - Error in NumericComparator: float division by zero
[WARNING] root - Error in NumericComparator: float division by zero
[WARNING] root - Error in NumericComparator: float division by zero
[WARNING] root - Error in NumericComparator: float division by zero
[WARNING] root - Error in NumericComparator: float division by zero
[WARNING] root - Error in NumericComparator: float division by zero
[WARNING] root - Error in NumericComparator: float division by zero
[WARNING] root - Error in NumericComparator: float division by zero
[WARNING] root - Error in NumericComparator: float division by zero
[WARNING] root - Error in NumericComparator: float division by zero
[WARNING] root - Error in NumericComparator: float division by zero
[WARNING] root - Error in NumericComparator: float division by zero
[WARNING] root - Error in NumericComparator: float division by zero
[WARNING] root - Error in NumericComparator: float division by zero
[WARNING] root - Error in NumericComparator: float division by zero
[WARNING] root - Error in NumericComparator: float division by zero
[WARNING] root - Error in NumericComparator: float division by zero
[WARNING] root - Error in NumericComparator: float division by zero
[WARNING] root - Error in NumericComparator: float division by zero
[WARNING] root - Error in NumericComparator: float division by zero
[WARNING] root - Error in NumericComparator: float division by zero
[WARNING] root - Error in NumericComparator: float division by zero
[WARNING] root - Error in NumericComparator: float division by zero
[WARNING] root - Error in NumericComparator: float division by zero
[WARNING] root - Error in NumericComparator: float division by zero
[WARNING] root - Error in NumericComparator: float division by zero
[WARNING] root - Error in NumericComparator: float division by zero
[WARNING] root - Error in NumericComparator: float division by zero
[WARNING] root - Error in NumericComparator: float division by zero
[WARNING] root - Error in NumericComparator: float division by zero
[WARNING] root - Error in NumericComparator: float division by zero
[WARNING] root - Error in NumericComparator: float division by zero
[WARNING] root - Error in NumericComparator: float division by zero
[WARNING] root - Error in NumericComparator: float division by zero
[WARNING] root - Error in NumericComparator: float division by zero
[WARNING] root - Error in NumericComparator: float division by zero
[WARNING] root - Error in NumericComparator: float division by zero
[WARNING] root - Error in NumericComparator: float division by zero
[WARNING] root - Error in NumericComparator: float division by zero
[WARNING] root - Error in NumericComparator: float division by zero
[WARNING] root - Error in NumericComparator: float division by zero
[WARNING] root - Error in NumericComparator: float division by zero
[WARNING] root - Error in NumericComparator: float division by zero
[WARNING] root - Error in NumericComparator: float division by zero
[WARNING] root - Error in NumericComparator: float division by zero
[WARNING] root - Error in NumericComparator: float division by zero
[WARNING] root - Error in NumericComparator: float division by zero
[WARNING] root - Error in NumericComparator: float division by zero
[WARNING] root - Error in NumericComparator: float division by zero
[WARNING] root - Error in NumericComparator: float division by zero
[WARNING] root - Error in NumericComparator: float division by zero
[WARNING] root - Error in NumericComparator: float division by zero
[WARNING] root - Error in NumericComparator: float division by zero
[WARNING] root - Error in NumericComparator: float division by zero
[WARNING] root - Error in NumericComparator: float division by zero
[WARNING] root - Error in NumericComparator: float division by zero
[WARNING] root - Error in NumericComparator: float division by zero
[WARNING] root - Error in NumericComparator: float division by zero
[WARNING] root - Error in NumericComparator: float division by zero
[WARNING] root - Error in NumericComparator: float division by zero
[WARNING] root - Error in NumericComparator: float division by zero
[WARNING] root - Error in NumericComparator: float division by zero
[WARNING] root - Error in NumericComparator: float division by zero
[WARNING] root - Error in NumericComparator: float division by zero
[WARNING] root - Error in NumericComparator: float division by zero
[WARNING] root - Error in NumericComparator: float division by zero
[WARNING] root - Error in NumericComparator: float division by zero
[WARNING] root - Error in NumericComparator: float division by zero
[WARNING] root - Error in NumericComparator: float division by zero
[WARNING] root - Error in NumericComparator: float division by zero
[WARNING] root - Error in NumericComparator: float division by zero
[WARNING] root - Error in NumericComparator: float division by zero
[WARNING] root - Error in NumericComparator: float division by zero
[WARNING] root - Error in NumericComparator: float division by zero
[WARNING] root - Error in NumericComparator: float division by zero
[WARNING] root - Error in NumericComparator: float division by zero
[WARNING] root - Error in NumericComparator: float division by zero
[WARNING] root - Error in NumericComparator: float division by zero
[WARNING] root - Error in NumericComparator: float division by zero
[WARNING] root - Error in NumericComparator: float division by zero
[WARNING] root - Error in NumericComparator: float division by zero
[WARNING] root - Error in NumericComparator: float division by zero
[WARNING] root - Error in NumericComparator: float division by zero
[WARNING] root - Error in NumericComparator: float division by zero
[WARNING] root - Error in NumericComparator: float division by zero
[WARNING] root - Error in NumericComparator: float division by zero
[WARNING] root - Error in NumericComparator: float division by zero
[WARNING] root - Error in NumericComparator: float division by zero
[WARNING] root - Error in NumericComparator: float division by zero
[WARNING] root - Error in NumericComparator: float division by zero
[WARNING] root - Error in NumericComparator: float division by zero
[WARNING] root - Error in NumericComparator: float division by zero
[WARNING] root - Error in NumericComparator: float division by zero
[WARNING] root - Error in NumericComparator: float division by zero
[WARNING] root - Error in NumericComparator: float division by zero
[WARNING] root - Error in NumericComparator: float division by zero
[WARNING] root - Error in NumericComparator: float division by zero
[WARNING] root - Error in NumericComparator: float division by zero
[WARNING] root - Error in NumericComparator: float division by zero
[WARNING] root - Error in NumericComparator: float division by zero
[WARNING] root - Error in NumericComparator: float division by zero
[WARNING] root - Error in NumericComparator: float division by zero
[WARNING] root - Error in NumericComparator: float division by zero
[WARNING] root - Error in NumericComparator: float division by zero
[WARNING] root - Error in NumericComparator: float division by zero
[WARNING] root - Error in NumericComparator: float division by zero
[WARNING] root - Error in NumericComparator: float division by zero
[WARNING] root - Error in NumericComparator: float division by zero
[WARNING] root - Error in NumericComparator: float division by zero
[WARNING] root - Error in NumericComparator: float division by zero
[WARNING] root - Error in NumericComparator: float division by zero
[WARNING] root - Error in NumericComparator: float division by zero
[WARNING] root - Error in NumericComparator: float division by zero
[WARNING] root - Error in NumericComparator: float division by zero
[WARNING] root - Error in NumericComparator: float division by zero
[WARNING] root - Error in NumericComparator: float division by zero
[WARNING] root - Error in NumericComparator: float division by zero
[WARNING] root - Error in NumericComparator: float division by zero
[WARNING] root - Error in NumericComparator: float division by zero
[WARNING] root - Error in NumericComparator: float division by zero
[WARNING] root - Error in NumericComparator: float division by zero
[WARNING] root - Error in NumericComparator: float division by zero
[WARNING] root - Error in NumericComparator: float division by zero
[WARNING] root - Error in NumericComparator: float division by zero
[WARNING] root - Error in NumericComparator: float division by zero
[WARNING] root - Error in NumericComparator: float division by zero
[WARNING] root - Error in NumericComparator: float division by zero
[WARNING] root - Error in NumericComparator: float division by zero
[WARNING] root - Error in NumericComparator: float division by zero
[WARNING] root - Error in NumericComparator: float division by zero
[WARNING] root - Error in NumericComparator: float division by zero
[WARNING] root - Error in NumericComparator: float division by zero
[WARNING] root - Error in NumericComparator: float division by zero
[WARNING] root - Error in NumericComparator: float division by zero
[WARNING] root - Error in NumericComparator: float division by zero
[WARNING] root - Error in NumericComparator: float division by zero
[WARNING] root - Error in NumericComparator: float division by zero
[WARNING] root - Error in NumericComparator: float division by zero
[WARNING] root - Error in NumericComparator: float division by zero
[WARNING] root - Error in NumericComparator: float division by zero
[WARNING] root - Error in NumericComparator: float division by zero
[WARNING] root - Error in NumericComparator: float division by zero
[WARNING] root - Error in NumericComparator: float division by zero
[WARNING] root - Error in NumericComparator: float division by zero
[WARNING] root - Error in NumericComparator: float division by zero
[WARNING] root - Error in NumericComparator: float division by zero
[WARNING] root - Error in NumericComparator: float division by zero
[WARNING] root - Error in NumericComparator: float division by zero
[WARNING] root - Error in NumericComparator: float division by zero
[WARNING] root - Error in NumericComparator: float division by zero
[WARNING] root - Error in NumericComparator: float division by zero
[WARNING] root - Error in NumericComparator: float division by zero
[WARNING] root - Error in NumericComparator: float division by zero
[WARNING] root - Error in NumericComparator: float division by zero
[WARNING] root - Error in NumericComparator: float division by zero
[WARNING] root - Error in NumericComparator: float division by zero
[WARNING] root - Error in NumericComparator: float division by zero
[WARNING] root - Error in NumericComparator: float division by zero
[WARNING] root - Error in NumericComparator: float division by zero
[WARNING] root - Error in NumericComparator: float division by zero
[WARNING] root - Error in NumericComparator: float division by zero
[WARNING] root - Error in NumericComparator: float division by zero
[WARNING] root - Error in NumericComparator: float division by zero
[WARNING] root - Error in NumericComparator: float division by zero
[WARNING] root - Error in NumericComparator: float division by zero
[WARNING] root - Error in NumericComparator: float division by zero
[WARNING] root - Error in NumericComparator: float division by zero
[WARNING] root - Error in NumericComparator: float division by zero
[WARNING] root - Error in NumericComparator: float division by zero
[WARNING] root - Error in NumericComparator: float division by zero
[WARNING] root - Error in NumericComparator: float division by zero
[WARNING] root - Error in NumericComparator: float division by zero
[WARNING] root - Error in NumericComparator: float division by zero
[WARNING] root - Error in NumericComparator: float division by zero
[WARNING] root - Error in NumericComparator: float division by zero
[WARNING] root - Error in NumericComparator: float division by zero
[WARNING] root - Error in NumericComparator: float division by zero
[WARNING] root - Error in NumericComparator: float division by zero
[WARNING] root - Error in NumericComparator: float division by zero
[WARNING] root - Error in NumericComparator: float division by zero
[WARNING] root - Error in NumericComparator: float division by zero
[WARNING] root - Error in NumericComparator: float division by zero
[WARNING] root - Error in NumericComparator: float division by zero
[WARNING] root - Error in NumericComparator: float division by zero
[WARNING] root - Error in NumericComparator: float division by zero
[WARNING] root - Error in NumericComparator: float division by zero
[WARNING] root - Error in NumericComparator: float division by zero
[WARNING] root - Error in NumericComparator: float division by zero
[WARNING] root - Error in NumericComparator: float division by zero
[WARNING] root - Error in NumericComparator: float division by zero
[WARNING] root - Error in NumericComparator: float division by zero
[WARNING] root - Error in NumericComparator: float division by zero
[WARNING] root - Error in NumericComparator: float division by zero
[WARNING] root - Error in NumericComparator: float division by zero
[WARNING] root - Error in NumericComparator: float division by zero
[WARNING] root - Error in NumericComparator: float division by zero
[WARNING] root - Error in NumericComparator: float division by zero
[WARNING] root - Error in NumericComparator: float division by zero
[WARNING] root - Error in NumericComparator: float division by zero
[WARNING] root - Error in NumericComparator: float division by zero
[WARNING] root - Error in NumericComparator: float division by zero
[WARNING] root - Error in NumericComparator: float division by zero
[WARNING] root - Error in NumericComparator: float division by zero
[WARNING] root - Error in NumericComparator: float division by zero
[WARNING] root - Error in NumericComparator: float division by zero
[WARNING] root - Error in NumericComparator: float division by zero
[WARNING] root - Error in NumericComparator: float division by zero
[WARNING] root - Error in NumericComparator: float division by zero
[WARNING] root - Error in NumericComparator: float division by zero
[WARNING] root - Error in NumericComparator: float division by zero
[WARNING] root - Error in NumericComparator: float division by zero
[WARNING] root - Error in NumericComparator: float division by zero
[WARNING] root - Error in NumericComparator: float division by zero
[WARNING] root - Error in NumericComparator: float division by zero
[WARNING] root - Error in NumericComparator: float division by zero
[WARNING] root - Error in NumericComparator: float division by zero
[WARNING] root - Error in NumericComparator: float division by zero
[WARNING] root - Error in NumericComparator: float division by zero
[WARNING] root - Error in NumericComparator: float division by zero
[WARNING] root - Error in NumericComparator: float division by zero
[WARNING] root - Error in NumericComparator: float division by zero
[WARNING] root - Error in NumericComparator: float division by zero
[WARNING] root - Error in NumericComparator: float division by zero
[WARNING] root - Error in NumericComparator: float division by zero
[WARNING] root - Error in NumericComparator: float division by zero
[WARNING] root - Error in NumericComparator: float division by zero
[WARNING] root - Error in NumericComparator: float division by zero
[WARNING] root - Error in NumericComparator: float division by zero
[WARNING] root - Error in NumericComparator: float division by zero
[WARNING] root - Error in NumericComparator: float division by zero
[WARNING] root - Error in NumericComparator: float division by zero
[WARNING] root - Error in NumericComparator: float division by zero
[WARNING] root - Error in NumericComparator: float division by zero
[WARNING] root - Error in NumericComparator: float division by zero
[WARNING] root - Error in NumericComparator: float division by zero
[WARNING] root - Error in NumericComparator: float division by zero
[WARNING] root - Error in NumericComparator: float division by zero
[WARNING] root - Error in NumericComparator: float division by zero
[WARNING] root - Error in NumericComparator: float division by zero
[WARNING] root - Error in NumericComparator: float division by zero
[WARNING] root - Error in NumericComparator: float division by zero
[WARNING] root - Error in NumericComparator: float division by zero
[WARNING] root - Error in NumericComparator: float division by zero
[WARNING] root - Error in NumericComparator: float division by zero
[WARNING] root - Error in NumericComparator: float division by zero
[WARNING] root - Error in NumericComparator: float division by zero
[WARNING] root - Error in NumericComparator: float division by zero
[WARNING] root - Error in NumericComparator: float division by zero
[WARNING] root - Error in NumericComparator: float division by zero
[WARNING] root - Error in NumericComparator: float division by zero
[WARNING] root - Error in NumericComparator: float division by zero
[WARNING] root - Error in NumericComparator: float division by zero
[WARNING] root - Error in NumericComparator: float division by zero
[WARNING] root - Error in NumericComparator: float division by zero
[WARNING] root - Error in NumericComparator: float division by zero
[WARNING] root - Error in NumericComparator: float division by zero
[WARNING] root - Error in NumericComparator: float division by zero
[WARNING] root - Error in NumericComparator: float division by zero
[WARNING] root - Error in NumericComparator: float division by zero
[WARNING] root - Error in NumericComparator: float division by zero
[WARNING] root - Error in NumericComparator: float division by zero
[WARNING] root - Error in NumericComparator: float division by zero
[WARNING] root - Error in NumericComparator: float division by zero
[WARNING] root - Error in NumericComparator: float division by zero
[WARNING] root - Error in NumericComparator: float division by zero
[WARNING] root - Error in NumericComparator: float division by zero
[WARNING] root - Error in NumericComparator: float division by zero
[WARNING] root - Error in NumericComparator: float division by zero
[WARNING] root - Error in NumericComparator: float division by zero
[WARNING] root - Error in NumericComparator: float division by zero
[WARNING] root - Error in NumericComparator: float division by zero
[WARNING] root - Error in NumericComparator: float division by zero
[WARNING] root - Error in NumericComparator: float division by zero
[WARNING] root - Error in NumericComparator: float division by zero
[WARNING] root - Error in NumericComparator: float division by zero
[WARNING] root - Error in NumericComparator: float division by zero
[WARNING] root - Error in NumericComparator: float division by zero
[WARNING] root - Error in NumericComparator: float division by zero
[WARNING] root - Error in NumericComparator: float division by zero
[WARNING] root - Error in NumericComparator: float division by zero
[WARNING] root - Error in NumericComparator: float division by zero
[WARNING] root - Error in NumericComparator: float division by zero
[WARNING] root - Error in NumericComparator: float division by zero
[WARNING] root - Error in NumericComparator: float division by zero
[WARNING] root - Error in NumericComparator: float division by zero
[WARNING] root - Error in NumericComparator: float division by zero
[WARNING] root - Error in NumericComparator: float division by zero
[WARNING] root - Error in NumericComparator: float division by zero
[WARNING] root - Error in NumericComparator: float division by zero
[WARNING] root - Error in NumericComparator: float division by zero
[WARNING] root - Error in NumericComparator: float division by zero
[WARNING] root - Error in NumericComparator: float division by zero
[WARNING] root - Error in NumericComparator: float division by zero
[WARNING] root - Error in NumericComparator: float division by zero
[WARNING] root - Error in NumericComparator: float division by zero
[WARNING] root - Error in NumericComparator: float division by zero
[WARNING] root - Error in NumericComparator: float division by zero
[WARNING] root - Error in NumericComparator: float division by zero
[WARNING] root - Error in NumericComparator: float division by zero
[WARNING] root - Error in NumericComparator: float division by zero
[WARNING] root - Error in NumericComparator: float division by zero
[WARNING] root - Error in NumericComparator: float division by zero
[WARNING] root - Error in NumericComparator: float division by zero
[WARNING] root - Error in NumericComparator: float division by zero
[WARNING] root - Error in NumericComparator: float division by zero
[WARNING] root - Error in NumericComparator: float division by zero
[WARNING] root - Error in NumericComparator: float division by zero
[WARNING] root - Error in NumericComparator: float division by zero
[WARNING] root - Error in NumericComparator: float division by zero
[WARNING] root - Error in NumericComparator: float division by zero
[WARNING] root - Error in NumericComparator: float division by zero
[WARNING] root - Error in NumericComparator: float division by zero
[WARNING] root - Error in NumericComparator: float division by zero
[WARNING] root - Error in NumericComparator: float division by zero
[WARNING] root - Error in NumericComparator: float division by zero
[WARNING] root - Error in NumericComparator: float division by zero
[WARNING] root - Error in NumericComparator: float division by zero
[WARNING] root - Error in NumericComparator: float division by zero
[WARNING] root - Error in NumericComparator: float division by zero
[WARNING] root - Error in NumericComparator: float division by zero
[WARNING] root - Error in NumericComparator: float division by zero
[WARNING] root - Error in NumericComparator: float division by zero
[WARNING] root - Error in NumericComparator: float division by zero
[WARNING] root - Error in NumericComparator: float division by zero
[WARNING] root - Error in NumericComparator: float division by zero
[WARNING] root - Error in NumericComparator: float division by zero
[WARNING] root - Error in NumericComparator: float division by zero
[WARNING] root - Error in NumericComparator: float division by zero
[WARNING] root - Error in NumericComparator: float division by zero
[WARNING] root - Error in NumericComparator: float division by zero
[WARNING] root - Error in NumericComparator: float division by zero
[WARNING] root - Error in NumericComparator: float division by zero
[WARNING] root - Error in NumericComparator: float division by zero
[WARNING] root - Error in NumericComparator: float division by zero
[WARNING] root - Error in NumericComparator: float division by zero
[WARNING] root - Error in NumericComparator: float division by zero
[WARNING] root - Error in NumericComparator: float division by zero
[WARNING] root - Error in NumericComparator: float division by zero
[WARNING] root - Error in NumericComparator: float division by zero
[WARNING] root - Error in NumericComparator: float division by zero
[WARNING] root - Error in NumericComparator: float division by zero
[WARNING] root - Error in NumericComparator: float division by zero
[WARNING] root - Error in NumericComparator: float division by zero
[WARNING] root - Error in NumericComparator: float division by zero
[WARNING] root - Error in NumericComparator: float division by zero
[WARNING] root - Error in NumericComparator: float division by zero
[WARNING] root - Error in NumericComparator: float division by zero
[WARNING] root - Error in NumericComparator: float division by zero
[WARNING] root - Error in NumericComparator: float division by zero
[WARNING] root - Error in NumericComparator: float division by zero
[WARNING] root - Error in NumericComparator: float division by zero
[WARNING] root - Error in NumericComparator: float division by zero
[WARNING] root - Error in NumericComparator: float division by zero
[WARNING] root - Error in NumericComparator: float division by zero
[WARNING] root - Error in NumericComparator: float division by zero
[WARNING] root - Error in NumericComparator: float division by zero
[WARNING] root - Error in NumericComparator: float division by zero
[WARNING] root - Error in NumericComparator: float division by zero
[WARNING] root - Error in NumericComparator: float division by zero
[WARNING] root - Error in NumericComparator: float division by zero
[WARNING] root - Error in NumericComparator: float division by zero
[WARNING] root - Error in NumericComparator: float division by zero
[WARNING] root - Error in NumericComparator: float division by zero
[WARNING] root - Error in NumericComparator: float division by zero
[WARNING] root - Error in NumericComparator: float division by zero
[WARNING] root - Error in NumericComparator: float division by zero
[WARNING] root - Error in NumericComparator: float division by zero
[WARNING] root - Error in NumericComparator: float division by zero
[WARNING] root - Error in NumericComparator: float division by zero
[WARNING] root - Error in NumericComparator: float division by zero
[WARNING] root - Error in NumericComparator: float division by zero
[WARNING] root - Error in NumericComparator: float division by zero
[WARNING] root - Error in NumericComparator: float division by zero
[WARNING] root - Error in NumericComparator: float division by zero
[WARNING] root - Error in NumericComparator: float division by zero
[WARNING] root - Error in NumericComparator: float division by zero
[WARNING] root - Error in NumericComparator: float division by zero
[WARNING] root - Error in NumericComparator: float division by zero
[WARNING] root - Error in NumericComparator: float division by zero
[WARNING] root - Error in NumericComparator: float division by zero
[WARNING] root - Error in NumericComparator: float division by zero
[WARNING] root - Error in NumericComparator: float division by zero
[WARNING] root - Error in NumericComparator: float division by zero
[WARNING] root - Error in NumericComparator: float division by zero
[WARNING] root - Error in NumericComparator: float division by zero
[WARNING] root - Error in NumericComparator: float division by zero
[WARNING] root - Error in NumericComparator: float division by zero
[WARNING] root - Error in NumericComparator: float division by zero
[WARNING] root - Error in NumericComparator: float division by zero
[WARNING] root - Error in NumericComparator: float division by zero
[WARNING] root - Error in NumericComparator: float division by zero
[WARNING] root - Error in NumericComparator: float division by zero
[WARNING] root - Error in NumericComparator: float division by zero
[WARNING] root - Error in NumericComparator: float division by zero
[WARNING] root - Error in NumericComparator: float division by zero
[WARNING] root - Error in NumericComparator: float division by zero
[WARNING] root - Error in NumericComparator: float division by zero
[WARNING] root - Error in NumericComparator: float division by zero
[WARNING] root - Error in NumericComparator: float division by zero
[WARNING] root - Error in NumericComparator: float division by zero
[WARNING] root - Error in NumericComparator: float division by zero
[WARNING] root - Error in NumericComparator: float division by zero
[WARNING] root - Error in NumericComparator: float division by zero
[WARNING] root - Error in NumericComparator: float division by zero
[WARNING] root - Error in NumericComparator: float division by zero
[WARNING] root - Error in NumericComparator: float division by zero
[WARNING] root - Error in NumericComparator: float division by zero
[WARNING] root - Error in NumericComparator: float division by zero
[WARNING] root - Error in NumericComparator: float division by zero
[WARNING] root - Error in NumericComparator: float division by zero
[WARNING] root - Error in NumericComparator: float division by zero
[WARNING] root - Error in NumericComparator: float division by zero
[WARNING] root - Error in NumericComparator: float division by zero
[WARNING] root - Error in NumericComparator: float division by zero
[WARNING] root - Error in NumericComparator: float division by zero
[WARNING] root - Error in NumericComparator: float division by zero
[WARNING] root - Error in NumericComparator: float division by zero
[WARNING] root - Error in NumericComparator: float division by zero
[WARNING] root - Error in NumericComparator: float division by zero
[WARNING] root - Error in NumericComparator: float division by zero
[WARNING] root - Error in NumericComparator: float division by zero
[WARNING] root - Error in NumericComparator: float division by zero
[WARNING] root - Error in NumericComparator: float division by zero
[WARNING] root - Error in NumericComparator: float division by zero
[WARNING] root - Error in NumericComparator: float division by zero
[WARNING] root - Error in NumericComparator: float division by zero
[WARNING] root - Error in NumericComparator: float division by zero
[WARNING] root - Error in NumericComparator: float division by zero
[WARNING] root - Error in NumericComparator: float division by zero
[WARNING] root - Error in NumericComparator: float division by zero
[WARNING] root - Error in NumericComparator: float division by zero
[WARNING] root - Error in NumericComparator: float division by zero
[WARNING] root - Error in NumericComparator: float division by zero
[WARNING] root - Error in NumericComparator: float division by zero
[WARNING] root - Error in NumericComparator: float division by zero
[WARNING] root - Error in NumericComparator: float division by zero
[WARNING] root - Error in NumericComparator: float division by zero
[WARNING] root - Error in NumericComparator: float division by zero
[WARNING] root - Error in NumericComparator: float division by zero
[WARNING] root - Error in NumericComparator: float division by zero
[WARNING] root - Error in NumericComparator: float division by zero
[WARNING] root - Error in NumericComparator: float division by zero
[WARNING] root - Error in NumericComparator: float division by zero
[WARNING] root - Error in NumericComparator: float division by zero
[WARNING] root - Error in NumericComparator: float division by zero
[WARNING] root - Error in NumericComparator: float division by zero
[WARNING] root - Error in NumericComparator: float division by zero
[WARNING] root - Error in NumericComparator: float division by zero
[WARNING] root - Error in NumericComparator: float division by zero
[WARNING] root - Error in NumericComparator: float division by zero
[WARNING] root - Error in NumericComparator: float division by zero
[WARNING] root - Error in NumericComparator: float division by zero
[WARNING] root - Error in NumericComparator: float division by zero
[WARNING] root - Error in NumericComparator: float division by zero
[WARNING] root - Error in NumericComparator: float division by zero
[WARNING] root - Error in NumericComparator: float division by zero
[WARNING] root - Error in NumericComparator: float division by zero
[WARNING] root - Error in NumericComparator: float division by zero
[WARNING] root - Error in NumericComparator: float division by zero
[WARNING] root - Error in NumericComparator: float division by zero
[WARNING] root - Error in NumericComparator: float division by zero
[WARNING] root - Error in NumericComparator: float division by zero
[WARNING] root - Error in NumericComparator: float division by zero
[WARNING] root - Error in NumericComparator: float division by zero
[WARNING] root - Error in NumericComparator: float division by zero
[WARNING] root - Error in NumericComparator: float division by zero
[WARNING] root - Error in NumericComparator: float division by zero
[WARNING] root - Error in NumericComparator: float division by zero
[WARNING] root - Error in NumericComparator: float division by zero
[WARNING] root - Error in NumericComparator: float division by zero
[WARNING] root - Error in NumericComparator: float division by zero
[WARNING] root - Error in NumericComparator: float division by zero
[WARNING] root - Error in NumericComparator: float division by zero
[WARNING] root - Error in NumericComparator: float division by zero
[WARNING] root - Error in NumericComparator: float division by zero
[WARNING] root - Error in NumericComparator: float division by zero
[WARNING] root - Error in NumericComparator: float division by zero
[WARNING] root - Error in NumericComparator: float division by zero
[WARNING] root - Error in NumericComparator: float division by zero
[WARNING] root - Error in NumericComparator: float division by zero
[WARNING] root - Error in NumericComparator: float division by zero
[WARNING] root - Error in NumericComparator: float division by zero
[WARNING] root - Error in NumericComparator: float division by zero
[WARNING] root - Error in NumericComparator: float division by zero
[WARNING] root - Error in NumericComparator: float division by zero
[WARNING] root - Error in NumericComparator: float division by zero
[WARNING] root - Error in NumericComparator: float division by zero
[WARNING] root - Error in NumericComparator: float division by zero
[WARNING] root - Error in NumericComparator: float division by zero
[WARNING] root - Error in NumericComparator: float division by zero
[WARNING] root - Error in NumericComparator: float division by zero
[WARNING] root - Error in NumericComparator: float division by zero
[WARNING] root - Error in NumericComparator: float division by zero
[WARNING] root - Error in NumericComparator: float division by zero
[WARNING] root - Error in NumericComparator: float division by zero
[WARNING] root - Error in NumericComparator: float division by zero
[WARNING] root - Error in NumericComparator: float division by zero
[WARNING] root - Error in NumericComparator: float division by zero
[WARNING] root - Error in NumericComparator: float division by zero
[WARNING] root - Error in NumericComparator: float division by zero
[WARNING] root - Error in NumericComparator: float division by zero
[WARNING] root - Error in NumericComparator: float division by zero
[WARNING] root - Error in NumericComparator: float division by zero
[WARNING] root - Error in NumericComparator: float division by zero
[WARNING] root - Error in NumericComparator: float division by zero
[WARNING] root - Error in NumericComparator: float division by zero
[WARNING] root - Error in NumericComparator: float division by zero
[WARNING] root - Error in NumericComparator: float division by zero
[WARNING] root - Error in NumericComparator: float division by zero
[WARNING] root - Error in NumericComparator: float division by zero
[WARNING] root - Error in NumericComparator: float division by zero
[WARNING] root - Error in NumericComparator: float division by zero
[WARNING] root - Error in NumericComparator: float division by zero
[WARNING] root - Error in NumericComparator: float division by zero
[WARNING] root - Error in NumericComparator: float division by zero
[WARNING] root - Error in NumericComparator: float division by zero
[WARNING] root - Error in NumericComparator: float division by zero
[WARNING] root - Error in NumericComparator: float division by zero
[WARNING] root - Error in NumericComparator: float division by zero
[WARNING] root - Error in NumericComparator: float division by zero
[WARNING] root - Error in NumericComparator: float division by zero
[WARNING] root - Error in NumericComparator: float division by zero
[WARNING] root - Error in NumericComparator: float division by zero
[WARNING] root - Error in NumericComparator: float division by zero
[WARNING] root - Error in NumericComparator: float division by zero
[WARNING] root - Error in NumericComparator: float division by zero
[WARNING] root - Error in NumericComparator: float division by zero
[WARNING] root - Error in NumericComparator: float division by zero
[WARNING] root - Error in NumericComparator: float division by zero
[WARNING] root - Error in NumericComparator: float division by zero
[WARNING] root - Error in NumericComparator: float division by zero
[WARNING] root - Error in NumericComparator: float division by zero
[WARNING] root - Error in NumericComparator: float division by zero
[WARNING] root - Error in NumericComparator: float division by zero
[WARNING] root - Error in NumericComparator: float division by zero
[WARNING] root - Error in NumericComparator: float division by zero
[WARNING] root - Error in NumericComparator: float division by zero
[WARNING] root - Error in NumericComparator: float division by zero
[WARNING] root - Error in NumericComparator: float division by zero
[WARNING] root - Error in NumericComparator: float division by zero
[WARNING] root - Error in NumericComparator: float division by zero
[WARNING] root - Error in NumericComparator: float division by zero
[WARNING] root - Error in NumericComparator: float division by zero
[WARNING] root - Error in NumericComparator: float division by zero
[WARNING] root - Error in NumericComparator: float division by zero
[WARNING] root - Error in NumericComparator: float division by zero
[WARNING] root - Error in NumericComparator: float division by zero
[WARNING] root - Error in NumericComparator: float division by zero
[WARNING] root - Error in NumericComparator: float division by zero
[WARNING] root - Error in NumericComparator: float division by zero
[WARNING] root - Error in NumericComparator: float division by zero
[WARNING] root - Error in NumericComparator: float division by zero
[WARNING] root - Error in NumericComparator: float division by zero
[WARNING] root - Error in NumericComparator: float division by zero
[WARNING] root - Error in NumericComparator: float division by zero
[WARNING] root - Error in NumericComparator: float division by zero
[WARNING] root - Error in NumericComparator: float division by zero
[WARNING] root - Error in NumericComparator: float division by zero
[WARNING] root - Error in NumericComparator: float division by zero
[WARNING] root - Error in NumericComparator: float division by zero
[WARNING] root - Error in NumericComparator: float division by zero
[WARNING] root - Error in NumericComparator: float division by zero
[WARNING] root - Error in NumericComparator: float division by zero
[WARNING] root - Error in NumericComparator: float division by zero
[WARNING] root - Error in NumericComparator: float division by zero
[WARNING] root - Error in NumericComparator: float division by zero
[WARNING] root - Error in NumericComparator: float division by zero
[WARNING] root - Error in NumericComparator: float division by zero
[WARNING] root - Error in NumericComparator: float division by zero
[WARNING] root - Error in NumericComparator: float division by zero
[WARNING] root - Error in NumericComparator: float division by zero
[WARNING] root - Error in NumericComparator: float division by zero
[WARNING] root - Error in NumericComparator: float division by zero
[WARNING] root - Error in NumericComparator: float division by zero
[WARNING] root - Error in NumericComparator: float division by zero
[WARNING] root - Error in NumericComparator: float division by zero
[WARNING] root - Error in NumericComparator: float division by zero
[WARNING] root - Error in NumericComparator: float division by zero
[WARNING] root - Error in NumericComparator: float division by zero
[WARNING] root - Error in NumericComparator: float division by zero
[WARNING] root - Error in NumericComparator: float division by zero
[WARNING] root - Error in NumericComparator: float division by zero
[WARNING] root - Error in NumericComparator: float division by zero
[WARNING] root - Error in NumericComparator: float division by zero
[WARNING] root - Error in NumericComparator: float division by zero
[WARNING] root - Error in NumericComparator: float division by zero
[WARNING] root - Error in NumericComparator: float division by zero
[WARNING] root - Error in NumericComparator: float division by zero
[WARNING] root - Error in NumericComparator: float division by zero
[WARNING] root - Error in NumericComparator: float division by zero
[WARNING] root - Error in NumericComparator: float division by zero
[WARNING] root - Error in NumericComparator: float division by zero
[WARNING] root - Error in NumericComparator: float division by zero
[WARNING] root - Error in NumericComparator: float division by zero
[WARNING] root - Error in NumericComparator: float division by zero
[WARNING] root - Error in NumericComparator: float division by zero
[WARNING] root - Error in NumericComparator: float division by zero
[WARNING] root - Error in NumericComparator: float division by zero
[WARNING] root - Error in NumericComparator: float division by zero
[WARNING] root - Error in NumericComparator: float division by zero
[WARNING] root - Error in NumericComparator: float division by zero
[WARNING] root - Error in NumericComparator: float division by zero
[WARNING] root - Error in NumericComparator: float division by zero
[WARNING] root - Error in NumericComparator: float division by zero
[WARNING] root - Error in NumericComparator: float division by zero
[WARNING] root - Error in NumericComparator: float division by zero
[WARNING] root - Error in NumericComparator: float division by zero
[WARNING] root - Error in NumericComparator: float division by zero
[WARNING] root - Error in NumericComparator: float division by zero
[WARNING] root - Error in NumericComparator: float division by zero
[WARNING] root - Error in NumericComparator: float division by zero
[WARNING] root - Error in NumericComparator: float division by zero
[WARNING] root - Error in NumericComparator: float division by zero
[WARNING] root - Error in NumericComparator: float division by zero
[WARNING] root - Error in NumericComparator: float division by zero
[WARNING] root - Error in NumericComparator: float division by zero
[WARNING] root - Error in NumericComparator: float division by zero
[WARNING] root - Error in NumericComparator: float division by zero
[WARNING] root - Error in NumericComparator: float division by zero
[WARNING] root - Error in NumericComparator: float division by zero
[WARNING] root - Error in NumericComparator: float division by zero
[WARNING] root - Error in NumericComparator: float division by zero
[WARNING] root - Error in NumericComparator: float division by zero
[WARNING] root - Error in NumericComparator: float division by zero
[WARNING] root - Error in NumericComparator: float division by zero
[WARNING] root - Error in NumericComparator: float division by zero
[WARNING] root - Error in NumericComparator: float division by zero
[WARNING] root - Error in NumericComparator: float division by zero
[WARNING] root - Error in NumericComparator: float division by zero
[WARNING] root - Error in NumericComparator: float division by zero
[WARNING] root - Error in NumericComparator: float division by zero
[WARNING] root - Error in NumericComparator: float division by zero
[WARNING] root - Error in NumericComparator: float division by zero
[WARNING] root - Error in NumericComparator: float division by zero
[WARNING] root - Error in NumericComparator: float division by zero
[WARNING] root - Error in NumericComparator: float division by zero
[WARNING] root - Error in NumericComparator: float division by zero
[WARNING] root - Error in NumericComparator: float division by zero
[WARNING] root - Error in NumericComparator: float division by zero
[WARNING] root - Error in NumericComparator: float division by zero
[WARNING] root - Error in NumericComparator: float division by zero
[WARNING] root - Error in NumericComparator: float division by zero
[WARNING] root - Error in NumericComparator: float division by zero
[WARNING] root - Error in NumericComparator: float division by zero
[WARNING] root - Error in NumericComparator: float division by zero
[WARNING] root - Error in NumericComparator: float division by zero
[WARNING] root - Error in NumericComparator: float division by zero
[WARNING] root - Error in NumericComparator: float division by zero
[WARNING] root - Error in NumericComparator: float division by zero
[WARNING] root - Error in NumericComparator: float division by zero
[WARNING] root - Error in NumericComparator: float division by zero
[WARNING] root - Error in NumericComparator: float division by zero
[WARNING] root - Error in NumericComparator: float division by zero
[WARNING] root - Error in NumericComparator: float division by zero
[WARNING] root - Error in NumericComparator: float division by zero
[WARNING] root - Error in NumericComparator: float division by zero
[WARNING] root - Error in NumericComparator: float division by zero
[WARNING] root - Error in NumericComparator: float division by zero
[WARNING] root - Error in NumericComparator: float division by zero
[WARNING] root - Error in NumericComparator: float division by zero
[WARNING] root - Error in NumericComparator: float division by zero
[WARNING] root - Error in NumericComparator: float division by zero
[WARNING] root - Error in NumericComparator: float division by zero
[WARNING] root - Error in NumericComparator: float division by zero
[WARNING] root - Error in NumericComparator: float division by zero
[WARNING] root - Error in NumericComparator: float division by zero
[WARNING] root - Error in NumericComparator: float division by zero
[WARNING] root - Error in NumericComparator: float division by zero
[WARNING] root - Error in NumericComparator: float division by zero
[WARNING] root - Error in NumericComparator: float division by zero
[WARNING] root - Error in NumericComparator: float division by zero
[WARNING] root - Error in NumericComparator: float division by zero
[WARNING] root - Error in NumericComparator: float division by zero
[WARNING] root - Error in NumericComparator: float division by zero
[WARNING] root - Error in NumericComparator: float division by zero
[WARNING] root - Error in NumericComparator: float division by zero
[WARNING] root - Error in NumericComparator: float division by zero
[WARNING] root - Error in NumericComparator: float division by zero
[WARNING] root - Error in NumericComparator: float division by zero
[WARNING] root - Error in NumericComparator: float division by zero
[WARNING] root - Error in NumericComparator: float division by zero
[WARNING] root - Error in NumericComparator: float division by zero
[WARNING] root - Error in NumericComparator: float division by zero
[WARNING] root - Error in NumericComparator: float division by zero
[WARNING] root - Error in NumericComparator: float division by zero
[WARNING] root - Error in NumericComparator: float division by zero
[WARNING] root - Error in NumericComparator: float division by zero
[WARNING] root - Error in NumericComparator: float division by zero
[WARNING] root - Error in NumericComparator: float division by zero
[WARNING] root - Error in NumericComparator: float division by zero
[WARNING] root - Error in NumericComparator: float division by zero
[WARNING] root - Error in NumericComparator: float division by zero
[WARNING] root - Error in NumericComparator: float division by zero
[WARNING] root - Error in NumericComparator: float division by zero
[WARNING] root - Error in NumericComparator: float division by zero
[WARNING] root - Error in NumericComparator: float division by zero
[WARNING] root - Error in NumericComparator: float division by zero
[WARNING] root - Error in NumericComparator: float division by zero
[WARNING] root - Error in NumericComparator: float division by zero
[WARNING] root - Error in NumericComparator: float division by zero
[WARNING] root - Error in NumericComparator: float division by zero
[WARNING] root - Error in NumericComparator: float division by zero
[WARNING] root - Error in NumericComparator: float division by zero
[WARNING] root - Error in NumericComparator: float division by zero
[WARNING] root - Error in NumericComparator: float division by zero
[WARNING] root - Error in NumericComparator: float division by zero
[WARNING] root - Error in NumericComparator: float division by zero
[WARNING] root - Error in NumericComparator: float division by zero
[WARNING] root - Error in NumericComparator: float division by zero
[WARNING] root - Error in NumericComparator: float division by zero
[WARNING] root - Error in NumericComparator: float division by zero
[WARNING] root - Error in NumericComparator: float division by zero
[WARNING] root - Error in NumericComparator: float division by zero
[WARNING] root - Error in NumericComparator: float division by zero
[WARNING] root - Error in NumericComparator: float division by zero
[WARNING] root - Error in NumericComparator: float division by zero
[WARNING] root - Error in NumericComparator: float division by zero
[WARNING] root - Error in NumericComparator: float division by zero
[WARNING] root - Error in NumericComparator: float division by zero
[WARNING] root - Error in NumericComparator: float division by zero
[WARNING] root - Error in NumericComparator: float division by zero
[WARNING] root - Error in NumericComparator: float division by zero
[WARNING] root - Error in NumericComparator: float division by zero
[WARNING] root - Error in NumericComparator: float division by zero
[WARNING] root - Error in NumericComparator: float division by zero
[WARNING] root - Error in NumericComparator: float division by zero
[WARNING] root - Error in NumericComparator: float division by zero
[WARNING] root - Error in NumericComparator: float division by zero
[WARNING] root - Error in NumericComparator: float division by zero
[WARNING] root - Error in NumericComparator: float division by zero
[WARNING] root - Error in NumericComparator: float division by zero
[WARNING] root - Error in NumericComparator: float division by zero
[WARNING] root - Error in NumericComparator: float division by zero
[WARNING] root - Error in NumericComparator: float division by zero
[WARNING] root - Error in NumericComparator: float division by zero
[WARNING] root - Error in NumericComparator: float division by zero
[WARNING] root - Error in NumericComparator: float division by zero
[WARNING] root - Error in NumericComparator: float division by zero
[WARNING] root - Error in NumericComparator: float division by zero
[WARNING] root - Error in NumericComparator: float division by zero
[WARNING] root - Error in NumericComparator: float division by zero
[WARNING] root - Error in NumericComparator: float division by zero
[WARNING] root - Error in NumericComparator: float division by zero
[WARNING] root - Error in NumericComparator: float division by zero
[WARNING] root - Error in NumericComparator: float division by zero
[WARNING] root - Error in NumericComparator: float division by zero
[WARNING] root - Error in NumericComparator: float division by zero
[WARNING] root - Error in NumericComparator: float division by zero
[WARNING] root - Error in NumericComparator: float division by zero
[WARNING] root - Error in NumericComparator: float division by zero
[WARNING] root - Error in NumericComparator: float division by zero
[WARNING] root - Error in NumericComparator: float division by zero
[WARNING] root - Error in NumericComparator: float division by zero
[WARNING] root - Error in NumericComparator: float division by zero
[WARNING] root - Error in NumericComparator: float division by zero
[WARNING] root - Error in NumericComparator: float division by zero
[WARNING] root - Error in NumericComparator: float division by zero
[WARNING] root - Error in NumericComparator: float division by zero
[WARNING] root - Error in NumericComparator: float division by zero
[WARNING] root - Error in NumericComparator: float division by zero
[WARNING] root - Error in NumericComparator: float division by zero
[WARNING] root - Error in NumericComparator: float division by zero
[WARNING] root - Error in NumericComparator: float division by zero
[WARNING] root - Error in NumericComparator: float division by zero
[WARNING] root - Error in NumericComparator: float division by zero
[WARNING] root - Error in NumericComparator: float division by zero
[WARNING] root - Error in NumericComparator: float division by zero
[WARNING] root - Error in NumericComparator: float division by zero
[WARNING] root - Error in NumericComparator: float division by zero
[WARNING] root - Error in NumericComparator: float division by zero
[WARNING] root - Error in NumericComparator: float division by zero
[WARNING] root - Error in NumericComparator: float division by zero
[WARNING] root - Error in NumericComparator: float division by zero
[WARNING] root - Error in NumericComparator: float division by zero
[WARNING] root - Error in NumericComparator: float division by zero
[WARNING] root - Error in NumericComparator: float division by zero
[WARNING] root - Error in NumericComparator: float division by zero
[WARNING] root - Error in NumericComparator: float division by zero
[WARNING] root - Error in NumericComparator: float division by zero
[WARNING] root - Error in NumericComparator: float division by zero
[WARNING] root - Error in NumericComparator: float division by zero
[WARNING] root - Error in NumericComparator: float division by zero
[WARNING] root - Error in NumericComparator: float division by zero
[WARNING] root - Error in NumericComparator: float division by zero
[WARNING] root - Error in NumericComparator: float division by zero
[WARNING] root - Error in NumericComparator: float division by zero
[WARNING] root - Error in NumericComparator: float division by zero
[WARNING] root - Error in NumericComparator: float division by zero
[WARNING] root - Error in NumericComparator: float division by zero
[WARNING] root - Error in NumericComparator: float division by zero
[WARNING] root - Error in NumericComparator: float division by zero
[WARNING] root - Error in NumericComparator: float division by zero
[WARNING] root - Error in NumericComparator: float division by zero
[WARNING] root - Error in NumericComparator: float division by zero
[WARNING] root - Error in NumericComparator: float division by zero
[WARNING] root - Error in NumericComparator: float division by zero
[WARNING] root - Error in NumericComparator: float division by zero
[WARNING] root - Error in NumericComparator: float division by zero
[WARNING] root - Error in NumericComparator: float division by zero
[WARNING] root - Error in NumericComparator: float division by zero
[WARNING] root - Error in NumericComparator: float division by zero
[WARNING] root - Error in NumericComparator: float division by zero
[WARNING] root - Error in NumericComparator: float division by zero
[WARNING] root - Error in NumericComparator: float division by zero
[WARNING] root - Error in NumericComparator: float division by zero
[WARNING] root - Error in NumericComparator: float division by zero
[WARNING] root - Error in NumericComparator: float division by zero
[WARNING] root - Error in NumericComparator: float division by zero
[WARNING] root - Error in NumericComparator: float division by zero
[WARNING] root - Error in NumericComparator: float division by zero
[WARNING] root - Error in NumericComparator: float division by zero
[WARNING] root - Error in NumericComparator: float division by zero
[WARNING] root - Error in NumericComparator: float division by zero
[WARNING] root - Error in NumericComparator: float division by zero
[WARNING] root - Error in NumericComparator: float division by zero
[WARNING] root - Error in NumericComparator: float division by zero
[WARNING] root - Error in NumericComparator: float division by zero
[WARNING] root - Error in NumericComparator: float division by zero
[WARNING] root - Error in NumericComparator: float division by zero
[WARNING] root - Error in NumericComparator: float division by zero
[WARNING] root - Error in NumericComparator: float division by zero
[WARNING] root - Error in NumericComparator: float division by zero
[WARNING] root - Error in NumericComparator: float division by zero
[WARNING] root - Error in NumericComparator: float division by zero
[WARNING] root - Error in NumericComparator: float division by zero
[WARNING] root - Error in NumericComparator: float division by zero
[WARNING] root - Error in NumericComparator: float division by zero
[WARNING] root - Error in NumericComparator: float division by zero
[WARNING] root - Error in NumericComparator: float division by zero
[WARNING] root - Error in NumericComparator: float division by zero
[WARNING] root - Error in NumericComparator: float division by zero
[WARNING] root - Error in NumericComparator: float division by zero
[WARNING] root - Error in NumericComparator: float division by zero
[WARNING] root - Error in NumericComparator: float division by zero
[WARNING] root - Error in NumericComparator: float division by zero
[WARNING] root - Error in NumericComparator: float division by zero
[WARNING] root - Error in NumericComparator: float division by zero
[WARNING] root - Error in NumericComparator: float division by zero
[WARNING] root - Error in NumericComparator: float division by zero
[WARNING] root - Error in NumericComparator: float division by zero
[WARNING] root - Error in NumericComparator: float division by zero
[WARNING] root - Error in NumericComparator: float division by zero
[WARNING] root - Error in NumericComparator: float division by zero
[WARNING] root - Error in NumericComparator: float division by zero
[WARNING] root - Error in NumericComparator: float division by zero
[WARNING] root - Error in NumericComparator: float division by zero
[WARNING] root - Error in NumericComparator: float division by zero
[WARNING] root - Error in NumericComparator: float division by zero
[WARNING] root - Error in NumericComparator: float division by zero
[WARNING] root - Error in NumericComparator: float division by zero
[WARNING] root - Error in NumericComparator: float division by zero
[WARNING] root - Error in NumericComparator: float division by zero
[WARNING] root - Error in NumericComparator: float division by zero
[WARNING] root - Error in NumericComparator: float division by zero
[WARNING] root - Error in NumericComparator: float division by zero
[WARNING] root - Error in NumericComparator: float division by zero
[WARNING] root - Error in NumericComparator: float division by zero
[WARNING] root - Error in NumericComparator: float division by zero
[WARNING] root - Error in NumericComparator: float division by zero
[WARNING] root - Error in NumericComparator: float division by zero
[WARNING] root - Error in NumericComparator: float division by zero
[WARNING] root - Error in NumericComparator: float division by zero
[WARNING] root - Error in NumericComparator: float division by zero
[WARNING] root - Error in NumericComparator: float division by zero
[WARNING] root - Error in NumericComparator: float division by zero
[WARNING] root - Error in NumericComparator: float division by zero
[WARNING] root - Error in NumericComparator: float division by zero
[WARNING] root - Error in NumericComparator: float division by zero
[WARNING] root - Error in NumericComparator: float division by zero
[WARNING] root - Error in NumericComparator: float division by zero
[WARNING] root - Error in NumericComparator: float division by zero
[WARNING] root - Error in NumericComparator: float division by zero
[WARNING] root - Error in NumericComparator: float division by zero
[WARNING] root - Error in NumericComparator: float division by zero
[WARNING] root - Error in NumericComparator: float division by zero
[WARNING] root - Error in NumericComparator: float division by zero
[WARNING] root - Error in NumericComparator: float division by zero
[WARNING] root - Error in NumericComparator: float division by zero
[WARNING] root - Error in NumericComparator: float division by zero
[WARNING] root - Error in NumericComparator: float division by zero
[WARNING] root - Error in NumericComparator: float division by zero
[WARNING] root - Error in NumericComparator: float division by zero
[WARNING] root - Error in NumericComparator: float division by zero
[WARNING] root - Error in NumericComparator: float division by zero
[WARNING] root - Error in NumericComparator: float division by zero
[WARNING] root - Error in NumericComparator: float division by zero
[WARNING] root - Error in NumericComparator: float division by zero
[WARNING] root - Error in NumericComparator: float division by zero
[WARNING] root - Error in NumericComparator: float division by zero
[WARNING] root - Error in NumericComparator: float division by zero
[WARNING] root - Error in NumericComparator: float division by zero
[WARNING] root - Error in NumericComparator: float division by zero
[WARNING] root - Error in NumericComparator: float division by zero
[WARNING] root - Error in NumericComparator: float division by zero
[WARNING] root - Error in NumericComparator: float division by zero
[WARNING] root - Error in NumericComparator: float division by zero
[WARNING] root - Error in NumericComparator: float division by zero
[WARNING] root - Error in NumericComparator: float division by zero
[WARNING] root - Error in NumericComparator: float division by zero
[WARNING] root - Error in NumericComparator: float division by zero
[WARNING] root - Error in NumericComparator: float division by zero
[WARNING] root - Error in NumericComparator: float division by zero
[WARNING] root - Error in NumericComparator: float division by zero
[WARNING] root - Error in NumericComparator: float division by zero
[WARNING] root - Error in NumericComparator: float division by zero
[WARNING] root - Error in NumericComparator: float division by zero
[WARNING] root - Error in NumericComparator: float division by zero
[WARNING] root - Error in NumericComparator: float division by zero
[WARNING] root - Error in NumericComparator: float division by zero
[WARNING] root - Error in NumericComparator: float division by zero
[WARNING] root - Error in NumericComparator: float division by zero
[WARNING] root - Error in NumericComparator: float division by zero
[WARNING] root - Error in NumericComparator: float division by zero
[WARNING] root - Error in NumericComparator: float division by zero
[WARNING] root - Error in NumericComparator: float division by zero
[WARNING] root - Error in NumericComparator: float division by zero
[WARNING] root - Error in NumericComparator: float division by zero
[WARNING] root - Error in NumericComparator: float division by zero
[WARNING] root - Error in NumericComparator: float division by zero
[WARNING] root - Error in NumericComparator: float division by zero
[WARNING] root - Error in NumericComparator: float division by zero
[WARNING] root - Error in NumericComparator: float division by zero
[WARNING] root - Error in NumericComparator: float division by zero
[WARNING] root - Error in NumericComparator: float division by zero
[WARNING] root - Error in NumericComparator: float division by zero
[WARNING] root - Error in NumericComparator: float division by zero
[WARNING] root - Error in NumericComparator: float division by zero
[WARNING] root - Error in NumericComparator: float division by zero
[WARNING] root - Error in NumericComparator: float division by zero
[WARNING] root - Error in NumericComparator: float division by zero
[WARNING] root - Error in NumericComparator: float division by zero
[WARNING] root - Error in NumericComparator: float division by zero
[WARNING] root - Error in NumericComparator: float division by zero
[WARNING] root - Error in NumericComparator: float division by zero
[WARNING] root - Error in NumericComparator: float division by zero
[INFO ] PyDI.entitymatching.rule_based.RuleBasedMatcher - Starting Entity Matching
[INFO ] PyDI.entitymatching.rule_based.RuleBasedMatcher - Blocking 84461 x 14666 elements
[INFO ] PyDI.entitymatching.rule_based.RuleBasedMatcher - Matching 84461 x 14666 elements after 0:00:0.019; 159073 blocked pairs (reduction ratio: 0.9998715812104891)
[WARNING] root - Error in NumericComparator: float division by zero
[WARNING] root - Error in NumericComparator: float division by zero
[WARNING] root - Error in NumericComparator: float division by zero
[WARNING] root - Error in NumericComparator: float division by zero
[WARNING] root - Error in NumericComparator: float division by zero
[WARNING] root - Error in NumericComparator: float division by zero
[WARNING] root - Error in NumericComparator: float division by zero
[WARNING] root - Error in NumericComparator: float division by zero
[WARNING] root - Error in NumericComparator: float division by zero
[WARNING] root - Error in NumericComparator: float division by zero
[WARNING] root - Error in NumericComparator: float division by zero
[WARNING] root - Error in NumericComparator: float division by zero
[WARNING] root - Error in NumericComparator: float division by zero
[WARNING] root - Error in NumericComparator: float division by zero
[WARNING] root - Error in NumericComparator: float division by zero
[WARNING] root - Error in NumericComparator: float division by zero
[WARNING] root - Error in NumericComparator: float division by zero
[WARNING] root - Error in NumericComparator: float division by zero
[WARNING] root - Error in NumericComparator: float division by zero
[WARNING] root - Error in NumericComparator: float division by zero
[WARNING] root - Error in NumericComparator: float division by zero
[WARNING] root - Error in NumericComparator: float division by zero
[WARNING] root - Error in NumericComparator: float division by zero
[WARNING] root - Error in NumericComparator: float division by zero
[WARNING] root - Error in NumericComparator: float division by zero
[WARNING] root - Error in NumericComparator: float division by zero
[WARNING] root - Error in NumericComparator: float division by zero
[WARNING] root - Error in NumericComparator: float division by zero
[WARNING] root - Error in NumericComparator: float division by zero
[WARNING] root - Error in NumericComparator: float division by zero
[WARNING] root - Error in NumericComparator: float division by zero
[WARNING] root - Error in NumericComparator: float division by zero
[WARNING] root - Error in NumericComparator: float division by zero
[WARNING] root - Error in NumericComparator: float division by zero
[WARNING] root - Error in NumericComparator: float division by zero
[WARNING] root - Error in NumericComparator: float division by zero
[WARNING] root - Error in NumericComparator: float division by zero
[WARNING] root - Error in NumericComparator: float division by zero
[WARNING] root - Error in NumericComparator: float division by zero
[WARNING] root - Error in NumericComparator: float division by zero
[WARNING] root - Error in NumericComparator: float division by zero
[WARNING] root - Error in NumericComparator: float division by zero
[WARNING] root - Error in NumericComparator: float division by zero
[WARNING] root - Error in NumericComparator: float division by zero
[WARNING] root - Error in NumericComparator: float division by zero
[WARNING] root - Error in NumericComparator: float division by zero
[WARNING] root - Error in NumericComparator: float division by zero
[WARNING] root - Error in NumericComparator: float division by zero
[WARNING] root - Error in NumericComparator: float division by zero
[WARNING] root - Error in NumericComparator: float division by zero
[WARNING] root - Error in NumericComparator: float division by zero
[WARNING] root - Error in NumericComparator: float division by zero
[WARNING] root - Error in NumericComparator: float division by zero
[WARNING] root - Error in NumericComparator: float division by zero
[WARNING] root - Error in NumericComparator: float division by zero
[WARNING] root - Error in NumericComparator: float division by zero
[WARNING] root - Error in NumericComparator: float division by zero
[WARNING] root - Error in NumericComparator: float division by zero
[WARNING] root - Error in NumericComparator: float division by zero
[WARNING] root - Error in NumericComparator: float division by zero
[WARNING] root - Error in NumericComparator: float division by zero
[WARNING] root - Error in NumericComparator: float division by zero
[WARNING] root - Error in NumericComparator: float division by zero
[WARNING] root - Error in NumericComparator: float division by zero
[WARNING] root - Error in NumericComparator: float division by zero
[WARNING] root - Error in NumericComparator: float division by zero
[WARNING] root - Error in NumericComparator: float division by zero
[WARNING] root - Error in NumericComparator: float division by zero
[WARNING] root - Error in NumericComparator: float division by zero
[WARNING] root - Error in NumericComparator: float division by zero
[WARNING] root - Error in NumericComparator: float division by zero
[WARNING] root - Error in NumericComparator: float division by zero
[WARNING] root - Error in NumericComparator: float division by zero
[WARNING] root - Error in NumericComparator: float division by zero
[WARNING] root - Error in NumericComparator: float division by zero
[WARNING] root - Error in NumericComparator: float division by zero
[WARNING] root - Error in NumericComparator: float division by zero
[WARNING] root - Error in NumericComparator: float division by zero
[WARNING] root - Error in NumericComparator: float division by zero
[WARNING] root - Error in NumericComparator: float division by zero
[WARNING] root - Error in NumericComparator: float division by zero
[WARNING] root - Error in NumericComparator: float division by zero
[WARNING] root - Error in NumericComparator: float division by zero
[WARNING] root - Error in NumericComparator: float division by zero
[WARNING] root - Error in NumericComparator: float division by zero
[WARNING] root - Error in NumericComparator: float division by zero
[WARNING] root - Error in NumericComparator: float division by zero
[WARNING] root - Error in NumericComparator: float division by zero
[WARNING] root - Error in NumericComparator: float division by zero
[WARNING] root - Error in NumericComparator: float division by zero
[WARNING] root - Error in NumericComparator: float division by zero
[WARNING] root - Error in NumericComparator: float division by zero
[WARNING] root - Error in NumericComparator: float division by zero
[WARNING] root - Error in NumericComparator: float division by zero
[WARNING] root - Error in NumericComparator: float division by zero
[WARNING] root - Error in NumericComparator: float division by zero
[WARNING] root - Error in NumericComparator: float division by zero
[WARNING] root - Error in NumericComparator: float division by zero
[WARNING] root - Error in NumericComparator: float division by zero
[WARNING] root - Error in NumericComparator: float division by zero
[WARNING] root - Error in NumericComparator: float division by zero
[WARNING] root - Error in NumericComparator: float division by zero
[WARNING] root - Error in NumericComparator: float division by zero
[WARNING] root - Error in NumericComparator: float division by zero
[WARNING] root - Error in NumericComparator: float division by zero
[WARNING] root - Error in NumericComparator: float division by zero
[WARNING] root - Error in NumericComparator: float division by zero
[WARNING] root - Error in NumericComparator: float division by zero
[WARNING] root - Error in NumericComparator: float division by zero
[WARNING] root - Error in NumericComparator: float division by zero
[WARNING] root - Error in NumericComparator: float division by zero
[WARNING] root - Error in NumericComparator: float division by zero
[WARNING] root - Error in NumericComparator: float division by zero
[WARNING] root - Error in NumericComparator: float division by zero
[WARNING] root - Error in NumericComparator: float division by zero
[WARNING] root - Error in NumericComparator: float division by zero
[WARNING] root - Error in NumericComparator: float division by zero
[WARNING] root - Error in NumericComparator: float division by zero
[WARNING] root - Error in NumericComparator: float division by zero
[WARNING] root - Error in NumericComparator: float division by zero
[WARNING] root - Error in NumericComparator: float division by zero
[WARNING] root - Error in NumericComparator: float division by zero
[WARNING] root - Error in NumericComparator: float division by zero
[WARNING] root - Error in NumericComparator: float division by zero
[WARNING] root - Error in NumericComparator: float division by zero
[WARNING] root - Error in NumericComparator: float division by zero
[WARNING] root - Error in NumericComparator: float division by zero
[WARNING] root - Error in NumericComparator: float division by zero
[WARNING] root - Error in NumericComparator: float division by zero
[WARNING] root - Error in NumericComparator: float division by zero
[WARNING] root - Error in NumericComparator: float division by zero
[WARNING] root - Error in NumericComparator: float division by zero
[WARNING] root - Error in NumericComparator: float division by zero
[WARNING] root - Error in NumericComparator: float division by zero
[WARNING] root - Error in NumericComparator: float division by zero
[WARNING] root - Error in NumericComparator: float division by zero
[WARNING] root - Error in NumericComparator: float division by zero
[WARNING] root - Error in NumericComparator: float division by zero
[WARNING] root - Error in NumericComparator: float division by zero
[WARNING] root - Error in NumericComparator: float division by zero
[WARNING] root - Error in NumericComparator: float division by zero
[WARNING] root - Error in NumericComparator: float division by zero
[WARNING] root - Error in NumericComparator: float division by zero
[WARNING] root - Error in NumericComparator: float division by zero
[WARNING] root - Error in NumericComparator: float division by zero
[WARNING] root - Error in NumericComparator: float division by zero
[WARNING] root - Error in NumericComparator: float division by zero
[WARNING] root - Error in NumericComparator: float division by zero
[WARNING] root - Error in NumericComparator: float division by zero
[WARNING] root - Error in NumericComparator: float division by zero
[WARNING] root - Error in NumericComparator: float division by zero
[WARNING] root - Error in NumericComparator: float division by zero
[WARNING] root - Error in NumericComparator: float division by zero
[WARNING] root - Error in NumericComparator: float division by zero
[WARNING] root - Error in NumericComparator: float division by zero
[WARNING] root - Error in NumericComparator: float division by zero
[WARNING] root - Error in NumericComparator: float division by zero
[WARNING] root - Error in NumericComparator: float division by zero
[WARNING] root - Error in NumericComparator: float division by zero
[WARNING] root - Error in NumericComparator: float division by zero
[WARNING] root - Error in NumericComparator: float division by zero
[WARNING] root - Error in NumericComparator: float division by zero
[WARNING] root - Error in NumericComparator: float division by zero
[WARNING] root - Error in NumericComparator: float division by zero
[WARNING] root - Error in NumericComparator: float division by zero
[WARNING] root - Error in NumericComparator: float division by zero
[WARNING] root - Error in NumericComparator: float division by zero
[WARNING] root - Error in NumericComparator: float division by zero
[WARNING] root - Error in NumericComparator: float division by zero
[WARNING] root - Error in NumericComparator: float division by zero
[WARNING] root - Error in NumericComparator: float division by zero
[WARNING] root - Error in NumericComparator: float division by zero
[WARNING] root - Error in NumericComparator: float division by zero
[WARNING] root - Error in NumericComparator: float division by zero
[WARNING] root - Error in NumericComparator: float division by zero
[WARNING] root - Error in NumericComparator: float division by zero
[WARNING] root - Error in NumericComparator: float division by zero
[WARNING] root - Error in NumericComparator: float division by zero
[WARNING] root - Error in NumericComparator: float division by zero
[WARNING] root - Error in NumericComparator: float division by zero
[WARNING] root - Error in NumericComparator: float division by zero
[WARNING] root - Error in NumericComparator: float division by zero
[WARNING] root - Error in NumericComparator: float division by zero
[WARNING] root - Error in NumericComparator: float division by zero
[WARNING] root - Error in NumericComparator: float division by zero
[WARNING] root - Error in NumericComparator: float division by zero
[WARNING] root - Error in NumericComparator: float division by zero
[WARNING] root - Error in NumericComparator: float division by zero
[WARNING] root - Error in NumericComparator: float division by zero
[WARNING] root - Error in NumericComparator: float division by zero
[WARNING] root - Error in NumericComparator: float division by zero
[WARNING] root - Error in NumericComparator: float division by zero
[WARNING] root - Error in NumericComparator: float division by zero
[WARNING] root - Error in NumericComparator: float division by zero
[WARNING] root - Error in NumericComparator: float division by zero
[WARNING] root - Error in NumericComparator: float division by zero
[WARNING] root - Error in NumericComparator: float division by zero
[WARNING] root - Error in NumericComparator: float division by zero
[WARNING] root - Error in NumericComparator: float division by zero
[WARNING] root - Error in NumericComparator: float division by zero
[WARNING] root - Error in NumericComparator: float division by zero
[WARNING] root - Error in NumericComparator: float division by zero
[WARNING] root - Error in NumericComparator: float division by zero
[WARNING] root - Error in NumericComparator: float division by zero
[WARNING] root - Error in NumericComparator: float division by zero
[WARNING] root - Error in NumericComparator: float division by zero
[WARNING] root - Error in NumericComparator: float division by zero
[WARNING] root - Error in NumericComparator: float division by zero
[WARNING] root - Error in NumericComparator: float division by zero
[WARNING] root - Error in NumericComparator: float division by zero
[WARNING] root - Error in NumericComparator: float division by zero
[WARNING] root - Error in NumericComparator: float division by zero
[WARNING] root - Error in NumericComparator: float division by zero
[WARNING] root - Error in NumericComparator: float division by zero
[WARNING] root - Error in NumericComparator: float division by zero
[WARNING] root - Error in NumericComparator: float division by zero
[WARNING] root - Error in NumericComparator: float division by zero
[WARNING] root - Error in NumericComparator: float division by zero
[WARNING] root - Error in NumericComparator: float division by zero
[WARNING] root - Error in NumericComparator: float division by zero
[WARNING] root - Error in NumericComparator: float division by zero
[WARNING] root - Error in NumericComparator: float division by zero
[WARNING] root - Error in NumericComparator: float division by zero
[WARNING] root - Error in NumericComparator: float division by zero
[WARNING] root - Error in NumericComparator: float division by zero
[WARNING] root - Error in NumericComparator: float division by zero
[WARNING] root - Error in NumericComparator: float division by zero
[WARNING] root - Error in NumericComparator: float division by zero
[WARNING] root - Error in NumericComparator: float division by zero
[WARNING] root - Error in NumericComparator: float division by zero
[WARNING] root - Error in NumericComparator: float division by zero
[WARNING] root - Error in NumericComparator: float division by zero
[WARNING] root - Error in NumericComparator: float division by zero
[WARNING] root - Error in NumericComparator: float division by zero
[WARNING] root - Error in NumericComparator: float division by zero
[WARNING] root - Error in NumericComparator: float division by zero
[WARNING] root - Error in NumericComparator: float division by zero
[WARNING] root - Error in NumericComparator: float division by zero
[WARNING] root - Error in NumericComparator: float division by zero
[WARNING] root - Error in NumericComparator: float division by zero
[WARNING] root - Error in NumericComparator: float division by zero
[WARNING] root - Error in NumericComparator: float division by zero
[WARNING] root - Error in NumericComparator: float division by zero
[WARNING] root - Error in NumericComparator: float division by zero
[WARNING] root - Error in NumericComparator: float division by zero
[WARNING] root - Error in NumericComparator: float division by zero
[WARNING] root - Error in NumericComparator: float division by zero
[WARNING] root - Error in NumericComparator: float division by zero
[WARNING] root - Error in NumericComparator: float division by zero
[WARNING] root - Error in NumericComparator: float division by zero
[WARNING] root - Error in NumericComparator: float division by zero
[WARNING] root - Error in NumericComparator: float division by zero
[WARNING] root - Error in NumericComparator: float division by zero
[WARNING] root - Error in NumericComparator: float division by zero
[WARNING] root - Error in NumericComparator: float division by zero
[WARNING] root - Error in NumericComparator: float division by zero
[WARNING] root - Error in NumericComparator: float division by zero
[WARNING] root - Error in NumericComparator: float division by zero
[WARNING] root - Error in NumericComparator: float division by zero
[WARNING] root - Error in NumericComparator: float division by zero
[WARNING] root - Error in NumericComparator: float division by zero
[WARNING] root - Error in NumericComparator: float division by zero
[WARNING] root - Error in NumericComparator: float division by zero
[WARNING] root - Error in NumericComparator: float division by zero
[WARNING] root - Error in NumericComparator: float division by zero
[WARNING] root - Error in NumericComparator: float division by zero
[WARNING] root - Error in NumericComparator: float division by zero
[WARNING] root - Error in NumericComparator: float division by zero
[WARNING] root - Error in NumericComparator: float division by zero
[WARNING] root - Error in NumericComparator: float division by zero
[WARNING] root - Error in NumericComparator: float division by zero
[WARNING] root - Error in NumericComparator: float division by zero
[WARNING] root - Error in NumericComparator: float division by zero
[WARNING] root - Error in NumericComparator: float division by zero
[WARNING] root - Error in NumericComparator: float division by zero
[WARNING] root - Error in NumericComparator: float division by zero
[WARNING] root - Error in NumericComparator: float division by zero
[WARNING] root - Error in NumericComparator: float division by zero
[WARNING] root - Error in NumericComparator: float division by zero
[WARNING] root - Error in NumericComparator: float division by zero
[WARNING] root - Error in NumericComparator: float division by zero
[WARNING] root - Error in NumericComparator: float division by zero
[WARNING] root - Error in NumericComparator: float division by zero
[WARNING] root - Error in NumericComparator: float division by zero
[WARNING] root - Error in NumericComparator: float division by zero
[WARNING] root - Error in NumericComparator: float division by zero
[WARNING] root - Error in NumericComparator: float division by zero
[WARNING] root - Error in NumericComparator: float division by zero
[WARNING] root - Error in NumericComparator: float division by zero
[WARNING] root - Error in NumericComparator: float division by zero
[WARNING] root - Error in NumericComparator: float division by zero
[WARNING] root - Error in NumericComparator: float division by zero
[WARNING] root - Error in NumericComparator: float division by zero
[WARNING] root - Error in NumericComparator: float division by zero
[WARNING] root - Error in NumericComparator: float division by zero
[WARNING] root - Error in NumericComparator: float division by zero
[WARNING] root - Error in NumericComparator: float division by zero
[WARNING] root - Error in NumericComparator: float division by zero
[WARNING] root - Error in NumericComparator: float division by zero
[WARNING] root - Error in NumericComparator: float division by zero
[WARNING] root - Error in NumericComparator: float division by zero
[WARNING] root - Error in NumericComparator: float division by zero
[WARNING] root - Error in NumericComparator: float division by zero
[WARNING] root - Error in NumericComparator: float division by zero
[WARNING] root - Error in NumericComparator: float division by zero
[WARNING] root - Error in NumericComparator: float division by zero
[WARNING] root - Error in NumericComparator: float division by zero
[WARNING] root - Error in NumericComparator: float division by zero
[WARNING] root - Error in NumericComparator: float division by zero
[WARNING] root - Error in NumericComparator: float division by zero
[WARNING] root - Error in NumericComparator: float division by zero
[WARNING] root - Error in NumericComparator: float division by zero
[WARNING] root - Error in NumericComparator: float division by zero
[WARNING] root - Error in NumericComparator: float division by zero
[WARNING] root - Error in NumericComparator: float division by zero
[WARNING] root - Error in NumericComparator: float division by zero
[WARNING] root - Error in NumericComparator: float division by zero
[WARNING] root - Error in NumericComparator: float division by zero
[WARNING] root - Error in NumericComparator: float division by zero
[WARNING] root - Error in NumericComparator: float division by zero
[WARNING] root - Error in NumericComparator: float division by zero
[WARNING] root - Error in NumericComparator: float division by zero
[WARNING] root - Error in NumericComparator: float division by zero
[WARNING] root - Error in NumericComparator: float division by zero
[WARNING] root - Error in NumericComparator: float division by zero
[WARNING] root - Error in NumericComparator: float division by zero
[WARNING] root - Error in NumericComparator: float division by zero
[WARNING] root - Error in NumericComparator: float division by zero
[WARNING] root - Error in NumericComparator: float division by zero
[WARNING] root - Error in NumericComparator: float division by zero
[WARNING] root - Error in NumericComparator: float division by zero
[WARNING] root - Error in NumericComparator: float division by zero
[WARNING] root - Error in NumericComparator: float division by zero
[WARNING] root - Error in NumericComparator: float division by zero
[WARNING] root - Error in NumericComparator: float division by zero
[WARNING] root - Error in NumericComparator: float division by zero
[WARNING] root - Error in NumericComparator: float division by zero
[WARNING] root - Error in NumericComparator: float division by zero
[WARNING] root - Error in NumericComparator: float division by zero
[WARNING] root - Error in NumericComparator: float division by zero
[WARNING] root - Error in NumericComparator: float division by zero
[WARNING] root - Error in NumericComparator: float division by zero
[WARNING] root - Error in NumericComparator: float division by zero
[WARNING] root - Error in NumericComparator: float division by zero
[WARNING] root - Error in NumericComparator: float division by zero
[WARNING] root - Error in NumericComparator: float division by zero
[WARNING] root - Error in NumericComparator: float division by zero
[WARNING] root - Error in NumericComparator: float division by zero
[WARNING] root - Error in NumericComparator: float division by zero
[WARNING] root - Error in NumericComparator: float division by zero
[WARNING] root - Error in NumericComparator: float division by zero
[WARNING] root - Error in NumericComparator: float division by zero
[WARNING] root - Error in NumericComparator: float division by zero
[WARNING] root - Error in NumericComparator: float division by zero
[WARNING] root - Error in NumericComparator: float division by zero
[WARNING] root - Error in NumericComparator: float division by zero
[WARNING] root - Error in NumericComparator: float division by zero
[WARNING] root - Error in NumericComparator: float division by zero
[WARNING] root - Error in NumericComparator: float division by zero
[WARNING] root - Error in NumericComparator: float division by zero
[WARNING] root - Error in NumericComparator: float division by zero
[WARNING] root - Error in NumericComparator: float division by zero
[WARNING] root - Error in NumericComparator: float division by zero
[WARNING] root - Error in NumericComparator: float division by zero
[WARNING] root - Error in NumericComparator: float division by zero
[WARNING] root - Error in NumericComparator: float division by zero
[WARNING] root - Error in NumericComparator: float division by zero
[WARNING] root - Error in NumericComparator: float division by zero
[WARNING] root - Error in NumericComparator: float division by zero
[WARNING] root - Error in NumericComparator: float division by zero
[WARNING] root - Error in NumericComparator: float division by zero
[WARNING] root - Error in NumericComparator: float division by zero
[WARNING] root - Error in NumericComparator: float division by zero
[WARNING] root - Error in NumericComparator: float division by zero
[WARNING] root - Error in NumericComparator: float division by zero
[WARNING] root - Error in NumericComparator: float division by zero
[WARNING] root - Error in NumericComparator: float division by zero
[WARNING] root - Error in NumericComparator: float division by zero
[WARNING] root - Error in NumericComparator: float division by zero
[WARNING] root - Error in NumericComparator: float division by zero
[WARNING] root - Error in NumericComparator: float division by zero
[WARNING] root - Error in NumericComparator: float division by zero
[WARNING] root - Error in NumericComparator: float division by zero
[WARNING] root - Error in NumericComparator: float division by zero
[WARNING] root - Error in NumericComparator: float division by zero
[WARNING] root - Error in NumericComparator: float division by zero
[WARNING] root - Error in NumericComparator: float division by zero
[WARNING] root - Error in NumericComparator: float division by zero
[WARNING] root - Error in NumericComparator: float division by zero
[WARNING] root - Error in NumericComparator: float division by zero
[WARNING] root - Error in NumericComparator: float division by zero
[WARNING] root - Error in NumericComparator: float division by zero
[WARNING] root - Error in NumericComparator: float division by zero
[WARNING] root - Error in NumericComparator: float division by zero
[WARNING] root - Error in NumericComparator: float division by zero
[WARNING] root - Error in NumericComparator: float division by zero
[WARNING] root - Error in NumericComparator: float division by zero
[WARNING] root - Error in NumericComparator: float division by zero
[WARNING] root - Error in NumericComparator: float division by zero
[WARNING] root - Error in NumericComparator: float division by zero
[WARNING] root - Error in NumericComparator: float division by zero
[WARNING] root - Error in NumericComparator: float division by zero
[WARNING] root - Error in NumericComparator: float division by zero
[WARNING] root - Error in NumericComparator: float division by zero
[WARNING] root - Error in NumericComparator: float division by zero
[WARNING] root - Error in NumericComparator: float division by zero
[WARNING] root - Error in NumericComparator: float division by zero
[WARNING] root - Error in NumericComparator: float division by zero
[WARNING] root - Error in NumericComparator: float division by zero
[WARNING] root - Error in NumericComparator: float division by zero
[WARNING] root - Error in NumericComparator: float division by zero
[WARNING] root - Error in NumericComparator: float division by zero
[WARNING] root - Error in NumericComparator: float division by zero
[WARNING] root - Error in NumericComparator: float division by zero
[WARNING] root - Error in NumericComparator: float division by zero
[WARNING] root - Error in NumericComparator: float division by zero
[WARNING] root - Error in NumericComparator: float division by zero
[WARNING] root - Error in NumericComparator: float division by zero
[WARNING] root - Error in NumericComparator: float division by zero
[WARNING] root - Error in NumericComparator: float division by zero
[WARNING] root - Error in NumericComparator: float division by zero
[WARNING] root - Error in NumericComparator: float division by zero
[WARNING] root - Error in NumericComparator: float division by zero
[WARNING] root - Error in NumericComparator: float division by zero
[WARNING] root - Error in NumericComparator: float division by zero
[WARNING] root - Error in NumericComparator: float division by zero
[WARNING] root - Error in NumericComparator: float division by zero
[WARNING] root - Error in NumericComparator: float division by zero
[WARNING] root - Error in NumericComparator: float division by zero
[WARNING] root - Error in NumericComparator: float division by zero
[WARNING] root - Error in NumericComparator: float division by zero
[WARNING] root - Error in NumericComparator: float division by zero
[WARNING] root - Error in NumericComparator: float division by zero
[WARNING] root - Error in NumericComparator: float division by zero
[WARNING] root - Error in NumericComparator: float division by zero
[WARNING] root - Error in NumericComparator: float division by zero
[WARNING] root - Error in NumericComparator: float division by zero
[WARNING] root - Error in NumericComparator: float division by zero
[WARNING] root - Error in NumericComparator: float division by zero
[WARNING] root - Error in NumericComparator: float division by zero
[WARNING] root - Error in NumericComparator: float division by zero
[WARNING] root - Error in NumericComparator: float division by zero
[WARNING] root - Error in NumericComparator: float division by zero
[WARNING] root - Error in NumericComparator: float division by zero
[WARNING] root - Error in NumericComparator: float division by zero
[WARNING] root - Error in NumericComparator: float division by zero
[WARNING] root - Error in NumericComparator: float division by zero
[WARNING] root - Error in NumericComparator: float division by zero
[WARNING] root - Error in NumericComparator: float division by zero
[WARNING] root - Error in NumericComparator: float division by zero
[WARNING] root - Error in NumericComparator: float division by zero
[WARNING] root - Error in NumericComparator: float division by zero
[WARNING] root - Error in NumericComparator: float division by zero
[WARNING] root - Error in NumericComparator: float division by zero
[WARNING] root - Error in NumericComparator: float division by zero
[WARNING] root - Error in NumericComparator: float division by zero
[WARNING] root - Error in NumericComparator: float division by zero
[WARNING] root - Error in NumericComparator: float division by zero
[WARNING] root - Error in NumericComparator: float division by zero
[WARNING] root - Error in NumericComparator: float division by zero
[WARNING] root - Error in NumericComparator: float division by zero
[WARNING] root - Error in NumericComparator: float division by zero
[WARNING] root - Error in NumericComparator: float division by zero
[WARNING] root - Error in NumericComparator: float division by zero
[WARNING] root - Error in NumericComparator: float division by zero
[WARNING] root - Error in NumericComparator: float division by zero
[WARNING] root - Error in NumericComparator: float division by zero
[WARNING] root - Error in NumericComparator: float division by zero
[WARNING] root - Error in NumericComparator: float division by zero
[WARNING] root - Error in NumericComparator: float division by zero
[WARNING] root - Error in NumericComparator: float division by zero
[WARNING] root - Error in NumericComparator: float division by zero
[WARNING] root - Error in NumericComparator: float division by zero
[WARNING] root - Error in NumericComparator: float division by zero
[WARNING] root - Error in NumericComparator: float division by zero
[WARNING] root - Error in NumericComparator: float division by zero
[WARNING] root - Error in NumericComparator: float division by zero
[WARNING] root - Error in NumericComparator: float division by zero
[WARNING] root - Error in NumericComparator: float division by zero
[WARNING] root - Error in NumericComparator: float division by zero
[WARNING] root - Error in NumericComparator: float division by zero
[WARNING] root - Error in NumericComparator: float division by zero
[WARNING] root - Error in NumericComparator: float division by zero
[WARNING] root - Error in NumericComparator: float division by zero
[WARNING] root - Error in NumericComparator: float division by zero
[WARNING] root - Error in NumericComparator: float division by zero
[WARNING] root - Error in NumericComparator: float division by zero
[WARNING] root - Error in NumericComparator: float division by zero
[WARNING] root - Error in NumericComparator: float division by zero
[WARNING] root - Error in NumericComparator: float division by zero
[WARNING] root - Error in NumericComparator: float division by zero
[WARNING] root - Error in NumericComparator: float division by zero
[WARNING] root - Error in NumericComparator: float division by zero
[WARNING] root - Error in NumericComparator: float division by zero
[WARNING] root - Error in NumericComparator: float division by zero
[WARNING] root - Error in NumericComparator: float division by zero
[WARNING] root - Error in NumericComparator: float division by zero
[WARNING] root - Error in NumericComparator: float division by zero
[WARNING] root - Error in NumericComparator: float division by zero
[WARNING] root - Error in NumericComparator: float division by zero
[WARNING] root - Error in NumericComparator: float division by zero
[WARNING] root - Error in NumericComparator: float division by zero
[WARNING] root - Error in NumericComparator: float division by zero
[WARNING] root - Error in NumericComparator: float division by zero
[WARNING] root - Error in NumericComparator: float division by zero
[WARNING] root - Error in NumericComparator: float division by zero
[WARNING] root - Error in NumericComparator: float division by zero
[WARNING] root - Error in NumericComparator: float division by zero
[WARNING] root - Error in NumericComparator: float division by zero
[WARNING] root - Error in NumericComparator: float division by zero
[WARNING] root - Error in NumericComparator: float division by zero
[WARNING] root - Error in NumericComparator: float division by zero
[WARNING] root - Error in NumericComparator: float division by zero
[WARNING] root - Error in NumericComparator: float division by zero
[WARNING] root - Error in NumericComparator: float division by zero
[WARNING] root - Error in NumericComparator: float division by zero
[WARNING] root - Error in NumericComparator: float division by zero
[WARNING] root - Error in NumericComparator: float division by zero
[WARNING] root - Error in NumericComparator: float division by zero
[WARNING] root - Error in NumericComparator: float division by zero
[WARNING] root - Error in NumericComparator: float division by zero
[WARNING] root - Error in NumericComparator: float division by zero
[WARNING] root - Error in NumericComparator: float division by zero
[WARNING] root - Error in NumericComparator: float division by zero
[WARNING] root - Error in NumericComparator: float division by zero
[WARNING] root - Error in NumericComparator: float division by zero
[WARNING] root - Error in NumericComparator: float division by zero
[WARNING] root - Error in NumericComparator: float division by zero
[WARNING] root - Error in NumericComparator: float division by zero
[WARNING] root - Error in NumericComparator: float division by zero
[WARNING] root - Error in NumericComparator: float division by zero
[WARNING] root - Error in NumericComparator: float division by zero
[WARNING] root - Error in NumericComparator: float division by zero
[WARNING] root - Error in NumericComparator: float division by zero
[WARNING] root - Error in NumericComparator: float division by zero
[WARNING] root - Error in NumericComparator: float division by zero
[WARNING] root - Error in NumericComparator: float division by zero
[WARNING] root - Error in NumericComparator: float division by zero
[WARNING] root - Error in NumericComparator: float division by zero
[WARNING] root - Error in NumericComparator: float division by zero
[WARNING] root - Error in NumericComparator: float division by zero
[WARNING] root - Error in NumericComparator: float division by zero
[WARNING] root - Error in NumericComparator: float division by zero
[WARNING] root - Error in NumericComparator: float division by zero
[WARNING] root - Error in NumericComparator: float division by zero
[WARNING] root - Error in NumericComparator: float division by zero
[WARNING] root - Error in NumericComparator: float division by zero
[WARNING] root - Error in NumericComparator: float division by zero
[WARNING] root - Error in NumericComparator: float division by zero
[WARNING] root - Error in NumericComparator: float division by zero
[WARNING] root - Error in NumericComparator: float division by zero
[WARNING] root - Error in NumericComparator: float division by zero
[WARNING] root - Error in NumericComparator: float division by zero
[WARNING] root - Error in NumericComparator: float division by zero
[WARNING] root - Error in NumericComparator: float division by zero
[WARNING] root - Error in NumericComparator: float division by zero
[WARNING] root - Error in NumericComparator: float division by zero
[WARNING] root - Error in NumericComparator: float division by zero
[WARNING] root - Error in NumericComparator: float division by zero
[WARNING] root - Error in NumericComparator: float division by zero
[WARNING] root - Error in NumericComparator: float division by zero
[WARNING] root - Error in NumericComparator: float division by zero
[WARNING] root - Error in NumericComparator: float division by zero
[WARNING] root - Error in NumericComparator: float division by zero
[WARNING] root - Error in NumericComparator: float division by zero
[WARNING] root - Error in NumericComparator: float division by zero
[WARNING] root - Error in NumericComparator: float division by zero
[WARNING] root - Error in NumericComparator: float division by zero
[WARNING] root - Error in NumericComparator: float division by zero
[WARNING] root - Error in NumericComparator: float division by zero
[WARNING] root - Error in NumericComparator: float division by zero
[WARNING] root - Error in NumericComparator: float division by zero
[WARNING] root - Error in NumericComparator: float division by zero
[WARNING] root - Error in NumericComparator: float division by zero
[WARNING] root - Error in NumericComparator: float division by zero
[WARNING] root - Error in NumericComparator: float division by zero
[WARNING] root - Error in NumericComparator: float division by zero
[WARNING] root - Error in NumericComparator: float division by zero
[WARNING] root - Error in NumericComparator: float division by zero
[WARNING] root - Error in NumericComparator: float division by zero
[WARNING] root - Error in NumericComparator: float division by zero
[WARNING] root - Error in NumericComparator: float division by zero
[WARNING] root - Error in NumericComparator: float division by zero
[WARNING] root - Error in NumericComparator: float division by zero
[WARNING] root - Error in NumericComparator: float division by zero
[WARNING] root - Error in NumericComparator: float division by zero
[WARNING] root - Error in NumericComparator: float division by zero
[WARNING] root - Error in NumericComparator: float division by zero
[WARNING] root - Error in NumericComparator: float division by zero
[WARNING] root - Error in NumericComparator: float division by zero
[WARNING] root - Error in NumericComparator: float division by zero
[WARNING] root - Error in NumericComparator: float division by zero
[WARNING] root - Error in NumericComparator: float division by zero
[WARNING] root - Error in NumericComparator: float division by zero
[WARNING] root - Error in NumericComparator: float division by zero
[WARNING] root - Error in NumericComparator: float division by zero
[WARNING] root - Error in NumericComparator: float division by zero
[WARNING] root - Error in NumericComparator: float division by zero
[WARNING] root - Error in NumericComparator: float division by zero
[WARNING] root - Error in NumericComparator: float division by zero
[WARNING] root - Error in NumericComparator: float division by zero
[WARNING] root - Error in NumericComparator: float division by zero
[WARNING] root - Error in NumericComparator: float division by zero
[WARNING] root - Error in NumericComparator: float division by zero
[WARNING] root - Error in NumericComparator: float division by zero
[WARNING] root - Error in NumericComparator: float division by zero
[WARNING] root - Error in NumericComparator: float division by zero
[WARNING] root - Error in NumericComparator: float division by zero
[WARNING] root - Error in NumericComparator: float division by zero
[WARNING] root - Error in NumericComparator: float division by zero
[WARNING] root - Error in NumericComparator: float division by zero
[WARNING] root - Error in NumericComparator: float division by zero
[WARNING] root - Error in NumericComparator: float division by zero
[WARNING] root - Error in NumericComparator: float division by zero
[WARNING] root - Error in NumericComparator: float division by zero
[WARNING] root - Error in NumericComparator: float division by zero
[WARNING] root - Error in NumericComparator: float division by zero
[WARNING] root - Error in NumericComparator: float division by zero
[WARNING] root - Error in NumericComparator: float division by zero
[WARNING] root - Error in NumericComparator: float division by zero
[WARNING] root - Error in NumericComparator: float division by zero
[WARNING] root - Error in NumericComparator: float division by zero
[WARNING] root - Error in NumericComparator: float division by zero
[WARNING] root - Error in NumericComparator: float division by zero
[WARNING] root - Error in NumericComparator: float division by zero
[WARNING] root - Error in NumericComparator: float division by zero
[WARNING] root - Error in NumericComparator: float division by zero
[WARNING] root - Error in NumericComparator: float division by zero
[WARNING] root - Error in NumericComparator: float division by zero
[WARNING] root - Error in NumericComparator: float division by zero
[WARNING] root - Error in NumericComparator: float division by zero
[WARNING] root - Error in NumericComparator: float division by zero
[WARNING] root - Error in NumericComparator: float division by zero
[WARNING] root - Error in NumericComparator: float division by zero
[WARNING] root - Error in NumericComparator: float division by zero
[WARNING] root - Error in NumericComparator: float division by zero
[WARNING] root - Error in NumericComparator: float division by zero
[WARNING] root - Error in NumericComparator: float division by zero
[WARNING] root - Error in NumericComparator: float division by zero
[WARNING] root - Error in NumericComparator: float division by zero
[WARNING] root - Error in NumericComparator: float division by zero
[WARNING] root - Error in NumericComparator: float division by zero
[WARNING] root - Error in NumericComparator: float division by zero
[WARNING] root - Error in NumericComparator: float division by zero
[WARNING] root - Error in NumericComparator: float division by zero
[WARNING] root - Error in NumericComparator: float division by zero
[WARNING] root - Error in NumericComparator: float division by zero
[WARNING] root - Error in NumericComparator: float division by zero
[WARNING] root - Error in NumericComparator: float division by zero
[WARNING] root - Error in NumericComparator: float division by zero
[WARNING] root - Error in NumericComparator: float division by zero
[WARNING] root - Error in NumericComparator: float division by zero
[WARNING] root - Error in NumericComparator: float division by zero
[WARNING] root - Error in NumericComparator: float division by zero
[WARNING] root - Error in NumericComparator: float division by zero
[WARNING] root - Error in NumericComparator: float division by zero
[WARNING] root - Error in NumericComparator: float division by zero
[WARNING] root - Error in NumericComparator: float division by zero
[WARNING] root - Error in NumericComparator: float division by zero
[WARNING] root - Error in NumericComparator: float division by zero
[WARNING] root - Error in NumericComparator: float division by zero
[WARNING] root - Error in NumericComparator: float division by zero
[WARNING] root - Error in NumericComparator: float division by zero
[WARNING] root - Error in NumericComparator: float division by zero
[WARNING] root - Error in NumericComparator: float division by zero
[WARNING] root - Error in NumericComparator: float division by zero
[WARNING] root - Error in NumericComparator: float division by zero
[WARNING] root - Error in NumericComparator: float division by zero
[WARNING] root - Error in NumericComparator: float division by zero
[WARNING] root - Error in NumericComparator: float division by zero
[WARNING] root - Error in NumericComparator: float division by zero
[WARNING] root - Error in NumericComparator: float division by zero
[WARNING] root - Error in NumericComparator: float division by zero
[WARNING] root - Error in NumericComparator: float division by zero
[WARNING] root - Error in NumericComparator: float division by zero
[WARNING] root - Error in NumericComparator: float division by zero
[WARNING] root - Error in NumericComparator: float division by zero
[WARNING] root - Error in NumericComparator: float division by zero
[WARNING] root - Error in NumericComparator: float division by zero
[WARNING] root - Error in NumericComparator: float division by zero
[WARNING] root - Error in NumericComparator: float division by zero
[WARNING] root - Error in NumericComparator: float division by zero
[WARNING] root - Error in NumericComparator: float division by zero
[WARNING] root - Error in NumericComparator: float division by zero
[WARNING] root - Error in NumericComparator: float division by zero
[WARNING] root - Error in NumericComparator: float division by zero
[WARNING] root - Error in NumericComparator: float division by zero
[WARNING] root - Error in NumericComparator: float division by zero
[WARNING] root - Error in NumericComparator: float division by zero
[WARNING] root - Error in NumericComparator: float division by zero
[WARNING] root - Error in NumericComparator: float division by zero
[WARNING] root - Error in NumericComparator: float division by zero
[WARNING] root - Error in NumericComparator: float division by zero
[WARNING] root - Error in NumericComparator: float division by zero
[WARNING] root - Error in NumericComparator: float division by zero
[WARNING] root - Error in NumericComparator: float division by zero
[WARNING] root - Error in NumericComparator: float division by zero
[WARNING] root - Error in NumericComparator: float division by zero
[WARNING] root - Error in NumericComparator: float division by zero
[WARNING] root - Error in NumericComparator: float division by zero
[WARNING] root - Error in NumericComparator: float division by zero
[WARNING] root - Error in NumericComparator: float division by zero
[WARNING] root - Error in NumericComparator: float division by zero
[WARNING] root - Error in NumericComparator: float division by zero
[WARNING] root - Error in NumericComparator: float division by zero
[WARNING] root - Error in NumericComparator: float division by zero
[WARNING] root - Error in NumericComparator: float division by zero
[WARNING] root - Error in NumericComparator: float division by zero
[WARNING] root - Error in NumericComparator: float division by zero
[WARNING] root - Error in NumericComparator: float division by zero
[WARNING] root - Error in NumericComparator: float division by zero
[WARNING] root - Error in NumericComparator: float division by zero
[WARNING] root - Error in NumericComparator: float division by zero
[WARNING] root - Error in NumericComparator: float division by zero
[WARNING] root - Error in NumericComparator: float division by zero
[WARNING] root - Error in NumericComparator: float division by zero
[WARNING] root - Error in NumericComparator: float division by zero
[WARNING] root - Error in NumericComparator: float division by zero
[WARNING] root - Error in NumericComparator: float division by zero
[WARNING] root - Error in NumericComparator: float division by zero
[WARNING] root - Error in NumericComparator: float division by zero
[WARNING] root - Error in NumericComparator: float division by zero
[WARNING] root - Error in NumericComparator: float division by zero
[WARNING] root - Error in NumericComparator: float division by zero
[WARNING] root - Error in NumericComparator: float division by zero
[WARNING] root - Error in NumericComparator: float division by zero
[WARNING] root - Error in NumericComparator: float division by zero
[WARNING] root - Error in NumericComparator: float division by zero
[WARNING] root - Error in NumericComparator: float division by zero
[WARNING] root - Error in NumericComparator: float division by zero
[WARNING] root - Error in NumericComparator: float division by zero
[WARNING] root - Error in NumericComparator: float division by zero
[WARNING] root - Error in NumericComparator: float division by zero
[WARNING] root - Error in NumericComparator: float division by zero
[WARNING] root - Error in NumericComparator: float division by zero
[WARNING] root - Error in NumericComparator: float division by zero
[WARNING] root - Error in NumericComparator: float division by zero
[WARNING] root - Error in NumericComparator: float division by zero
[WARNING] root - Error in NumericComparator: float division by zero
[WARNING] root - Error in NumericComparator: float division by zero
[WARNING] root - Error in NumericComparator: float division by zero
[WARNING] root - Error in NumericComparator: float division by zero
[WARNING] root - Error in NumericComparator: float division by zero
[WARNING] root - Error in NumericComparator: float division by zero
[WARNING] root - Error in NumericComparator: float division by zero
[WARNING] root - Error in NumericComparator: float division by zero
[WARNING] root - Error in NumericComparator: float division by zero
[WARNING] root - Error in NumericComparator: float division by zero
[WARNING] root - Error in NumericComparator: float division by zero
[WARNING] root - Error in NumericComparator: float division by zero
[WARNING] root - Error in NumericComparator: float division by zero
[WARNING] root - Error in NumericComparator: float division by zero
[WARNING] root - Error in NumericComparator: float division by zero
[WARNING] root - Error in NumericComparator: float division by zero
[WARNING] root - Error in NumericComparator: float division by zero
[WARNING] root - Error in NumericComparator: float division by zero
[WARNING] root - Error in NumericComparator: float division by zero
[WARNING] root - Error in NumericComparator: float division by zero
[WARNING] root - Error in NumericComparator: float division by zero
[WARNING] root - Error in NumericComparator: float division by zero
[WARNING] root - Error in NumericComparator: float division by zero
[WARNING] root - Error in NumericComparator: float division by zero
[WARNING] root - Error in NumericComparator: float division by zero
[WARNING] root - Error in NumericComparator: float division by zero
[WARNING] root - Error in NumericComparator: float division by zero
[WARNING] root - Error in NumericComparator: float division by zero
[WARNING] root - Error in NumericComparator: float division by zero
[WARNING] root - Error in NumericComparator: float division by zero
[WARNING] root - Error in NumericComparator: float division by zero
[WARNING] root - Error in NumericComparator: float division by zero
[WARNING] root - Error in NumericComparator: float division by zero
[WARNING] root - Error in NumericComparator: float division by zero
[WARNING] root - Error in NumericComparator: float division by zero
[WARNING] root - Error in NumericComparator: float division by zero
[WARNING] root - Error in NumericComparator: float division by zero
[WARNING] root - Error in NumericComparator: float division by zero
[WARNING] root - Error in NumericComparator: float division by zero
[WARNING] root - Error in NumericComparator: float division by zero
[WARNING] root - Error in NumericComparator: float division by zero
[WARNING] root - Error in NumericComparator: float division by zero
[WARNING] root - Error in NumericComparator: float division by zero
[WARNING] root - Error in NumericComparator: float division by zero
[WARNING] root - Error in NumericComparator: float division by zero
[WARNING] root - Error in NumericComparator: float division by zero
[WARNING] root - Error in NumericComparator: float division by zero
[WARNING] root - Error in NumericComparator: float division by zero
[WARNING] root - Error in NumericComparator: float division by zero
[WARNING] root - Error in NumericComparator: float division by zero
[WARNING] root - Error in NumericComparator: float division by zero
[WARNING] root - Error in NumericComparator: float division by zero
[WARNING] root - Error in NumericComparator: float division by zero
[WARNING] root - Error in NumericComparator: float division by zero
[WARNING] root - Error in NumericComparator: float division by zero
[WARNING] root - Error in NumericComparator: float division by zero
[WARNING] root - Error in NumericComparator: float division by zero
[WARNING] root - Error in NumericComparator: float division by zero
[WARNING] root - Error in NumericComparator: float division by zero
[WARNING] root - Error in NumericComparator: float division by zero
[WARNING] root - Error in NumericComparator: float division by zero
[WARNING] root - Error in NumericComparator: float division by zero
[WARNING] root - Error in NumericComparator: float division by zero
[WARNING] root - Error in NumericComparator: float division by zero
[WARNING] root - Error in NumericComparator: float division by zero
[WARNING] root - Error in NumericComparator: float division by zero
[WARNING] root - Error in NumericComparator: float division by zero
[WARNING] root - Error in NumericComparator: float division by zero
[WARNING] root - Error in NumericComparator: float division by zero
[WARNING] root - Error in NumericComparator: float division by zero
[WARNING] root - Error in NumericComparator: float division by zero
[WARNING] root - Error in NumericComparator: float division by zero
[WARNING] root - Error in NumericComparator: float division by zero
[WARNING] root - Error in NumericComparator: float division by zero
[WARNING] root - Error in NumericComparator: float division by zero
[WARNING] root - Error in NumericComparator: float division by zero
[WARNING] root - Error in NumericComparator: float division by zero
[WARNING] root - Error in NumericComparator: float division by zero
[WARNING] root - Error in NumericComparator: float division by zero
[WARNING] root - Error in NumericComparator: float division by zero
[WARNING] root - Error in NumericComparator: float division by zero
[WARNING] root - Error in NumericComparator: float division by zero
[WARNING] root - Error in NumericComparator: float division by zero
[WARNING] root - Error in NumericComparator: float division by zero
[WARNING] root - Error in NumericComparator: float division by zero
[WARNING] root - Error in NumericComparator: float division by zero
[WARNING] root - Error in NumericComparator: float division by zero
[WARNING] root - Error in NumericComparator: float division by zero
[WARNING] root - Error in NumericComparator: float division by zero
[WARNING] root - Error in NumericComparator: float division by zero
[WARNING] root - Error in NumericComparator: float division by zero
[WARNING] root - Error in NumericComparator: float division by zero
[WARNING] root - Error in NumericComparator: float division by zero
[WARNING] root - Error in NumericComparator: float division by zero
[WARNING] root - Error in NumericComparator: float division by zero
[WARNING] root - Error in NumericComparator: float division by zero
[WARNING] root - Error in NumericComparator: float division by zero
[WARNING] root - Error in NumericComparator: float division by zero
[WARNING] root - Error in NumericComparator: float division by zero
[WARNING] root - Error in NumericComparator: float division by zero
[WARNING] root - Error in NumericComparator: float division by zero
[WARNING] root - Error in NumericComparator: float division by zero
[WARNING] root - Error in NumericComparator: float division by zero
[WARNING] root - Error in NumericComparator: float division by zero
[WARNING] root - Error in NumericComparator: float division by zero
[WARNING] root - Error in NumericComparator: float division by zero
[WARNING] root - Error in NumericComparator: float division by zero
[WARNING] root - Error in NumericComparator: float division by zero
[WARNING] root - Error in NumericComparator: float division by zero
[WARNING] root - Error in NumericComparator: float division by zero
[WARNING] root - Error in NumericComparator: float division by zero
[WARNING] root - Error in NumericComparator: float division by zero
[WARNING] root - Error in NumericComparator: float division by zero
[WARNING] root - Error in NumericComparator: float division by zero
[WARNING] root - Error in NumericComparator: float division by zero
[WARNING] root - Error in NumericComparator: float division by zero
[WARNING] root - Error in NumericComparator: float division by zero
[WARNING] root - Error in NumericComparator: float division by zero
[WARNING] root - Error in NumericComparator: float division by zero
[WARNING] root - Error in NumericComparator: float division by zero
[WARNING] root - Error in NumericComparator: float division by zero
[WARNING] root - Error in NumericComparator: float division by zero
[WARNING] root - Error in NumericComparator: float division by zero
[WARNING] root - Error in NumericComparator: float division by zero
[WARNING] root - Error in NumericComparator: float division by zero
[WARNING] root - Error in NumericComparator: float division by zero
[WARNING] root - Error in NumericComparator: float division by zero
[WARNING] root - Error in NumericComparator: float division by zero
[WARNING] root - Error in NumericComparator: float division by zero
[WARNING] root - Error in NumericComparator: float division by zero
[WARNING] root - Error in NumericComparator: float division by zero
[WARNING] root - Error in NumericComparator: float division by zero
[WARNING] root - Error in NumericComparator: float division by zero
[WARNING] root - Error in NumericComparator: float division by zero
[WARNING] root - Error in NumericComparator: float division by zero
[WARNING] root - Error in NumericComparator: float division by zero
[WARNING] root - Error in NumericComparator: float division by zero
[WARNING] root - Error in NumericComparator: float division by zero
[WARNING] root - Error in NumericComparator: float division by zero
[WARNING] root - Error in NumericComparator: float division by zero
[WARNING] root - Error in NumericComparator: float division by zero
[WARNING] root - Error in NumericComparator: float division by zero
[WARNING] root - Error in NumericComparator: float division by zero
[WARNING] root - Error in NumericComparator: float division by zero
[WARNING] root - Error in NumericComparator: float division by zero
[WARNING] root - Error in NumericComparator: float division by zero
[WARNING] root - Error in NumericComparator: float division by zero
[WARNING] root - Error in NumericComparator: float division by zero
[WARNING] root - Error in NumericComparator: float division by zero
[WARNING] root - Error in NumericComparator: float division by zero
[WARNING] root - Error in NumericComparator: float division by zero
[WARNING] root - Error in NumericComparator: float division by zero
[WARNING] root - Error in NumericComparator: float division by zero
[WARNING] root - Error in NumericComparator: float division by zero
[WARNING] root - Error in NumericComparator: float division by zero
[WARNING] root - Error in NumericComparator: float division by zero
[WARNING] root - Error in NumericComparator: float division by zero
[WARNING] root - Error in NumericComparator: float division by zero
[WARNING] root - Error in NumericComparator: float division by zero
[WARNING] root - Error in NumericComparator: float division by zero
[WARNING] root - Error in NumericComparator: float division by zero
[WARNING] root - Error in NumericComparator: float division by zero
[WARNING] root - Error in NumericComparator: float division by zero
[WARNING] root - Error in NumericComparator: float division by zero
[WARNING] root - Error in NumericComparator: float division by zero
[WARNING] root - Error in NumericComparator: float division by zero
[WARNING] root - Error in NumericComparator: float division by zero
[WARNING] root - Error in NumericComparator: float division by zero
[WARNING] root - Error in NumericComparator: float division by zero
[WARNING] root - Error in NumericComparator: float division by zero
[WARNING] root - Error in NumericComparator: float division by zero
[WARNING] root - Error in NumericComparator: float division by zero
[WARNING] root - Error in NumericComparator: float division by zero
[WARNING] root - Error in NumericComparator: float division by zero
[WARNING] root - Error in NumericComparator: float division by zero
[WARNING] root - Error in NumericComparator: float division by zero
[WARNING] root - Error in NumericComparator: float division by zero
[WARNING] root - Error in NumericComparator: float division by zero
[WARNING] root - Error in NumericComparator: float division by zero
[WARNING] root - Error in NumericComparator: float division by zero
[WARNING] root - Error in NumericComparator: float division by zero
[WARNING] root - Error in NumericComparator: float division by zero
[WARNING] root - Error in NumericComparator: float division by zero
[WARNING] root - Error in NumericComparator: float division by zero
[WARNING] root - Error in NumericComparator: float division by zero
[WARNING] root - Error in NumericComparator: float division by zero
[WARNING] root - Error in NumericComparator: float division by zero
[WARNING] root - Error in NumericComparator: float division by zero
[WARNING] root - Error in NumericComparator: float division by zero
[WARNING] root - Error in NumericComparator: float division by zero
[WARNING] root - Error in NumericComparator: float division by zero
[WARNING] root - Error in NumericComparator: float division by zero
[WARNING] root - Error in NumericComparator: float division by zero
[WARNING] root - Error in NumericComparator: float division by zero
[WARNING] root - Error in NumericComparator: float division by zero
[WARNING] root - Error in NumericComparator: float division by zero
[WARNING] root - Error in NumericComparator: float division by zero
[WARNING] root - Error in NumericComparator: float division by zero
[WARNING] root - Error in NumericComparator: float division by zero
[WARNING] root - Error in NumericComparator: float division by zero
[WARNING] root - Error in NumericComparator: float division by zero
[WARNING] root - Error in NumericComparator: float division by zero
[WARNING] root - Error in NumericComparator: float division by zero
[WARNING] root - Error in NumericComparator: float division by zero
[WARNING] root - Error in NumericComparator: float division by zero
[WARNING] root - Error in NumericComparator: float division by zero
[WARNING] root - Error in NumericComparator: float division by zero
[WARNING] root - Error in NumericComparator: float division by zero
[WARNING] root - Error in NumericComparator: float division by zero
[WARNING] root - Error in NumericComparator: float division by zero
[WARNING] root - Error in NumericComparator: float division by zero
[WARNING] root - Error in NumericComparator: float division by zero
[WARNING] root - Error in NumericComparator: float division by zero
[WARNING] root - Error in NumericComparator: float division by zero
[WARNING] root - Error in NumericComparator: float division by zero
[WARNING] root - Error in NumericComparator: float division by zero
[WARNING] root - Error in NumericComparator: float division by zero
[WARNING] root - Error in NumericComparator: float division by zero
[WARNING] root - Error in NumericComparator: float division by zero
[WARNING] root - Error in NumericComparator: float division by zero
[WARNING] root - Error in NumericComparator: float division by zero
[WARNING] root - Error in NumericComparator: float division by zero
[WARNING] root - Error in NumericComparator: float division by zero
[WARNING] root - Error in NumericComparator: float division by zero
[WARNING] root - Error in NumericComparator: float division by zero
[WARNING] root - Error in NumericComparator: float division by zero
[WARNING] root - Error in NumericComparator: float division by zero
[WARNING] root - Error in NumericComparator: float division by zero
[WARNING] root - Error in NumericComparator: float division by zero
[WARNING] root - Error in NumericComparator: float division by zero
[WARNING] root - Error in NumericComparator: float division by zero
[WARNING] root - Error in NumericComparator: float division by zero
[WARNING] root - Error in NumericComparator: float division by zero
[WARNING] root - Error in NumericComparator: float division by zero
[WARNING] root - Error in NumericComparator: float division by zero
[WARNING] root - Error in NumericComparator: float division by zero
[WARNING] root - Error in NumericComparator: float division by zero
[WARNING] root - Error in NumericComparator: float division by zero
[WARNING] root - Error in NumericComparator: float division by zero
[WARNING] root - Error in NumericComparator: float division by zero
[WARNING] root - Error in NumericComparator: float division by zero
[WARNING] root - Error in NumericComparator: float division by zero
[WARNING] root - Error in NumericComparator: float division by zero
[WARNING] root - Error in NumericComparator: float division by zero
[WARNING] root - Error in NumericComparator: float division by zero
[WARNING] root - Error in NumericComparator: float division by zero
[WARNING] root - Error in NumericComparator: float division by zero
[WARNING] root - Error in NumericComparator: float division by zero
[WARNING] root - Error in NumericComparator: float division by zero
[WARNING] root - Error in NumericComparator: float division by zero
[WARNING] root - Error in NumericComparator: float division by zero
[WARNING] root - Error in NumericComparator: float division by zero
[WARNING] root - Error in NumericComparator: float division by zero
[WARNING] root - Error in NumericComparator: float division by zero
[WARNING] root - Error in NumericComparator: float division by zero
[WARNING] root - Error in NumericComparator: float division by zero
[WARNING] root - Error in NumericComparator: float division by zero
[WARNING] root - Error in NumericComparator: float division by zero
[WARNING] root - Error in NumericComparator: float division by zero
[WARNING] root - Error in NumericComparator: float division by zero
[WARNING] root - Error in NumericComparator: float division by zero
[WARNING] root - Error in NumericComparator: float division by zero
[WARNING] root - Error in NumericComparator: float division by zero
[WARNING] root - Error in NumericComparator: float division by zero
[WARNING] root - Error in NumericComparator: float division by zero
[WARNING] root - Error in NumericComparator: float division by zero
[WARNING] root - Error in NumericComparator: float division by zero
[WARNING] root - Error in NumericComparator: float division by zero
[WARNING] root - Error in NumericComparator: float division by zero
[WARNING] root - Error in NumericComparator: float division by zero
[WARNING] root - Error in NumericComparator: float division by zero
[WARNING] root - Error in NumericComparator: float division by zero
[WARNING] root - Error in NumericComparator: float division by zero
[WARNING] root - Error in NumericComparator: float division by zero
[WARNING] root - Error in NumericComparator: float division by zero
[WARNING] root - Error in NumericComparator: float division by zero
[WARNING] root - Error in NumericComparator: float division by zero
[WARNING] root - Error in NumericComparator: float division by zero
[WARNING] root - Error in NumericComparator: float division by zero
[WARNING] root - Error in NumericComparator: float division by zero
[WARNING] root - Error in NumericComparator: float division by zero
[WARNING] root - Error in NumericComparator: float division by zero
[WARNING] root - Error in NumericComparator: float division by zero
[WARNING] root - Error in NumericComparator: float division by zero
[WARNING] root - Error in NumericComparator: float division by zero
[WARNING] root - Error in NumericComparator: float division by zero
[WARNING] root - Error in NumericComparator: float division by zero
[WARNING] root - Error in NumericComparator: float division by zero
[WARNING] root - Error in NumericComparator: float division by zero
[WARNING] root - Error in NumericComparator: float division by zero
[WARNING] root - Error in NumericComparator: float division by zero
[WARNING] root - Error in NumericComparator: float division by zero
[WARNING] root - Error in NumericComparator: float division by zero
[WARNING] root - Error in NumericComparator: float division by zero
[WARNING] root - Error in NumericComparator: float division by zero
[WARNING] root - Error in NumericComparator: float division by zero
[WARNING] root - Error in NumericComparator: float division by zero
[WARNING] root - Error in NumericComparator: float division by zero
[WARNING] root - Error in NumericComparator: float division by zero
[WARNING] root - Error in NumericComparator: float division by zero
[WARNING] root - Error in NumericComparator: float division by zero
[WARNING] root - Error in NumericComparator: float division by zero
[WARNING] root - Error in NumericComparator: float division by zero
[WARNING] root - Error in NumericComparator: float division by zero
[WARNING] root - Error in NumericComparator: float division by zero
[WARNING] root - Error in NumericComparator: float division by zero
[WARNING] root - Error in NumericComparator: float division by zero
[WARNING] root - Error in NumericComparator: float division by zero
[WARNING] root - Error in NumericComparator: float division by zero
[WARNING] root - Error in NumericComparator: float division by zero
[WARNING] root - Error in NumericComparator: float division by zero
[WARNING] root - Error in NumericComparator: float division by zero
[WARNING] root - Error in NumericComparator: float division by zero
[WARNING] root - Error in NumericComparator: float division by zero
[WARNING] root - Error in NumericComparator: float division by zero
[WARNING] root - Error in NumericComparator: float division by zero
[WARNING] root - Error in NumericComparator: float division by zero
[WARNING] root - Error in NumericComparator: float division by zero
[WARNING] root - Error in NumericComparator: float division by zero
[WARNING] root - Error in NumericComparator: float division by zero
[WARNING] root - Error in NumericComparator: float division by zero
[WARNING] root - Error in NumericComparator: float division by zero
[WARNING] root - Error in NumericComparator: float division by zero
[WARNING] root - Error in NumericComparator: float division by zero
[WARNING] root - Error in NumericComparator: float division by zero
[WARNING] root - Error in NumericComparator: float division by zero
[WARNING] root - Error in NumericComparator: float division by zero
[WARNING] root - Error in NumericComparator: float division by zero
[WARNING] root - Error in NumericComparator: float division by zero
[WARNING] root - Error in NumericComparator: float division by zero
[WARNING] root - Error in NumericComparator: float division by zero
[WARNING] root - Error in NumericComparator: float division by zero
[WARNING] root - Error in NumericComparator: float division by zero
[WARNING] root - Error in NumericComparator: float division by zero
[WARNING] root - Error in NumericComparator: float division by zero
[WARNING] root - Error in NumericComparator: float division by zero
[WARNING] root - Error in NumericComparator: float division by zero
[WARNING] root - Error in NumericComparator: float division by zero
[WARNING] root - Error in NumericComparator: float division by zero
[WARNING] root - Error in NumericComparator: float division by zero
[WARNING] root - Error in NumericComparator: float division by zero
[WARNING] root - Error in NumericComparator: float division by zero
[WARNING] root - Error in NumericComparator: float division by zero
[WARNING] root - Error in NumericComparator: float division by zero
[WARNING] root - Error in NumericComparator: float division by zero
[WARNING] root - Error in NumericComparator: float division by zero
[WARNING] root - Error in NumericComparator: float division by zero
[WARNING] root - Error in NumericComparator: float division by zero
[WARNING] root - Error in NumericComparator: float division by zero
[WARNING] root - Error in NumericComparator: float division by zero
[WARNING] root - Error in NumericComparator: float division by zero
[WARNING] root - Error in NumericComparator: float division by zero
[WARNING] root - Error in NumericComparator: float division by zero
[WARNING] root - Error in NumericComparator: float division by zero
[WARNING] root - Error in NumericComparator: float division by zero
[WARNING] root - Error in NumericComparator: float division by zero
[WARNING] root - Error in NumericComparator: float division by zero
[WARNING] root - Error in NumericComparator: float division by zero
[WARNING] root - Error in NumericComparator: float division by zero
[WARNING] root - Error in NumericComparator: float division by zero
[WARNING] root - Error in NumericComparator: float division by zero
[WARNING] root - Error in NumericComparator: float division by zero
[WARNING] root - Error in NumericComparator: float division by zero
[WARNING] root - Error in NumericComparator: float division by zero
[WARNING] root - Error in NumericComparator: float division by zero
[WARNING] root - Error in NumericComparator: float division by zero
[WARNING] root - Error in NumericComparator: float division by zero
[WARNING] root - Error in NumericComparator: float division by zero
[WARNING] root - Error in NumericComparator: float division by zero
[WARNING] root - Error in NumericComparator: float division by zero
[WARNING] root - Error in NumericComparator: float division by zero
[WARNING] root - Error in NumericComparator: float division by zero
[WARNING] root - Error in NumericComparator: float division by zero
[WARNING] root - Error in NumericComparator: float division by zero
[WARNING] root - Error in NumericComparator: float division by zero
[WARNING] root - Error in NumericComparator: float division by zero
[WARNING] root - Error in NumericComparator: float division by zero
[WARNING] root - Error in NumericComparator: float division by zero
[WARNING] root - Error in NumericComparator: float division by zero
[WARNING] root - Error in NumericComparator: float division by zero
[WARNING] root - Error in NumericComparator: float division by zero
[WARNING] root - Error in NumericComparator: float division by zero
[WARNING] root - Error in NumericComparator: float division by zero
[WARNING] root - Error in NumericComparator: float division by zero
[WARNING] root - Error in NumericComparator: float division by zero
[WARNING] root - Error in NumericComparator: float division by zero
[WARNING] root - Error in NumericComparator: float division by zero
[WARNING] root - Error in NumericComparator: float division by zero
[WARNING] root - Error in NumericComparator: float division by zero
[WARNING] root - Error in NumericComparator: float division by zero
[WARNING] root - Error in NumericComparator: float division by zero
[WARNING] root - Error in NumericComparator: float division by zero
[WARNING] root - Error in NumericComparator: float division by zero
[WARNING] root - Error in NumericComparator: float division by zero
[WARNING] root - Error in NumericComparator: float division by zero
[WARNING] root - Error in NumericComparator: float division by zero
[WARNING] root - Error in NumericComparator: float division by zero
[WARNING] root - Error in NumericComparator: float division by zero
[WARNING] root - Error in NumericComparator: float division by zero
[WARNING] root - Error in NumericComparator: float division by zero
[WARNING] root - Error in NumericComparator: float division by zero
[WARNING] root - Error in NumericComparator: float division by zero
[WARNING] root - Error in NumericComparator: float division by zero
[WARNING] root - Error in NumericComparator: float division by zero
[WARNING] root - Error in NumericComparator: float division by zero
[WARNING] root - Error in NumericComparator: float division by zero
[WARNING] root - Error in NumericComparator: float division by zero
[WARNING] root - Error in NumericComparator: float division by zero
[WARNING] root - Error in NumericComparator: float division by zero
[WARNING] root - Error in NumericComparator: float division by zero
[WARNING] root - Error in NumericComparator: float division by zero
[WARNING] root - Error in NumericComparator: float division by zero
[WARNING] root - Error in NumericComparator: float division by zero
[WARNING] root - Error in NumericComparator: float division by zero
[WARNING] root - Error in NumericComparator: float division by zero
[WARNING] root - Error in NumericComparator: float division by zero
[WARNING] root - Error in NumericComparator: float division by zero
[WARNING] root - Error in NumericComparator: float division by zero
[WARNING] root - Error in NumericComparator: float division by zero
[WARNING] root - Error in NumericComparator: float division by zero
[WARNING] root - Error in NumericComparator: float division by zero
[WARNING] root - Error in NumericComparator: float division by zero
[WARNING] root - Error in NumericComparator: float division by zero
[WARNING] root - Error in NumericComparator: float division by zero
[WARNING] root - Error in NumericComparator: float division by zero
[WARNING] root - Error in NumericComparator: float division by zero
[WARNING] root - Error in NumericComparator: float division by zero
[WARNING] root - Error in NumericComparator: float division by zero
[WARNING] root - Error in NumericComparator: float division by zero
[WARNING] root - Error in NumericComparator: float division by zero
[WARNING] root - Error in NumericComparator: float division by zero
[WARNING] root - Error in NumericComparator: float division by zero
[WARNING] root - Error in NumericComparator: float division by zero
[WARNING] root - Error in NumericComparator: float division by zero
[WARNING] root - Error in NumericComparator: float division by zero
[WARNING] root - Error in NumericComparator: float division by zero
[WARNING] root - Error in NumericComparator: float division by zero
[WARNING] root - Error in NumericComparator: float division by zero
[WARNING] root - Error in NumericComparator: float division by zero
[WARNING] root - Error in NumericComparator: float division by zero
[WARNING] root - Error in NumericComparator: float division by zero
[WARNING] root - Error in NumericComparator: float division by zero
[WARNING] root - Error in NumericComparator: float division by zero
[WARNING] root - Error in NumericComparator: float division by zero
[WARNING] root - Error in NumericComparator: float division by zero
[WARNING] root - Error in NumericComparator: float division by zero
[WARNING] root - Error in NumericComparator: float division by zero
[WARNING] root - Error in NumericComparator: float division by zero
[WARNING] root - Error in NumericComparator: float division by zero
[WARNING] root - Error in NumericComparator: float division by zero
[WARNING] root - Error in NumericComparator: float division by zero
[WARNING] root - Error in NumericComparator: float division by zero
[WARNING] root - Error in NumericComparator: float division by zero
[WARNING] root - Error in NumericComparator: float division by zero
[WARNING] root - Error in NumericComparator: float division by zero
[WARNING] root - Error in NumericComparator: float division by zero
[WARNING] root - Error in NumericComparator: float division by zero
[WARNING] root - Error in NumericComparator: float division by zero
[WARNING] root - Error in NumericComparator: float division by zero
[WARNING] root - Error in NumericComparator: float division by zero
[WARNING] root - Error in NumericComparator: float division by zero
[WARNING] root - Error in NumericComparator: float division by zero
[WARNING] root - Error in NumericComparator: float division by zero
[WARNING] root - Error in NumericComparator: float division by zero
[WARNING] root - Error in NumericComparator: float division by zero
[WARNING] root - Error in NumericComparator: float division by zero
[WARNING] root - Error in NumericComparator: float division by zero
[WARNING] root - Error in NumericComparator: float division by zero
[WARNING] root - Error in NumericComparator: float division by zero
[WARNING] root - Error in NumericComparator: float division by zero
[WARNING] root - Error in NumericComparator: float division by zero
[WARNING] root - Error in NumericComparator: float division by zero
[WARNING] root - Error in NumericComparator: float division by zero
[WARNING] root - Error in NumericComparator: float division by zero
[WARNING] root - Error in NumericComparator: float division by zero
[WARNING] root - Error in NumericComparator: float division by zero
[WARNING] root - Error in NumericComparator: float division by zero
[WARNING] root - Error in NumericComparator: float division by zero
[WARNING] root - Error in NumericComparator: float division by zero
[WARNING] root - Error in NumericComparator: float division by zero
[WARNING] root - Error in NumericComparator: float division by zero
[WARNING] root - Error in NumericComparator: float division by zero
[WARNING] root - Error in NumericComparator: float division by zero
[WARNING] root - Error in NumericComparator: float division by zero
[WARNING] root - Error in NumericComparator: float division by zero
[WARNING] root - Error in NumericComparator: float division by zero
[WARNING] root - Error in NumericComparator: float division by zero
[WARNING] root - Error in NumericComparator: float division by zero
[WARNING] root - Error in NumericComparator: float division by zero
[WARNING] root - Error in NumericComparator: float division by zero
[WARNING] root - Error in NumericComparator: float division by zero
[WARNING] root - Error in NumericComparator: float division by zero
[WARNING] root - Error in NumericComparator: float division by zero
[WARNING] root - Error in NumericComparator: float division by zero
[WARNING] root - Error in NumericComparator: float division by zero
[WARNING] root - Error in NumericComparator: float division by zero
[WARNING] root - Error in NumericComparator: float division by zero
[WARNING] root - Error in NumericComparator: float division by zero
[WARNING] root - Error in NumericComparator: float division by zero
[WARNING] root - Error in NumericComparator: float division by zero
[WARNING] root - Error in NumericComparator: float division by zero
[WARNING] root - Error in NumericComparator: float division by zero
[WARNING] root - Error in NumericComparator: float division by zero
[WARNING] root - Error in NumericComparator: float division by zero
[WARNING] root - Error in NumericComparator: float division by zero
[WARNING] root - Error in NumericComparator: float division by zero
[WARNING] root - Error in NumericComparator: float division by zero
[WARNING] root - Error in NumericComparator: float division by zero
[WARNING] root - Error in NumericComparator: float division by zero
[WARNING] root - Error in NumericComparator: float division by zero
[WARNING] root - Error in NumericComparator: float division by zero
[WARNING] root - Error in NumericComparator: float division by zero
[WARNING] root - Error in NumericComparator: float division by zero
[WARNING] root - Error in NumericComparator: float division by zero
[WARNING] root - Error in NumericComparator: float division by zero
[WARNING] root - Error in NumericComparator: float division by zero
[WARNING] root - Error in NumericComparator: float division by zero
[WARNING] root - Error in NumericComparator: float division by zero
[WARNING] root - Error in NumericComparator: float division by zero
[WARNING] root - Error in NumericComparator: float division by zero
[WARNING] root - Error in NumericComparator: float division by zero
[WARNING] root - Error in NumericComparator: float division by zero
[WARNING] root - Error in NumericComparator: float division by zero
[WARNING] root - Error in NumericComparator: float division by zero
[WARNING] root - Error in NumericComparator: float division by zero
[WARNING] root - Error in NumericComparator: float division by zero
[WARNING] root - Error in NumericComparator: float division by zero
[WARNING] root - Error in NumericComparator: float division by zero
[WARNING] root - Error in NumericComparator: float division by zero
[WARNING] root - Error in NumericComparator: float division by zero
[WARNING] root - Error in NumericComparator: float division by zero
[WARNING] root - Error in NumericComparator: float division by zero
[WARNING] root - Error in NumericComparator: float division by zero
[WARNING] root - Error in NumericComparator: float division by zero
[WARNING] root - Error in NumericComparator: float division by zero
[WARNING] root - Error in NumericComparator: float division by zero
[WARNING] root - Error in NumericComparator: float division by zero
[WARNING] root - Error in NumericComparator: float division by zero
[WARNING] root - Error in NumericComparator: float division by zero
[WARNING] root - Error in NumericComparator: float division by zero
[WARNING] root - Error in NumericComparator: float division by zero
[WARNING] root - Error in NumericComparator: float division by zero
[WARNING] root - Error in NumericComparator: float division by zero
[WARNING] root - Error in NumericComparator: float division by zero
[WARNING] root - Error in NumericComparator: float division by zero
[WARNING] root - Error in NumericComparator: float division by zero
[WARNING] root - Error in NumericComparator: float division by zero
[WARNING] root - Error in NumericComparator: float division by zero
[WARNING] root - Error in NumericComparator: float division by zero
[WARNING] root - Error in NumericComparator: float division by zero
[WARNING] root - Error in NumericComparator: float division by zero
[WARNING] root - Error in NumericComparator: float division by zero
[WARNING] root - Error in NumericComparator: float division by zero
[WARNING] root - Error in NumericComparator: float division by zero
[WARNING] root - Error in NumericComparator: float division by zero
[WARNING] root - Error in NumericComparator: float division by zero
[WARNING] root - Error in NumericComparator: float division by zero
[WARNING] root - Error in NumericComparator: float division by zero
[WARNING] root - Error in NumericComparator: float division by zero
[WARNING] root - Error in NumericComparator: float division by zero
[WARNING] root - Error in NumericComparator: float division by zero
[WARNING] root - Error in NumericComparator: float division by zero
[WARNING] root - Error in NumericComparator: float division by zero
[WARNING] root - Error in NumericComparator: float division by zero
[WARNING] root - Error in NumericComparator: float division by zero
[WARNING] root - Error in NumericComparator: float division by zero
[WARNING] root - Error in NumericComparator: float division by zero
[WARNING] root - Error in NumericComparator: float division by zero
[WARNING] root - Error in NumericComparator: float division by zero
[WARNING] root - Error in NumericComparator: float division by zero
[WARNING] root - Error in NumericComparator: float division by zero
[WARNING] root - Error in NumericComparator: float division by zero
[WARNING] root - Error in NumericComparator: float division by zero
[WARNING] root - Error in NumericComparator: float division by zero
[WARNING] root - Error in NumericComparator: float division by zero
[WARNING] root - Error in NumericComparator: float division by zero
[WARNING] root - Error in NumericComparator: float division by zero
[WARNING] root - Error in NumericComparator: float division by zero
[WARNING] root - Error in NumericComparator: float division by zero
[WARNING] root - Error in NumericComparator: float division by zero
[WARNING] root - Error in NumericComparator: float division by zero
[WARNING] root - Error in NumericComparator: float division by zero
[WARNING] root - Error in NumericComparator: float division by zero
[WARNING] root - Error in NumericComparator: float division by zero
[WARNING] root - Error in NumericComparator: float division by zero
[WARNING] root - Error in NumericComparator: float division by zero
[WARNING] root - Error in NumericComparator: float division by zero
[WARNING] root - Error in NumericComparator: float division by zero
[WARNING] root - Error in NumericComparator: float division by zero
[WARNING] root - Error in NumericComparator: float division by zero
[WARNING] root - Error in NumericComparator: float division by zero
[WARNING] root - Error in NumericComparator: float division by zero
[WARNING] root - Error in NumericComparator: float division by zero
[WARNING] root - Error in NumericComparator: float division by zero
[WARNING] root - Error in NumericComparator: float division by zero
[WARNING] root - Error in NumericComparator: float division by zero
[WARNING] root - Error in NumericComparator: float division by zero
[WARNING] root - Error in NumericComparator: float division by zero
[WARNING] root - Error in NumericComparator: float division by zero
[WARNING] root - Error in NumericComparator: float division by zero
[WARNING] root - Error in NumericComparator: float division by zero
[WARNING] root - Error in NumericComparator: float division by zero
[WARNING] root - Error in NumericComparator: float division by zero
[WARNING] root - Error in NumericComparator: float division by zero
[WARNING] root - Error in NumericComparator: float division by zero
[WARNING] root - Error in NumericComparator: float division by zero
[WARNING] root - Error in NumericComparator: float division by zero
[WARNING] root - Error in NumericComparator: float division by zero
[WARNING] root - Error in NumericComparator: float division by zero
[WARNING] root - Error in NumericComparator: float division by zero
[WARNING] root - Error in NumericComparator: float division by zero
[WARNING] root - Error in NumericComparator: float division by zero
[WARNING] root - Error in NumericComparator: float division by zero
[WARNING] root - Error in NumericComparator: float division by zero
[WARNING] root - Error in NumericComparator: float division by zero
[WARNING] root - Error in NumericComparator: float division by zero
[WARNING] root - Error in NumericComparator: float division by zero
[WARNING] root - Error in NumericComparator: float division by zero
[WARNING] root - Error in NumericComparator: float division by zero
[WARNING] root - Error in NumericComparator: float division by zero
[WARNING] root - Error in NumericComparator: float division by zero
[WARNING] root - Error in NumericComparator: float division by zero
[WARNING] root - Error in NumericComparator: float division by zero
[WARNING] root - Error in NumericComparator: float division by zero
[WARNING] root - Error in NumericComparator: float division by zero
[WARNING] root - Error in NumericComparator: float division by zero
[WARNING] root - Error in NumericComparator: float division by zero
[WARNING] root - Error in NumericComparator: float division by zero
[WARNING] root - Error in NumericComparator: float division by zero
[WARNING] root - Error in NumericComparator: float division by zero
[WARNING] root - Error in NumericComparator: float division by zero
[WARNING] root - Error in NumericComparator: float division by zero
[WARNING] root - Error in NumericComparator: float division by zero
[WARNING] root - Error in NumericComparator: float division by zero
[WARNING] root - Error in NumericComparator: float division by zero
[WARNING] root - Error in NumericComparator: float division by zero
[WARNING] root - Error in NumericComparator: float division by zero
[WARNING] root - Error in NumericComparator: float division by zero
[WARNING] root - Error in NumericComparator: float division by zero
[WARNING] root - Error in NumericComparator: float division by zero
[WARNING] root - Error in NumericComparator: float division by zero
[WARNING] root - Error in NumericComparator: float division by zero
[WARNING] root - Error in NumericComparator: float division by zero
[WARNING] root - Error in NumericComparator: float division by zero
[WARNING] root - Error in NumericComparator: float division by zero
[WARNING] root - Error in NumericComparator: float division by zero
[WARNING] root - Error in NumericComparator: float division by zero
[WARNING] root - Error in NumericComparator: float division by zero
[WARNING] root - Error in NumericComparator: float division by zero
[WARNING] root - Error in NumericComparator: float division by zero
[WARNING] root - Error in NumericComparator: float division by zero
[WARNING] root - Error in NumericComparator: float division by zero
[WARNING] root - Error in NumericComparator: float division by zero
[WARNING] root - Error in NumericComparator: float division by zero
[WARNING] root - Error in NumericComparator: float division by zero
[WARNING] root - Error in NumericComparator: float division by zero
[WARNING] root - Error in NumericComparator: float division by zero
[WARNING] root - Error in NumericComparator: float division by zero
[WARNING] root - Error in NumericComparator: float division by zero
[WARNING] root - Error in NumericComparator: float division by zero
[WARNING] root - Error in NumericComparator: float division by zero
[WARNING] root - Error in NumericComparator: float division by zero
[WARNING] root - Error in NumericComparator: float division by zero
[WARNING] root - Error in NumericComparator: float division by zero
[WARNING] root - Error in NumericComparator: float division by zero
[WARNING] root - Error in NumericComparator: float division by zero
[WARNING] root - Error in NumericComparator: float division by zero
[WARNING] root - Error in NumericComparator: float division by zero
[WARNING] root - Error in NumericComparator: float division by zero
[WARNING] root - Error in NumericComparator: float division by zero
[WARNING] root - Error in NumericComparator: float division by zero
[WARNING] root - Error in NumericComparator: float division by zero
[WARNING] root - Error in NumericComparator: float division by zero
[WARNING] root - Error in NumericComparator: float division by zero
[WARNING] root - Error in NumericComparator: float division by zero
[WARNING] root - Error in NumericComparator: float division by zero
[WARNING] root - Error in NumericComparator: float division by zero
[WARNING] root - Error in NumericComparator: float division by zero
[WARNING] root - Error in NumericComparator: float division by zero
[WARNING] root - Error in NumericComparator: float division by zero
[WARNING] root - Error in NumericComparator: float division by zero
[WARNING] root - Error in NumericComparator: float division by zero
[WARNING] root - Error in NumericComparator: float division by zero
[WARNING] root - Error in NumericComparator: float division by zero
[WARNING] root - Error in NumericComparator: float division by zero
[WARNING] root - Error in NumericComparator: float division by zero
[WARNING] root - Error in NumericComparator: float division by zero
[WARNING] root - Error in NumericComparator: float division by zero
[WARNING] root - Error in NumericComparator: float division by zero
[WARNING] root - Error in NumericComparator: float division by zero
[WARNING] root - Error in NumericComparator: float division by zero
[WARNING] root - Error in NumericComparator: float division by zero
[WARNING] root - Error in NumericComparator: float division by zero
[WARNING] root - Error in NumericComparator: float division by zero
[WARNING] root - Error in NumericComparator: float division by zero
[WARNING] root - Error in NumericComparator: float division by zero
[WARNING] root - Error in NumericComparator: float division by zero
[WARNING] root - Error in NumericComparator: float division by zero
[WARNING] root - Error in NumericComparator: float division by zero
[WARNING] root - Error in NumericComparator: float division by zero
[WARNING] root - Error in NumericComparator: float division by zero
[WARNING] root - Error in NumericComparator: float division by zero
[WARNING] root - Error in NumericComparator: float division by zero
[WARNING] root - Error in NumericComparator: float division by zero
[WARNING] root - Error in NumericComparator: float division by zero
[WARNING] root - Error in NumericComparator: float division by zero
[WARNING] root - Error in NumericComparator: float division by zero
[WARNING] root - Error in NumericComparator: float division by zero
[WARNING] root - Error in NumericComparator: float division by zero
[WARNING] root - Error in NumericComparator: float division by zero
[WARNING] root - Error in NumericComparator: float division by zero
[WARNING] root - Error in NumericComparator: float division by zero
[WARNING] root - Error in NumericComparator: float division by zero
[WARNING] root - Error in NumericComparator: float division by zero
[WARNING] root - Error in NumericComparator: float division by zero
[WARNING] root - Error in NumericComparator: float division by zero
[WARNING] root - Error in NumericComparator: float division by zero
[WARNING] root - Error in NumericComparator: float division by zero
[WARNING] root - Error in NumericComparator: float division by zero
[WARNING] root - Error in NumericComparator: float division by zero
[WARNING] root - Error in NumericComparator: float division by zero
[WARNING] root - Error in NumericComparator: float division by zero
[WARNING] root - Error in NumericComparator: float division by zero
[WARNING] root - Error in NumericComparator: float division by zero
[WARNING] root - Error in NumericComparator: float division by zero
[WARNING] root - Error in NumericComparator: float division by zero
[WARNING] root - Error in NumericComparator: float division by zero
[WARNING] root - Error in NumericComparator: float division by zero
[WARNING] root - Error in NumericComparator: float division by zero
[WARNING] root - Error in NumericComparator: float division by zero
[WARNING] root - Error in NumericComparator: float division by zero
[WARNING] root - Error in NumericComparator: float division by zero
[WARNING] root - Error in NumericComparator: float division by zero
[WARNING] root - Error in NumericComparator: float division by zero
[WARNING] root - Error in NumericComparator: float division by zero
[WARNING] root - Error in NumericComparator: float division by zero
[WARNING] root - Error in NumericComparator: float division by zero
[WARNING] root - Error in NumericComparator: float division by zero
[WARNING] root - Error in NumericComparator: float division by zero
[WARNING] root - Error in NumericComparator: float division by zero
[WARNING] root - Error in NumericComparator: float division by zero
[WARNING] root - Error in NumericComparator: float division by zero
[WARNING] root - Error in NumericComparator: float division by zero
[WARNING] root - Error in NumericComparator: float division by zero
[WARNING] root - Error in NumericComparator: float division by zero
[WARNING] root - Error in NumericComparator: float division by zero
[WARNING] root - Error in NumericComparator: float division by zero
[WARNING] root - Error in NumericComparator: float division by zero
[WARNING] root - Error in NumericComparator: float division by zero
[WARNING] root - Error in NumericComparator: float division by zero
[WARNING] root - Error in NumericComparator: float division by zero
[WARNING] root - Error in NumericComparator: float division by zero
[WARNING] root - Error in NumericComparator: float division by zero
[WARNING] root - Error in NumericComparator: float division by zero
[WARNING] root - Error in NumericComparator: float division by zero
[WARNING] root - Error in NumericComparator: float division by zero
[WARNING] root - Error in NumericComparator: float division by zero
[WARNING] root - Error in NumericComparator: float division by zero
[WARNING] root - Error in NumericComparator: float division by zero
[WARNING] root - Error in NumericComparator: float division by zero
[WARNING] root - Error in NumericComparator: float division by zero
[WARNING] root - Error in NumericComparator: float division by zero
[WARNING] root - Error in NumericComparator: float division by zero
[WARNING] root - Error in NumericComparator: float division by zero
[WARNING] root - Error in NumericComparator: float division by zero
[WARNING] root - Error in NumericComparator: float division by zero
[WARNING] root - Error in NumericComparator: float division by zero
[WARNING] root - Error in NumericComparator: float division by zero
[WARNING] root - Error in NumericComparator: float division by zero
[WARNING] root - Error in NumericComparator: float division by zero
[WARNING] root - Error in NumericComparator: float division by zero
[WARNING] root - Error in NumericComparator: float division by zero
[WARNING] root - Error in NumericComparator: float division by zero
[WARNING] root - Error in NumericComparator: float division by zero
[WARNING] root - Error in NumericComparator: float division by zero
[WARNING] root - Error in NumericComparator: float division by zero
[WARNING] root - Error in NumericComparator: float division by zero
[WARNING] root - Error in NumericComparator: float division by zero
[WARNING] root - Error in NumericComparator: float division by zero
[WARNING] root - Error in NumericComparator: float division by zero
[WARNING] root - Error in NumericComparator: float division by zero
[WARNING] root - Error in NumericComparator: float division by zero
[WARNING] root - Error in NumericComparator: float division by zero
[WARNING] root - Error in NumericComparator: float division by zero
[WARNING] root - Error in NumericComparator: float division by zero
[WARNING] root - Error in NumericComparator: float division by zero
[WARNING] root - Error in NumericComparator: float division by zero
[WARNING] root - Error in NumericComparator: float division by zero
[WARNING] root - Error in NumericComparator: float division by zero
[WARNING] root - Error in NumericComparator: float division by zero
[WARNING] root - Error in NumericComparator: float division by zero
[WARNING] root - Error in NumericComparator: float division by zero
[WARNING] root - Error in NumericComparator: float division by zero
[WARNING] root - Error in NumericComparator: float division by zero
[WARNING] root - Error in NumericComparator: float division by zero
[WARNING] root - Error in NumericComparator: float division by zero
[WARNING] root - Error in NumericComparator: float division by zero
[WARNING] root - Error in NumericComparator: float division by zero
[WARNING] root - Error in NumericComparator: float division by zero
[WARNING] root - Error in NumericComparator: float division by zero
[WARNING] root - Error in NumericComparator: float division by zero
[WARNING] root - Error in NumericComparator: float division by zero
[WARNING] root - Error in NumericComparator: float division by zero
[WARNING] root - Error in NumericComparator: float division by zero
[WARNING] root - Error in NumericComparator: float division by zero
[WARNING] root - Error in NumericComparator: float division by zero
[WARNING] root - Error in NumericComparator: float division by zero
[WARNING] root - Error in NumericComparator: float division by zero
[WARNING] root - Error in NumericComparator: float division by zero
[WARNING] root - Error in NumericComparator: float division by zero
[WARNING] root - Error in NumericComparator: float division by zero
[WARNING] root - Error in NumericComparator: float division by zero
[WARNING] root - Error in NumericComparator: float division by zero
[WARNING] root - Error in NumericComparator: float division by zero
[WARNING] root - Error in NumericComparator: float division by zero
[WARNING] root - Error in NumericComparator: float division by zero
[WARNING] root - Error in NumericComparator: float division by zero
[WARNING] root - Error in NumericComparator: float division by zero
[WARNING] root - Error in NumericComparator: float division by zero
[WARNING] root - Error in NumericComparator: float division by zero
[WARNING] root - Error in NumericComparator: float division by zero
[WARNING] root - Error in NumericComparator: float division by zero
[WARNING] root - Error in NumericComparator: float division by zero
[WARNING] root - Error in NumericComparator: float division by zero
[WARNING] root - Error in NumericComparator: float division by zero
[WARNING] root - Error in NumericComparator: float division by zero
[WARNING] root - Error in NumericComparator: float division by zero
[WARNING] root - Error in NumericComparator: float division by zero
[WARNING] root - Error in NumericComparator: float division by zero
[WARNING] root - Error in NumericComparator: float division by zero
[WARNING] root - Error in NumericComparator: float division by zero
[WARNING] root - Error in NumericComparator: float division by zero
[WARNING] root - Error in NumericComparator: float division by zero
[WARNING] root - Error in NumericComparator: float division by zero
[WARNING] root - Error in NumericComparator: float division by zero
[WARNING] root - Error in NumericComparator: float division by zero
[WARNING] root - Error in NumericComparator: float division by zero
[WARNING] root - Error in NumericComparator: float division by zero
[WARNING] root - Error in NumericComparator: float division by zero
[WARNING] root - Error in NumericComparator: float division by zero
[WARNING] root - Error in NumericComparator: float division by zero
[WARNING] root - Error in NumericComparator: float division by zero
[WARNING] root - Error in NumericComparator: float division by zero
[WARNING] root - Error in NumericComparator: float division by zero
[WARNING] root - Error in NumericComparator: float division by zero
[WARNING] root - Error in NumericComparator: float division by zero
[WARNING] root - Error in NumericComparator: float division by zero
[WARNING] root - Error in NumericComparator: float division by zero
[WARNING] root - Error in NumericComparator: float division by zero
[WARNING] root - Error in NumericComparator: float division by zero
[WARNING] root - Error in NumericComparator: float division by zero
[WARNING] root - Error in NumericComparator: float division by zero
[WARNING] root - Error in NumericComparator: float division by zero
[WARNING] root - Error in NumericComparator: float division by zero
[WARNING] root - Error in NumericComparator: float division by zero
[WARNING] root - Error in NumericComparator: float division by zero
[WARNING] root - Error in NumericComparator: float division by zero
[WARNING] root - Error in NumericComparator: float division by zero
[WARNING] root - Error in NumericComparator: float division by zero
[WARNING] root - Error in NumericComparator: float division by zero
[WARNING] root - Error in NumericComparator: float division by zero
[WARNING] root - Error in NumericComparator: float division by zero
[WARNING] root - Error in NumericComparator: float division by zero
[WARNING] root - Error in NumericComparator: float division by zero
[WARNING] root - Error in NumericComparator: float division by zero
[WARNING] root - Error in NumericComparator: float division by zero
[WARNING] root - Error in NumericComparator: float division by zero
[WARNING] root - Error in NumericComparator: float division by zero
[WARNING] root - Error in NumericComparator: float division by zero
[WARNING] root - Error in NumericComparator: float division by zero
[WARNING] root - Error in NumericComparator: float division by zero
[WARNING] root - Error in NumericComparator: float division by zero
[WARNING] root - Error in NumericComparator: float division by zero
[WARNING] root - Error in NumericComparator: float division by zero
[WARNING] root - Error in NumericComparator: float division by zero
[WARNING] root - Error in NumericComparator: float division by zero
[WARNING] root - Error in NumericComparator: float division by zero
[WARNING] root - Error in NumericComparator: float division by zero
[WARNING] root - Error in NumericComparator: float division by zero
[WARNING] root - Error in NumericComparator: float division by zero
[WARNING] root - Error in NumericComparator: float division by zero
[WARNING] root - Error in NumericComparator: float division by zero
[WARNING] root - Error in NumericComparator: float division by zero
[WARNING] root - Error in NumericComparator: float division by zero
[WARNING] root - Error in NumericComparator: float division by zero
[WARNING] root - Error in NumericComparator: float division by zero
[WARNING] root - Error in NumericComparator: float division by zero
[WARNING] root - Error in NumericComparator: float division by zero
[WARNING] root - Error in NumericComparator: float division by zero
[WARNING] root - Error in NumericComparator: float division by zero
[WARNING] root - Error in NumericComparator: float division by zero
[WARNING] root - Error in NumericComparator: float division by zero
[WARNING] root - Error in NumericComparator: float division by zero
[WARNING] root - Error in NumericComparator: float division by zero
[WARNING] root - Error in NumericComparator: float division by zero
[WARNING] root - Error in NumericComparator: float division by zero
[WARNING] root - Error in NumericComparator: float division by zero
[WARNING] root - Error in NumericComparator: float division by zero
[WARNING] root - Error in NumericComparator: float division by zero
[WARNING] root - Error in NumericComparator: float division by zero
[WARNING] root - Error in NumericComparator: float division by zero
[WARNING] root - Error in NumericComparator: float division by zero
[WARNING] root - Error in NumericComparator: float division by zero
[WARNING] root - Error in NumericComparator: float division by zero
[WARNING] root - Error in NumericComparator: float division by zero
[WARNING] root - Error in NumericComparator: float division by zero
[WARNING] root - Error in NumericComparator: float division by zero
[WARNING] root - Error in NumericComparator: float division by zero
[WARNING] root - Error in NumericComparator: float division by zero
[WARNING] root - Error in NumericComparator: float division by zero
[WARNING] root - Error in NumericComparator: float division by zero
[WARNING] root - Error in NumericComparator: float division by zero
[WARNING] root - Error in NumericComparator: float division by zero
[WARNING] root - Error in NumericComparator: float division by zero
[WARNING] root - Error in NumericComparator: float division by zero
[WARNING] root - Error in NumericComparator: float division by zero
[WARNING] root - Error in NumericComparator: float division by zero
[WARNING] root - Error in NumericComparator: float division by zero
[WARNING] root - Error in NumericComparator: float division by zero
[WARNING] root - Error in NumericComparator: float division by zero
[WARNING] root - Error in NumericComparator: float division by zero
[WARNING] root - Error in NumericComparator: float division by zero
[WARNING] root - Error in NumericComparator: float division by zero
[WARNING] root - Error in NumericComparator: float division by zero
[WARNING] root - Error in NumericComparator: float division by zero
[WARNING] root - Error in NumericComparator: float division by zero
[WARNING] root - Error in NumericComparator: float division by zero
[WARNING] root - Error in NumericComparator: float division by zero
[WARNING] root - Error in NumericComparator: float division by zero
[WARNING] root - Error in NumericComparator: float division by zero
[WARNING] root - Error in NumericComparator: float division by zero
[WARNING] root - Error in NumericComparator: float division by zero
[WARNING] root - Error in NumericComparator: float division by zero
[WARNING] root - Error in NumericComparator: float division by zero
[WARNING] root - Error in NumericComparator: float division by zero
[WARNING] root - Error in NumericComparator: float division by zero
[WARNING] root - Error in NumericComparator: float division by zero
[WARNING] root - Error in NumericComparator: float division by zero
[WARNING] root - Error in NumericComparator: float division by zero
[WARNING] root - Error in NumericComparator: float division by zero
[WARNING] root - Error in NumericComparator: float division by zero
[WARNING] root - Error in NumericComparator: float division by zero
[WARNING] root - Error in NumericComparator: float division by zero
[WARNING] root - Error in NumericComparator: float division by zero
[WARNING] root - Error in NumericComparator: float division by zero
[WARNING] root - Error in NumericComparator: float division by zero
[WARNING] root - Error in NumericComparator: float division by zero
[WARNING] root - Error in NumericComparator: float division by zero
[WARNING] root - Error in NumericComparator: float division by zero
[WARNING] root - Error in NumericComparator: float division by zero
[WARNING] root - Error in NumericComparator: float division by zero
[WARNING] root - Error in NumericComparator: float division by zero
[WARNING] root - Error in NumericComparator: float division by zero
[WARNING] root - Error in NumericComparator: float division by zero
[WARNING] root - Error in NumericComparator: float division by zero
[WARNING] root - Error in NumericComparator: float division by zero
[WARNING] root - Error in NumericComparator: float division by zero
[WARNING] root - Error in NumericComparator: float division by zero
[WARNING] root - Error in NumericComparator: float division by zero
[WARNING] root - Error in NumericComparator: float division by zero
[WARNING] root - Error in NumericComparator: float division by zero
[WARNING] root - Error in NumericComparator: float division by zero
[WARNING] root - Error in NumericComparator: float division by zero
[WARNING] root - Error in NumericComparator: float division by zero
[WARNING] root - Error in NumericComparator: float division by zero
[WARNING] root - Error in NumericComparator: float division by zero
[WARNING] root - Error in NumericComparator: float division by zero
[WARNING] root - Error in NumericComparator: float division by zero
[WARNING] root - Error in NumericComparator: float division by zero
[WARNING] root - Error in NumericComparator: float division by zero
[WARNING] root - Error in NumericComparator: float division by zero
[WARNING] root - Error in NumericComparator: float division by zero
[WARNING] root - Error in NumericComparator: float division by zero
[WARNING] root - Error in NumericComparator: float division by zero
[WARNING] root - Error in NumericComparator: float division by zero
[WARNING] root - Error in NumericComparator: float division by zero
[WARNING] root - Error in NumericComparator: float division by zero
[WARNING] root - Error in NumericComparator: float division by zero
[WARNING] root - Error in NumericComparator: float division by zero
[WARNING] root - Error in NumericComparator: float division by zero
[WARNING] root - Error in NumericComparator: float division by zero
[WARNING] root - Error in NumericComparator: float division by zero
[WARNING] root - Error in NumericComparator: float division by zero
[WARNING] root - Error in NumericComparator: float division by zero
[WARNING] root - Error in NumericComparator: float division by zero
[WARNING] root - Error in NumericComparator: float division by zero
[WARNING] root - Error in NumericComparator: float division by zero
[WARNING] root - Error in NumericComparator: float division by zero
[WARNING] root - Error in NumericComparator: float division by zero
[WARNING] root - Error in NumericComparator: float division by zero
[WARNING] root - Error in NumericComparator: float division by zero
[WARNING] root - Error in NumericComparator: float division by zero
[WARNING] root - Error in NumericComparator: float division by zero
[WARNING] root - Error in NumericComparator: float division by zero
[WARNING] root - Error in NumericComparator: float division by zero
[WARNING] root - Error in NumericComparator: float division by zero
[WARNING] root - Error in NumericComparator: float division by zero
[WARNING] root - Error in NumericComparator: float division by zero
[WARNING] root - Error in NumericComparator: float division by zero
[WARNING] root - Error in NumericComparator: float division by zero
[WARNING] root - Error in NumericComparator: float division by zero
[WARNING] root - Error in NumericComparator: float division by zero
[WARNING] root - Error in NumericComparator: float division by zero
[WARNING] root - Error in NumericComparator: float division by zero
[WARNING] root - Error in NumericComparator: float division by zero
[WARNING] root - Error in NumericComparator: float division by zero
[WARNING] root - Error in NumericComparator: float division by zero
[WARNING] root - Error in NumericComparator: float division by zero
[WARNING] root - Error in NumericComparator: float division by zero
[WARNING] root - Error in NumericComparator: float division by zero
[WARNING] root - Error in NumericComparator: float division by zero
[WARNING] root - Error in NumericComparator: float division by zero
[WARNING] root - Error in NumericComparator: float division by zero
[WARNING] root - Error in NumericComparator: float division by zero
[WARNING] root - Error in NumericComparator: float division by zero
[WARNING] root - Error in NumericComparator: float division by zero
[WARNING] root - Error in NumericComparator: float division by zero
[WARNING] root - Error in NumericComparator: float division by zero
[WARNING] root - Error in NumericComparator: float division by zero
[WARNING] root - Error in NumericComparator: float division by zero
[WARNING] root - Error in NumericComparator: float division by zero
[WARNING] root - Error in NumericComparator: float division by zero
[WARNING] root - Error in NumericComparator: float division by zero
[WARNING] root - Error in NumericComparator: float division by zero
[WARNING] root - Error in NumericComparator: float division by zero
[WARNING] root - Error in NumericComparator: float division by zero
[WARNING] root - Error in NumericComparator: float division by zero
[WARNING] root - Error in NumericComparator: float division by zero
[WARNING] root - Error in NumericComparator: float division by zero
[WARNING] root - Error in NumericComparator: float division by zero
[WARNING] root - Error in NumericComparator: float division by zero
[WARNING] root - Error in NumericComparator: float division by zero
[WARNING] root - Error in NumericComparator: float division by zero
[WARNING] root - Error in NumericComparator: float division by zero
[WARNING] root - Error in NumericComparator: float division by zero
[WARNING] root - Error in NumericComparator: float division by zero
[WARNING] root - Error in NumericComparator: float division by zero
[WARNING] root - Error in NumericComparator: float division by zero
[WARNING] root - Error in NumericComparator: float division by zero
[WARNING] root - Error in NumericComparator: float division by zero
[WARNING] root - Error in NumericComparator: float division by zero
[WARNING] root - Error in NumericComparator: float division by zero
[WARNING] root - Error in NumericComparator: float division by zero
[WARNING] root - Error in NumericComparator: float division by zero
[WARNING] root - Error in NumericComparator: float division by zero
[WARNING] root - Error in NumericComparator: float division by zero
[WARNING] root - Error in NumericComparator: float division by zero
[WARNING] root - Error in NumericComparator: float division by zero
[WARNING] root - Error in NumericComparator: float division by zero
[WARNING] root - Error in NumericComparator: float division by zero
[WARNING] root - Error in NumericComparator: float division by zero
[WARNING] root - Error in NumericComparator: float division by zero
[WARNING] root - Error in NumericComparator: float division by zero
[WARNING] root - Error in NumericComparator: float division by zero
[WARNING] root - Error in NumericComparator: float division by zero
[WARNING] root - Error in NumericComparator: float division by zero
[WARNING] root - Error in NumericComparator: float division by zero
[WARNING] root - Error in NumericComparator: float division by zero
[WARNING] root - Error in NumericComparator: float division by zero
[WARNING] root - Error in NumericComparator: float division by zero
[WARNING] root - Error in NumericComparator: float division by zero
[WARNING] root - Error in NumericComparator: float division by zero
[WARNING] root - Error in NumericComparator: float division by zero
[WARNING] root - Error in NumericComparator: float division by zero
[WARNING] root - Error in NumericComparator: float division by zero
[WARNING] root - Error in NumericComparator: float division by zero
[WARNING] root - Error in NumericComparator: float division by zero
[WARNING] root - Error in NumericComparator: float division by zero
[WARNING] root - Error in NumericComparator: float division by zero
[WARNING] root - Error in NumericComparator: float division by zero
[WARNING] root - Error in NumericComparator: float division by zero
[WARNING] root - Error in NumericComparator: float division by zero
[WARNING] root - Error in NumericComparator: float division by zero
[WARNING] root - Error in NumericComparator: float division by zero
[WARNING] root - Error in NumericComparator: float division by zero
[WARNING] root - Error in NumericComparator: float division by zero
[WARNING] root - Error in NumericComparator: float division by zero
[WARNING] root - Error in NumericComparator: float division by zero
[WARNING] root - Error in NumericComparator: float division by zero
[WARNING] root - Error in NumericComparator: float division by zero
[WARNING] root - Error in NumericComparator: float division by zero
[WARNING] root - Error in NumericComparator: float division by zero
[WARNING] root - Error in NumericComparator: float division by zero
[WARNING] root - Error in NumericComparator: float division by zero
[WARNING] root - Error in NumericComparator: float division by zero
[WARNING] root - Error in NumericComparator: float division by zero
[WARNING] root - Error in NumericComparator: float division by zero
[WARNING] root - Error in NumericComparator: float division by zero
[WARNING] root - Error in NumericComparator: float division by zero
[WARNING] root - Error in NumericComparator: float division by zero
[WARNING] root - Error in NumericComparator: float division by zero
[WARNING] root - Error in NumericComparator: float division by zero
[WARNING] root - Error in NumericComparator: float division by zero
[WARNING] root - Error in NumericComparator: float division by zero
[WARNING] root - Error in NumericComparator: float division by zero
[WARNING] root - Error in NumericComparator: float division by zero
[WARNING] root - Error in NumericComparator: float division by zero
[WARNING] root - Error in NumericComparator: float division by zero
[WARNING] root - Error in NumericComparator: float division by zero
[WARNING] root - Error in NumericComparator: float division by zero
[WARNING] root - Error in NumericComparator: float division by zero
[WARNING] root - Error in NumericComparator: float division by zero
[WARNING] root - Error in NumericComparator: float division by zero
[WARNING] root - Error in NumericComparator: float division by zero
[WARNING] root - Error in NumericComparator: float division by zero
[WARNING] root - Error in NumericComparator: float division by zero
[WARNING] root - Error in NumericComparator: float division by zero
[WARNING] root - Error in NumericComparator: float division by zero
[WARNING] root - Error in NumericComparator: float division by zero
[WARNING] root - Error in NumericComparator: float division by zero
[WARNING] root - Error in NumericComparator: float division by zero
[WARNING] root - Error in NumericComparator: float division by zero
[WARNING] root - Error in NumericComparator: float division by zero
[WARNING] root - Error in NumericComparator: float division by zero
[WARNING] root - Error in NumericComparator: float division by zero
[WARNING] root - Error in NumericComparator: float division by zero
[WARNING] root - Error in NumericComparator: float division by zero
[WARNING] root - Error in NumericComparator: float division by zero
[WARNING] root - Error in NumericComparator: float division by zero
[WARNING] root - Error in NumericComparator: float division by zero
[WARNING] root - Error in NumericComparator: float division by zero
[WARNING] root - Error in NumericComparator: float division by zero
[WARNING] root - Error in NumericComparator: float division by zero
[WARNING] root - Error in NumericComparator: float division by zero
[WARNING] root - Error in NumericComparator: float division by zero
[WARNING] root - Error in NumericComparator: float division by zero
[WARNING] root - Error in NumericComparator: float division by zero
[WARNING] root - Error in NumericComparator: float division by zero
[WARNING] root - Error in NumericComparator: float division by zero
[WARNING] root - Error in NumericComparator: float division by zero
[WARNING] root - Error in NumericComparator: float division by zero
[WARNING] root - Error in NumericComparator: float division by zero
[WARNING] root - Error in NumericComparator: float division by zero
[WARNING] root - Error in NumericComparator: float division by zero
[WARNING] root - Error in NumericComparator: float division by zero
[WARNING] root - Error in NumericComparator: float division by zero
[WARNING] root - Error in NumericComparator: float division by zero
[WARNING] root - Error in NumericComparator: float division by zero
[WARNING] root - Error in NumericComparator: float division by zero
[WARNING] root - Error in NumericComparator: float division by zero
[WARNING] root - Error in NumericComparator: float division by zero
[WARNING] root - Error in NumericComparator: float division by zero
[WARNING] root - Error in NumericComparator: float division by zero
[WARNING] root - Error in NumericComparator: float division by zero
[WARNING] root - Error in NumericComparator: float division by zero
[WARNING] root - Error in NumericComparator: float division by zero
[WARNING] root - Error in NumericComparator: float division by zero
[WARNING] root - Error in NumericComparator: float division by zero
[WARNING] root - Error in NumericComparator: float division by zero
[WARNING] root - Error in NumericComparator: float division by zero
[WARNING] root - Error in NumericComparator: float division by zero
[WARNING] root - Error in NumericComparator: float division by zero
[WARNING] root - Error in NumericComparator: float division by zero
[WARNING] root - Error in NumericComparator: float division by zero
[WARNING] root - Error in NumericComparator: float division by zero
[WARNING] root - Error in NumericComparator: float division by zero
[WARNING] root - Error in NumericComparator: float division by zero
[WARNING] root - Error in NumericComparator: float division by zero
[WARNING] root - Error in NumericComparator: float division by zero
[WARNING] root - Error in NumericComparator: float division by zero
[WARNING] root - Error in NumericComparator: float division by zero
[WARNING] root - Error in NumericComparator: float division by zero
[WARNING] root - Error in NumericComparator: float division by zero
[WARNING] root - Error in NumericComparator: float division by zero
[WARNING] root - Error in NumericComparator: float division by zero
[WARNING] root - Error in NumericComparator: float division by zero
[WARNING] root - Error in NumericComparator: float division by zero
[WARNING] root - Error in NumericComparator: float division by zero
[WARNING] root - Error in NumericComparator: float division by zero
[WARNING] root - Error in NumericComparator: float division by zero
[WARNING] root - Error in NumericComparator: float division by zero
[WARNING] root - Error in NumericComparator: float division by zero
[WARNING] root - Error in NumericComparator: float division by zero
[WARNING] root - Error in NumericComparator: float division by zero
[WARNING] root - Error in NumericComparator: float division by zero
[WARNING] root - Error in NumericComparator: float division by zero
[WARNING] root - Error in NumericComparator: float division by zero
[WARNING] root - Error in NumericComparator: float division by zero
[WARNING] root - Error in NumericComparator: float division by zero
[WARNING] root - Error in NumericComparator: float division by zero
[WARNING] root - Error in NumericComparator: float division by zero
[WARNING] root - Error in NumericComparator: float division by zero
[WARNING] root - Error in NumericComparator: float division by zero
[WARNING] root - Error in NumericComparator: float division by zero
[WARNING] root - Error in NumericComparator: float division by zero
[WARNING] root - Error in NumericComparator: float division by zero
[WARNING] root - Error in NumericComparator: float division by zero
[WARNING] root - Error in NumericComparator: float division by zero
[WARNING] root - Error in NumericComparator: float division by zero
[WARNING] root - Error in NumericComparator: float division by zero
[WARNING] root - Error in NumericComparator: float division by zero
[WARNING] root - Error in NumericComparator: float division by zero
[WARNING] root - Error in NumericComparator: float division by zero
[WARNING] root - Error in NumericComparator: float division by zero
[WARNING] root - Error in NumericComparator: float division by zero
[WARNING] root - Error in NumericComparator: float division by zero
[WARNING] root - Error in NumericComparator: float division by zero
[WARNING] root - Error in NumericComparator: float division by zero
[WARNING] root - Error in NumericComparator: float division by zero
[WARNING] root - Error in NumericComparator: float division by zero
[WARNING] root - Error in NumericComparator: float division by zero
[WARNING] root - Error in NumericComparator: float division by zero
[WARNING] root - Error in NumericComparator: float division by zero
[WARNING] root - Error in NumericComparator: float division by zero
[WARNING] root - Error in NumericComparator: float division by zero
[WARNING] root - Error in NumericComparator: float division by zero
[WARNING] root - Error in NumericComparator: float division by zero
[WARNING] root - Error in NumericComparator: float division by zero
[WARNING] root - Error in NumericComparator: float division by zero
[WARNING] root - Error in NumericComparator: float division by zero
[WARNING] root - Error in NumericComparator: float division by zero
[WARNING] root - Error in NumericComparator: float division by zero
[WARNING] root - Error in NumericComparator: float division by zero
[WARNING] root - Error in NumericComparator: float division by zero
[WARNING] root - Error in NumericComparator: float division by zero
[WARNING] root - Error in NumericComparator: float division by zero
[WARNING] root - Error in NumericComparator: float division by zero
[WARNING] root - Error in NumericComparator: float division by zero
[WARNING] root - Error in NumericComparator: float division by zero
[WARNING] root - Error in NumericComparator: float division by zero
[WARNING] root - Error in NumericComparator: float division by zero
[WARNING] root - Error in NumericComparator: float division by zero
[WARNING] root - Error in NumericComparator: float division by zero
[WARNING] root - Error in NumericComparator: float division by zero
[WARNING] root - Error in NumericComparator: float division by zero
[WARNING] root - Error in NumericComparator: float division by zero
[WARNING] root - Error in NumericComparator: float division by zero
[WARNING] root - Error in NumericComparator: float division by zero
[WARNING] root - Error in NumericComparator: float division by zero
[WARNING] root - Error in NumericComparator: float division by zero
[WARNING] root - Error in NumericComparator: float division by zero
[WARNING] root - Error in NumericComparator: float division by zero
[WARNING] root - Error in NumericComparator: float division by zero
[WARNING] root - Error in NumericComparator: float division by zero
[WARNING] root - Error in NumericComparator: float division by zero
[WARNING] root - Error in NumericComparator: float division by zero
[WARNING] root - Error in NumericComparator: float division by zero
[WARNING] root - Error in NumericComparator: float division by zero
[WARNING] root - Error in NumericComparator: float division by zero
[WARNING] root - Error in NumericComparator: float division by zero
[WARNING] root - Error in NumericComparator: float division by zero
[WARNING] root - Error in NumericComparator: float division by zero
[WARNING] root - Error in NumericComparator: float division by zero
[WARNING] root - Error in NumericComparator: float division by zero
[WARNING] root - Error in NumericComparator: float division by zero
[WARNING] root - Error in NumericComparator: float division by zero
[WARNING] root - Error in NumericComparator: float division by zero
[WARNING] root - Error in NumericComparator: float division by zero
[WARNING] root - Error in NumericComparator: float division by zero
[WARNING] root - Error in NumericComparator: float division by zero
[WARNING] root - Error in NumericComparator: float division by zero
[WARNING] root - Error in NumericComparator: float division by zero
[WARNING] root - Error in NumericComparator: float division by zero
[WARNING] root - Error in NumericComparator: float division by zero
[WARNING] root - Error in NumericComparator: float division by zero
[WARNING] root - Error in NumericComparator: float division by zero
[WARNING] root - Error in NumericComparator: float division by zero
[WARNING] root - Error in NumericComparator: float division by zero
[WARNING] root - Error in NumericComparator: float division by zero
[WARNING] root - Error in NumericComparator: float division by zero
[WARNING] root - Error in NumericComparator: float division by zero
[WARNING] root - Error in NumericComparator: float division by zero
[WARNING] root - Error in NumericComparator: float division by zero
[WARNING] root - Error in NumericComparator: float division by zero
[WARNING] root - Error in NumericComparator: float division by zero
[WARNING] root - Error in NumericComparator: float division by zero
[WARNING] root - Error in NumericComparator: float division by zero
[WARNING] root - Error in NumericComparator: float division by zero
[WARNING] root - Error in NumericComparator: float division by zero
[WARNING] root - Error in NumericComparator: float division by zero
[WARNING] root - Error in NumericComparator: float division by zero
[WARNING] root - Error in NumericComparator: float division by zero
[WARNING] root - Error in NumericComparator: float division by zero
[WARNING] root - Error in NumericComparator: float division by zero
[WARNING] root - Error in NumericComparator: float division by zero
[WARNING] root - Error in NumericComparator: float division by zero
[WARNING] root - Error in NumericComparator: float division by zero
[WARNING] root - Error in NumericComparator: float division by zero
[WARNING] root - Error in NumericComparator: float division by zero
[WARNING] root - Error in NumericComparator: float division by zero
[WARNING] root - Error in NumericComparator: float division by zero
[WARNING] root - Error in NumericComparator: float division by zero
[WARNING] root - Error in NumericComparator: float division by zero
[WARNING] root - Error in NumericComparator: float division by zero
[WARNING] root - Error in NumericComparator: float division by zero
[WARNING] root - Error in NumericComparator: float division by zero
[WARNING] root - Error in NumericComparator: float division by zero
[WARNING] root - Error in NumericComparator: float division by zero
[WARNING] root - Error in NumericComparator: float division by zero
[WARNING] root - Error in NumericComparator: float division by zero
[WARNING] root - Error in NumericComparator: float division by zero
[WARNING] root - Error in NumericComparator: float division by zero
[WARNING] root - Error in NumericComparator: float division by zero
[WARNING] root - Error in NumericComparator: float division by zero
[WARNING] root - Error in NumericComparator: float division by zero
[WARNING] root - Error in NumericComparator: float division by zero
[WARNING] root - Error in NumericComparator: float division by zero
[WARNING] root - Error in NumericComparator: float division by zero
[WARNING] root - Error in NumericComparator: float division by zero
[WARNING] root - Error in NumericComparator: float division by zero
[WARNING] root - Error in NumericComparator: float division by zero
[WARNING] root - Error in NumericComparator: float division by zero
[WARNING] root - Error in NumericComparator: float division by zero
[WARNING] root - Error in NumericComparator: float division by zero
[WARNING] root - Error in NumericComparator: float division by zero
[WARNING] root - Error in NumericComparator: float division by zero
[WARNING] root - Error in NumericComparator: float division by zero
[WARNING] root - Error in NumericComparator: float division by zero
[WARNING] root - Error in NumericComparator: float division by zero
[WARNING] root - Error in NumericComparator: float division by zero
[WARNING] root - Error in NumericComparator: float division by zero
[WARNING] root - Error in NumericComparator: float division by zero
[WARNING] root - Error in NumericComparator: float division by zero
[WARNING] root - Error in NumericComparator: float division by zero
[WARNING] root - Error in NumericComparator: float division by zero
[WARNING] root - Error in NumericComparator: float division by zero
[WARNING] root - Error in NumericComparator: float division by zero
[WARNING] root - Error in NumericComparator: float division by zero
[WARNING] root - Error in NumericComparator: float division by zero
[WARNING] root - Error in NumericComparator: float division by zero
[WARNING] root - Error in NumericComparator: float division by zero
[WARNING] root - Error in NumericComparator: float division by zero
[WARNING] root - Error in NumericComparator: float division by zero
[WARNING] root - Error in NumericComparator: float division by zero
[WARNING] root - Error in NumericComparator: float division by zero
[WARNING] root - Error in NumericComparator: float division by zero
[WARNING] root - Error in NumericComparator: float division by zero
[WARNING] root - Error in NumericComparator: float division by zero
[WARNING] root - Error in NumericComparator: float division by zero
[WARNING] root - Error in NumericComparator: float division by zero
[WARNING] root - Error in NumericComparator: float division by zero
[WARNING] root - Error in NumericComparator: float division by zero
[WARNING] root - Error in NumericComparator: float division by zero
[WARNING] root - Error in NumericComparator: float division by zero
[WARNING] root - Error in NumericComparator: float division by zero
[WARNING] root - Error in NumericComparator: float division by zero
[WARNING] root - Error in NumericComparator: float division by zero
[WARNING] root - Error in NumericComparator: float division by zero
[WARNING] root - Error in NumericComparator: float division by zero
[WARNING] root - Error in NumericComparator: float division by zero
[WARNING] root - Error in NumericComparator: float division by zero
[WARNING] root - Error in NumericComparator: float division by zero
[WARNING] root - Error in NumericComparator: float division by zero
[WARNING] root - Error in NumericComparator: float division by zero
[WARNING] root - Error in NumericComparator: float division by zero
[WARNING] root - Error in NumericComparator: float division by zero
[WARNING] root - Error in NumericComparator: float division by zero
[WARNING] root - Error in NumericComparator: float division by zero
[WARNING] root - Error in NumericComparator: float division by zero
[WARNING] root - Error in NumericComparator: float division by zero
[WARNING] root - Error in NumericComparator: float division by zero
[WARNING] root - Error in NumericComparator: float division by zero
[WARNING] root - Error in NumericComparator: float division by zero
[WARNING] root - Error in NumericComparator: float division by zero
[WARNING] root - Error in NumericComparator: float division by zero
[WARNING] root - Error in NumericComparator: float division by zero
[WARNING] root - Error in NumericComparator: float division by zero
[WARNING] root - Error in NumericComparator: float division by zero
[WARNING] root - Error in NumericComparator: float division by zero
[WARNING] root - Error in NumericComparator: float division by zero
[WARNING] root - Error in NumericComparator: float division by zero
[WARNING] root - Error in NumericComparator: float division by zero
[WARNING] root - Error in NumericComparator: float division by zero
[WARNING] root - Error in NumericComparator: float division by zero
[WARNING] root - Error in NumericComparator: float division by zero
[WARNING] root - Error in NumericComparator: float division by zero
[WARNING] root - Error in NumericComparator: float division by zero
[WARNING] root - Error in NumericComparator: float division by zero
[WARNING] root - Error in NumericComparator: float division by zero
[WARNING] root - Error in NumericComparator: float division by zero
[WARNING] root - Error in NumericComparator: float division by zero
[WARNING] root - Error in NumericComparator: float division by zero
[WARNING] root - Error in NumericComparator: float division by zero
[WARNING] root - Error in NumericComparator: float division by zero
[WARNING] root - Error in NumericComparator: float division by zero
[WARNING] root - Error in NumericComparator: float division by zero
[WARNING] root - Error in NumericComparator: float division by zero
[WARNING] root - Error in NumericComparator: float division by zero
[WARNING] root - Error in NumericComparator: float division by zero
[WARNING] root - Error in NumericComparator: float division by zero
[WARNING] root - Error in NumericComparator: float division by zero
[WARNING] root - Error in NumericComparator: float division by zero
[WARNING] root - Error in NumericComparator: float division by zero
[WARNING] root - Error in NumericComparator: float division by zero
[WARNING] root - Error in NumericComparator: float division by zero
[WARNING] root - Error in NumericComparator: float division by zero
[WARNING] root - Error in NumericComparator: float division by zero
[WARNING] root - Error in NumericComparator: float division by zero
[WARNING] root - Error in NumericComparator: float division by zero
[WARNING] root - Error in NumericComparator: float division by zero
[WARNING] root - Error in NumericComparator: float division by zero
[WARNING] root - Error in NumericComparator: float division by zero
[WARNING] root - Error in NumericComparator: float division by zero
[WARNING] root - Error in NumericComparator: float division by zero
[WARNING] root - Error in NumericComparator: float division by zero
[WARNING] root - Error in NumericComparator: float division by zero
[WARNING] root - Error in NumericComparator: float division by zero
[WARNING] root - Error in NumericComparator: float division by zero
[WARNING] root - Error in NumericComparator: float division by zero
[WARNING] root - Error in NumericComparator: float division by zero
[WARNING] root - Error in NumericComparator: float division by zero
[WARNING] root - Error in NumericComparator: float division by zero
[WARNING] root - Error in NumericComparator: float division by zero
[WARNING] root - Error in NumericComparator: float division by zero
[WARNING] root - Error in NumericComparator: float division by zero
[WARNING] root - Error in NumericComparator: float division by zero
[WARNING] root - Error in NumericComparator: float division by zero
[WARNING] root - Error in NumericComparator: float division by zero
[WARNING] root - Error in NumericComparator: float division by zero
[WARNING] root - Error in NumericComparator: float division by zero
[WARNING] root - Error in NumericComparator: float division by zero
[WARNING] root - Error in NumericComparator: float division by zero
[WARNING] root - Error in NumericComparator: float division by zero
[WARNING] root - Error in NumericComparator: float division by zero
[WARNING] root - Error in NumericComparator: float division by zero
[WARNING] root - Error in NumericComparator: float division by zero
[WARNING] root - Error in NumericComparator: float division by zero
[WARNING] root - Error in NumericComparator: float division by zero
[WARNING] root - Error in NumericComparator: float division by zero
[WARNING] root - Error in NumericComparator: float division by zero
[WARNING] root - Error in NumericComparator: float division by zero
[WARNING] root - Error in NumericComparator: float division by zero
[WARNING] root - Error in NumericComparator: float division by zero
[WARNING] root - Error in NumericComparator: float division by zero
[WARNING] root - Error in NumericComparator: float division by zero
[WARNING] root - Error in NumericComparator: float division by zero
[WARNING] root - Error in NumericComparator: float division by zero
[WARNING] root - Error in NumericComparator: float division by zero
[WARNING] root - Error in NumericComparator: float division by zero
[WARNING] root - Error in NumericComparator: float division by zero
[WARNING] root - Error in NumericComparator: float division by zero
[WARNING] root - Error in NumericComparator: float division by zero
[WARNING] root - Error in NumericComparator: float division by zero
[WARNING] root - Error in NumericComparator: float division by zero
[WARNING] root - Error in NumericComparator: float division by zero
[WARNING] root - Error in NumericComparator: float division by zero
[WARNING] root - Error in NumericComparator: float division by zero
[WARNING] root - Error in NumericComparator: float division by zero
[WARNING] root - Error in NumericComparator: float division by zero
[WARNING] root - Error in NumericComparator: float division by zero
[WARNING] root - Error in NumericComparator: float division by zero
[WARNING] root - Error in NumericComparator: float division by zero
[WARNING] root - Error in NumericComparator: float division by zero
[WARNING] root - Error in NumericComparator: float division by zero
[WARNING] root - Error in NumericComparator: float division by zero
[WARNING] root - Error in NumericComparator: float division by zero
[WARNING] root - Error in NumericComparator: float division by zero
[WARNING] root - Error in NumericComparator: float division by zero
[WARNING] root - Error in NumericComparator: float division by zero
[WARNING] root - Error in NumericComparator: float division by zero
[WARNING] root - Error in NumericComparator: float division by zero
[WARNING] root - Error in NumericComparator: float division by zero
[WARNING] root - Error in NumericComparator: float division by zero
[WARNING] root - Error in NumericComparator: float division by zero
[WARNING] root - Error in NumericComparator: float division by zero
[WARNING] root - Error in NumericComparator: float division by zero
[WARNING] root - Error in NumericComparator: float division by zero
[WARNING] root - Error in NumericComparator: float division by zero
[WARNING] root - Error in NumericComparator: float division by zero
[WARNING] root - Error in NumericComparator: float division by zero
[WARNING] root - Error in NumericComparator: float division by zero
[WARNING] root - Error in NumericComparator: float division by zero
[WARNING] root - Error in NumericComparator: float division by zero
[WARNING] root - Error in NumericComparator: float division by zero
[WARNING] root - Error in NumericComparator: float division by zero
[WARNING] root - Error in NumericComparator: float division by zero
[WARNING] root - Error in NumericComparator: float division by zero
[WARNING] root - Error in NumericComparator: float division by zero
[WARNING] root - Error in NumericComparator: float division by zero
[WARNING] root - Error in NumericComparator: float division by zero
[WARNING] root - Error in NumericComparator: float division by zero
[WARNING] root - Error in NumericComparator: float division by zero
[WARNING] root - Error in NumericComparator: float division by zero
[WARNING] root - Error in NumericComparator: float division by zero
[WARNING] root - Error in NumericComparator: float division by zero
[WARNING] root - Error in NumericComparator: float division by zero
[WARNING] root - Error in NumericComparator: float division by zero
[WARNING] root - Error in NumericComparator: float division by zero
[WARNING] root - Error in NumericComparator: float division by zero
[WARNING] root - Error in NumericComparator: float division by zero
[WARNING] root - Error in NumericComparator: float division by zero
[WARNING] root - Error in NumericComparator: float division by zero
[WARNING] root - Error in NumericComparator: float division by zero
[WARNING] root - Error in NumericComparator: float division by zero
[WARNING] root - Error in NumericComparator: float division by zero
[WARNING] root - Error in NumericComparator: float division by zero
[WARNING] root - Error in NumericComparator: float division by zero
[WARNING] root - Error in NumericComparator: float division by zero
[WARNING] root - Error in NumericComparator: float division by zero
[WARNING] root - Error in NumericComparator: float division by zero
[WARNING] root - Error in NumericComparator: float division by zero
[WARNING] root - Error in NumericComparator: float division by zero
[WARNING] root - Error in NumericComparator: float division by zero
[WARNING] root - Error in NumericComparator: float division by zero
[WARNING] root - Error in NumericComparator: float division by zero
[WARNING] root - Error in NumericComparator: float division by zero
[WARNING] root - Error in NumericComparator: float division by zero
[WARNING] root - Error in NumericComparator: float division by zero
[WARNING] root - Error in NumericComparator: float division by zero
[WARNING] root - Error in NumericComparator: float division by zero
[WARNING] root - Error in NumericComparator: float division by zero
[WARNING] root - Error in NumericComparator: float division by zero
[WARNING] root - Error in NumericComparator: float division by zero
[WARNING] root - Error in NumericComparator: float division by zero
[WARNING] root - Error in NumericComparator: float division by zero
[WARNING] root - Error in NumericComparator: float division by zero
[WARNING] root - Error in NumericComparator: float division by zero
[WARNING] root - Error in NumericComparator: float division by zero
[WARNING] root - Error in NumericComparator: float division by zero
[WARNING] root - Error in NumericComparator: float division by zero
[WARNING] root - Error in NumericComparator: float division by zero
[WARNING] root - Error in NumericComparator: float division by zero
[WARNING] root - Error in NumericComparator: float division by zero
[WARNING] root - Error in NumericComparator: float division by zero
[WARNING] root - Error in NumericComparator: float division by zero
[WARNING] root - Error in NumericComparator: float division by zero
[WARNING] root - Error in NumericComparator: float division by zero
[WARNING] root - Error in NumericComparator: float division by zero
[WARNING] root - Error in NumericComparator: float division by zero
[WARNING] root - Error in NumericComparator: float division by zero
[WARNING] root - Error in NumericComparator: float division by zero
[WARNING] root - Error in NumericComparator: float division by zero
[WARNING] root - Error in NumericComparator: float division by zero
[WARNING] root - Error in NumericComparator: float division by zero
[WARNING] root - Error in NumericComparator: float division by zero
[WARNING] root - Error in NumericComparator: float division by zero
[WARNING] root - Error in NumericComparator: float division by zero
[WARNING] root - Error in NumericComparator: float division by zero
[WARNING] root - Error in NumericComparator: float division by zero
[WARNING] root - Error in NumericComparator: float division by zero
[WARNING] root - Error in NumericComparator: float division by zero
[WARNING] root - Error in NumericComparator: float division by zero
[WARNING] root - Error in NumericComparator: float division by zero
[WARNING] root - Error in NumericComparator: float division by zero
[WARNING] root - Error in NumericComparator: float division by zero
[WARNING] root - Error in NumericComparator: float division by zero
[WARNING] root - Error in NumericComparator: float division by zero
[WARNING] root - Error in NumericComparator: float division by zero
[WARNING] root - Error in NumericComparator: float division by zero
[WARNING] root - Error in NumericComparator: float division by zero
[WARNING] root - Error in NumericComparator: float division by zero
[WARNING] root - Error in NumericComparator: float division by zero
[WARNING] root - Error in NumericComparator: float division by zero
[WARNING] root - Error in NumericComparator: float division by zero
[WARNING] root - Error in NumericComparator: float division by zero
[WARNING] root - Error in NumericComparator: float division by zero
[WARNING] root - Error in NumericComparator: float division by zero
[WARNING] root - Error in NumericComparator: float division by zero
[WARNING] root - Error in NumericComparator: float division by zero
[WARNING] root - Error in NumericComparator: float division by zero
[WARNING] root - Error in NumericComparator: float division by zero
[WARNING] root - Error in NumericComparator: float division by zero
[WARNING] root - Error in NumericComparator: float division by zero
[WARNING] root - Error in NumericComparator: float division by zero
[WARNING] root - Error in NumericComparator: float division by zero
[WARNING] root - Error in NumericComparator: float division by zero
[WARNING] root - Error in NumericComparator: float division by zero
[WARNING] root - Error in NumericComparator: float division by zero
[WARNING] root - Error in NumericComparator: float division by zero
[WARNING] root - Error in NumericComparator: float division by zero
[WARNING] root - Error in NumericComparator: float division by zero
[WARNING] root - Error in NumericComparator: float division by zero
[WARNING] root - Error in NumericComparator: float division by zero
[WARNING] root - Error in NumericComparator: float division by zero
[WARNING] root - Error in NumericComparator: float division by zero
[WARNING] root - Error in NumericComparator: float division by zero
[WARNING] root - Error in NumericComparator: float division by zero
[WARNING] root - Error in NumericComparator: float division by zero
[WARNING] root - Error in NumericComparator: float division by zero
[WARNING] root - Error in NumericComparator: float division by zero
[WARNING] root - Error in NumericComparator: float division by zero
[WARNING] root - Error in NumericComparator: float division by zero
[WARNING] root - Error in NumericComparator: float division by zero
[WARNING] root - Error in NumericComparator: float division by zero
[WARNING] root - Error in NumericComparator: float division by zero
[WARNING] root - Error in NumericComparator: float division by zero
[WARNING] root - Error in NumericComparator: float division by zero
[WARNING] root - Error in NumericComparator: float division by zero
[WARNING] root - Error in NumericComparator: float division by zero
[WARNING] root - Error in NumericComparator: float division by zero
[WARNING] root - Error in NumericComparator: float division by zero
[WARNING] root - Error in NumericComparator: float division by zero
[WARNING] root - Error in NumericComparator: float division by zero
[WARNING] root - Error in NumericComparator: float division by zero
[WARNING] root - Error in NumericComparator: float division by zero
[WARNING] root - Error in NumericComparator: float division by zero
[WARNING] root - Error in NumericComparator: float division by zero
[WARNING] root - Error in NumericComparator: float division by zero
[WARNING] root - Error in NumericComparator: float division by zero
[WARNING] root - Error in NumericComparator: float division by zero
[WARNING] root - Error in NumericComparator: float division by zero
[WARNING] root - Error in NumericComparator: float division by zero
[WARNING] root - Error in NumericComparator: float division by zero
[WARNING] root - Error in NumericComparator: float division by zero
[WARNING] root - Error in NumericComparator: float division by zero
[WARNING] root - Error in NumericComparator: float division by zero
[WARNING] root - Error in NumericComparator: float division by zero
[WARNING] root - Error in NumericComparator: float division by zero
[WARNING] root - Error in NumericComparator: float division by zero
[WARNING] root - Error in NumericComparator: float division by zero
[WARNING] root - Error in NumericComparator: float division by zero
[WARNING] root - Error in NumericComparator: float division by zero
[WARNING] root - Error in NumericComparator: float division by zero
[WARNING] root - Error in NumericComparator: float division by zero
[WARNING] root - Error in NumericComparator: float division by zero
[WARNING] root - Error in NumericComparator: float division by zero
[WARNING] root - Error in NumericComparator: float division by zero
[WARNING] root - Error in NumericComparator: float division by zero
[WARNING] root - Error in NumericComparator: float division by zero
[WARNING] root - Error in NumericComparator: float division by zero
[WARNING] root - Error in NumericComparator: float division by zero
[WARNING] root - Error in NumericComparator: float division by zero
[WARNING] root - Error in NumericComparator: float division by zero
[WARNING] root - Error in NumericComparator: float division by zero
[WARNING] root - Error in NumericComparator: float division by zero
[WARNING] root - Error in NumericComparator: float division by zero
[WARNING] root - Error in NumericComparator: float division by zero
[WARNING] root - Error in NumericComparator: float division by zero
[WARNING] root - Error in NumericComparator: float division by zero
[WARNING] root - Error in NumericComparator: float division by zero
[WARNING] root - Error in NumericComparator: float division by zero
[WARNING] root - Error in NumericComparator: float division by zero
[WARNING] root - Error in NumericComparator: float division by zero
[WARNING] root - Error in NumericComparator: float division by zero
[WARNING] root - Error in NumericComparator: float division by zero
[WARNING] root - Error in NumericComparator: float division by zero
[WARNING] root - Error in NumericComparator: float division by zero
[WARNING] root - Error in NumericComparator: float division by zero
[WARNING] root - Error in NumericComparator: float division by zero
[WARNING] root - Error in NumericComparator: float division by zero
[WARNING] root - Error in NumericComparator: float division by zero
[WARNING] root - Error in NumericComparator: float division by zero
[WARNING] root - Error in NumericComparator: float division by zero
[WARNING] root - Error in NumericComparator: float division by zero
[WARNING] root - Error in NumericComparator: float division by zero
[WARNING] root - Error in NumericComparator: float division by zero
[WARNING] root - Error in NumericComparator: float division by zero
[WARNING] root - Error in NumericComparator: float division by zero
[WARNING] root - Error in NumericComparator: float division by zero
[WARNING] root - Error in NumericComparator: float division by zero
[WARNING] root - Error in NumericComparator: float division by zero
[WARNING] root - Error in NumericComparator: float division by zero
[WARNING] root - Error in NumericComparator: float division by zero
[WARNING] root - Error in NumericComparator: float division by zero
[WARNING] root - Error in NumericComparator: float division by zero
[WARNING] root - Error in NumericComparator: float division by zero
[WARNING] root - Error in NumericComparator: float division by zero
[WARNING] root - Error in NumericComparator: float division by zero
[WARNING] root - Error in NumericComparator: float division by zero
[WARNING] root - Error in NumericComparator: float division by zero
[WARNING] root - Error in NumericComparator: float division by zero
[WARNING] root - Error in NumericComparator: float division by zero
[WARNING] root - Error in NumericComparator: float division by zero
[WARNING] root - Error in NumericComparator: float division by zero
[WARNING] root - Error in NumericComparator: float division by zero
[WARNING] root - Error in NumericComparator: float division by zero
[WARNING] root - Error in NumericComparator: float division by zero
[WARNING] root - Error in NumericComparator: float division by zero
[WARNING] root - Error in NumericComparator: float division by zero
[WARNING] root - Error in NumericComparator: float division by zero
[WARNING] root - Error in NumericComparator: float division by zero
[WARNING] root - Error in NumericComparator: float division by zero
[WARNING] root - Error in NumericComparator: float division by zero
[WARNING] root - Error in NumericComparator: float division by zero
[WARNING] root - Error in NumericComparator: float division by zero
[WARNING] root - Error in NumericComparator: float division by zero
[WARNING] root - Error in NumericComparator: float division by zero
[WARNING] root - Error in NumericComparator: float division by zero
[WARNING] root - Error in NumericComparator: float division by zero
[WARNING] root - Error in NumericComparator: float division by zero
[WARNING] root - Error in NumericComparator: float division by zero
[WARNING] root - Error in NumericComparator: float division by zero
[WARNING] root - Error in NumericComparator: float division by zero
[WARNING] root - Error in NumericComparator: float division by zero
[WARNING] root - Error in NumericComparator: float division by zero
[WARNING] root - Error in NumericComparator: float division by zero
[WARNING] root - Error in NumericComparator: float division by zero
[WARNING] root - Error in NumericComparator: float division by zero
[WARNING] root - Error in NumericComparator: float division by zero
[WARNING] root - Error in NumericComparator: float division by zero
[WARNING] root - Error in NumericComparator: float division by zero
[WARNING] root - Error in NumericComparator: float division by zero
[WARNING] root - Error in NumericComparator: float division by zero
[WARNING] root - Error in NumericComparator: float division by zero
[WARNING] root - Error in NumericComparator: float division by zero
[WARNING] root - Error in NumericComparator: float division by zero
[WARNING] root - Error in NumericComparator: float division by zero
[WARNING] root - Error in NumericComparator: float division by zero
[WARNING] root - Error in NumericComparator: float division by zero
[WARNING] root - Error in NumericComparator: float division by zero
[WARNING] root - Error in NumericComparator: float division by zero
[WARNING] root - Error in NumericComparator: float division by zero
[WARNING] root - Error in NumericComparator: float division by zero
[WARNING] root - Error in NumericComparator: float division by zero
[WARNING] root - Error in NumericComparator: float division by zero
[WARNING] root - Error in NumericComparator: float division by zero
[WARNING] root - Error in NumericComparator: float division by zero
[WARNING] root - Error in NumericComparator: float division by zero
[WARNING] root - Error in NumericComparator: float division by zero
[WARNING] root - Error in NumericComparator: float division by zero
[WARNING] root - Error in NumericComparator: float division by zero
[WARNING] root - Error in NumericComparator: float division by zero
[WARNING] root - Error in NumericComparator: float division by zero
[WARNING] root - Error in NumericComparator: float division by zero
[WARNING] root - Error in NumericComparator: float division by zero
[WARNING] root - Error in NumericComparator: float division by zero
[WARNING] root - Error in NumericComparator: float division by zero
[WARNING] root - Error in NumericComparator: float division by zero
[WARNING] root - Error in NumericComparator: float division by zero
[WARNING] root - Error in NumericComparator: float division by zero
[WARNING] root - Error in NumericComparator: float division by zero
[WARNING] root - Error in NumericComparator: float division by zero
[WARNING] root - Error in NumericComparator: float division by zero
[WARNING] root - Error in NumericComparator: float division by zero
[WARNING] root - Error in NumericComparator: float division by zero
[WARNING] root - Error in NumericComparator: float division by zero
[WARNING] root - Error in NumericComparator: float division by zero
[WARNING] root - Error in NumericComparator: float division by zero
[WARNING] root - Error in NumericComparator: float division by zero
[WARNING] root - Error in NumericComparator: float division by zero
[WARNING] root - Error in NumericComparator: float division by zero
[WARNING] root - Error in NumericComparator: float division by zero
[WARNING] root - Error in NumericComparator: float division by zero
[WARNING] root - Error in NumericComparator: float division by zero
[WARNING] root - Error in NumericComparator: float division by zero
[WARNING] root - Error in NumericComparator: float division by zero
[WARNING] root - Error in NumericComparator: float division by zero
[WARNING] root - Error in NumericComparator: float division by zero
[WARNING] root - Error in NumericComparator: float division by zero
[WARNING] root - Error in NumericComparator: float division by zero
[WARNING] root - Error in NumericComparator: float division by zero
[WARNING] root - Error in NumericComparator: float division by zero
[WARNING] root - Error in NumericComparator: float division by zero
[WARNING] root - Error in NumericComparator: float division by zero
[WARNING] root - Error in NumericComparator: float division by zero
[WARNING] root - Error in NumericComparator: float division by zero
[WARNING] root - Error in NumericComparator: float division by zero
[WARNING] root - Error in NumericComparator: float division by zero
[WARNING] root - Error in NumericComparator: float division by zero
[WARNING] root - Error in NumericComparator: float division by zero
[WARNING] root - Error in NumericComparator: float division by zero
[WARNING] root - Error in NumericComparator: float division by zero
[WARNING] root - Error in NumericComparator: float division by zero
[WARNING] root - Error in NumericComparator: float division by zero
[WARNING] root - Error in NumericComparator: float division by zero
[WARNING] root - Error in NumericComparator: float division by zero
[WARNING] root - Error in NumericComparator: float division by zero
[WARNING] root - Error in NumericComparator: float division by zero
[WARNING] root - Error in NumericComparator: float division by zero
[WARNING] root - Error in NumericComparator: float division by zero
[WARNING] root - Error in NumericComparator: float division by zero
[WARNING] root - Error in NumericComparator: float division by zero
[WARNING] root - Error in NumericComparator: float division by zero
[WARNING] root - Error in NumericComparator: float division by zero
[WARNING] root - Error in NumericComparator: float division by zero
[WARNING] root - Error in NumericComparator: float division by zero
[WARNING] root - Error in NumericComparator: float division by zero
[WARNING] root - Error in NumericComparator: float division by zero
[WARNING] root - Error in NumericComparator: float division by zero
[WARNING] root - Error in NumericComparator: float division by zero
[WARNING] root - Error in NumericComparator: float division by zero
[WARNING] root - Error in NumericComparator: float division by zero
[WARNING] root - Error in NumericComparator: float division by zero
[WARNING] root - Error in NumericComparator: float division by zero
[WARNING] root - Error in NumericComparator: float division by zero
[WARNING] root - Error in NumericComparator: float division by zero
[WARNING] root - Error in NumericComparator: float division by zero
[WARNING] root - Error in NumericComparator: float division by zero
[WARNING] root - Error in NumericComparator: float division by zero
[WARNING] root - Error in NumericComparator: float division by zero
[WARNING] root - Error in NumericComparator: float division by zero
[WARNING] root - Error in NumericComparator: float division by zero
[WARNING] root - Error in NumericComparator: float division by zero
[WARNING] root - Error in NumericComparator: float division by zero
[WARNING] root - Error in NumericComparator: float division by zero
[WARNING] root - Error in NumericComparator: float division by zero
[WARNING] root - Error in NumericComparator: float division by zero
[WARNING] root - Error in NumericComparator: float division by zero
[WARNING] root - Error in NumericComparator: float division by zero
[WARNING] root - Error in NumericComparator: float division by zero
[WARNING] root - Error in NumericComparator: float division by zero
[WARNING] root - Error in NumericComparator: float division by zero
[WARNING] root - Error in NumericComparator: float division by zero
[WARNING] root - Error in NumericComparator: float division by zero
[WARNING] root - Error in NumericComparator: float division by zero
[WARNING] root - Error in NumericComparator: float division by zero
[WARNING] root - Error in NumericComparator: float division by zero
[WARNING] root - Error in NumericComparator: float division by zero
[WARNING] root - Error in NumericComparator: float division by zero
[WARNING] root - Error in NumericComparator: float division by zero
[WARNING] root - Error in NumericComparator: float division by zero
[WARNING] root - Error in NumericComparator: float division by zero
[WARNING] root - Error in NumericComparator: float division by zero
[WARNING] root - Error in NumericComparator: float division by zero
[WARNING] root - Error in NumericComparator: float division by zero
[WARNING] root - Error in NumericComparator: float division by zero
[WARNING] root - Error in NumericComparator: float division by zero
[WARNING] root - Error in NumericComparator: float division by zero
[WARNING] root - Error in NumericComparator: float division by zero
[WARNING] root - Error in NumericComparator: float division by zero
[WARNING] root - Error in NumericComparator: float division by zero
[WARNING] root - Error in NumericComparator: float division by zero
[WARNING] root - Error in NumericComparator: float division by zero
[WARNING] root - Error in NumericComparator: float division by zero
[WARNING] root - Error in NumericComparator: float division by zero
[WARNING] root - Error in NumericComparator: float division by zero
[WARNING] root - Error in NumericComparator: float division by zero
[WARNING] root - Error in NumericComparator: float division by zero
[WARNING] root - Error in NumericComparator: float division by zero
[WARNING] root - Error in NumericComparator: float division by zero
[WARNING] root - Error in NumericComparator: float division by zero
[WARNING] root - Error in NumericComparator: float division by zero
[WARNING] root - Error in NumericComparator: float division by zero
[WARNING] root - Error in NumericComparator: float division by zero
[WARNING] root - Error in NumericComparator: float division by zero
[WARNING] root - Error in NumericComparator: float division by zero
[WARNING] root - Error in NumericComparator: float division by zero
[WARNING] root - Error in NumericComparator: float division by zero
[WARNING] root - Error in NumericComparator: float division by zero
[WARNING] root - Error in NumericComparator: float division by zero
[WARNING] root - Error in NumericComparator: float division by zero
[WARNING] root - Error in NumericComparator: float division by zero
[WARNING] root - Error in NumericComparator: float division by zero
[WARNING] root - Error in NumericComparator: float division by zero
[WARNING] root - Error in NumericComparator: float division by zero
[WARNING] root - Error in NumericComparator: float division by zero
[WARNING] root - Error in NumericComparator: float division by zero
[WARNING] root - Error in NumericComparator: float division by zero
[WARNING] root - Error in NumericComparator: float division by zero
[WARNING] root - Error in NumericComparator: float division by zero
[WARNING] root - Error in NumericComparator: float division by zero
[WARNING] root - Error in NumericComparator: float division by zero
[WARNING] root - Error in NumericComparator: float division by zero
[WARNING] root - Error in NumericComparator: float division by zero
[WARNING] root - Error in NumericComparator: float division by zero
[WARNING] root - Error in NumericComparator: float division by zero
[WARNING] root - Error in NumericComparator: float division by zero
[WARNING] root - Error in NumericComparator: float division by zero
[WARNING] root - Error in NumericComparator: float division by zero
[WARNING] root - Error in NumericComparator: float division by zero
[WARNING] root - Error in NumericComparator: float division by zero
[WARNING] root - Error in NumericComparator: float division by zero
[WARNING] root - Error in NumericComparator: float division by zero
[WARNING] root - Error in NumericComparator: float division by zero
[WARNING] root - Error in NumericComparator: float division by zero
[WARNING] root - Error in NumericComparator: float division by zero
[WARNING] root - Error in NumericComparator: float division by zero
[WARNING] root - Error in NumericComparator: float division by zero
[WARNING] root - Error in NumericComparator: float division by zero
[WARNING] root - Error in NumericComparator: float division by zero
[WARNING] root - Error in NumericComparator: float division by zero
[WARNING] root - Error in NumericComparator: float division by zero
[WARNING] root - Error in NumericComparator: float division by zero
[WARNING] root - Error in NumericComparator: float division by zero
[WARNING] root - Error in NumericComparator: float division by zero
[WARNING] root - Error in NumericComparator: float division by zero
[WARNING] root - Error in NumericComparator: float division by zero
[WARNING] root - Error in NumericComparator: float division by zero
[WARNING] root - Error in NumericComparator: float division by zero
[WARNING] root - Error in NumericComparator: float division by zero
[WARNING] root - Error in NumericComparator: float division by zero
[WARNING] root - Error in NumericComparator: float division by zero
[WARNING] root - Error in NumericComparator: float division by zero
[WARNING] root - Error in NumericComparator: float division by zero
[WARNING] root - Error in NumericComparator: float division by zero
[WARNING] root - Error in NumericComparator: float division by zero
[WARNING] root - Error in NumericComparator: float division by zero
[WARNING] root - Error in NumericComparator: float division by zero
[WARNING] root - Error in NumericComparator: float division by zero
[WARNING] root - Error in NumericComparator: float division by zero
[WARNING] root - Error in NumericComparator: float division by zero
[WARNING] root - Error in NumericComparator: float division by zero
[WARNING] root - Error in NumericComparator: float division by zero
[WARNING] root - Error in NumericComparator: float division by zero
[WARNING] root - Error in NumericComparator: float division by zero
[WARNING] root - Error in NumericComparator: float division by zero
[WARNING] root - Error in NumericComparator: float division by zero
[WARNING] root - Error in NumericComparator: float division by zero
[WARNING] root - Error in NumericComparator: float division by zero
[WARNING] root - Error in NumericComparator: float division by zero
[WARNING] root - Error in NumericComparator: float division by zero
[WARNING] root - Error in NumericComparator: float division by zero
[WARNING] root - Error in NumericComparator: float division by zero
[WARNING] root - Error in NumericComparator: float division by zero
[WARNING] root - Error in NumericComparator: float division by zero
[WARNING] root - Error in NumericComparator: float division by zero
[WARNING] root - Error in NumericComparator: float division by zero
[WARNING] root - Error in NumericComparator: float division by zero
[WARNING] root - Error in NumericComparator: float division by zero
[WARNING] root - Error in NumericComparator: float division by zero
[WARNING] root - Error in NumericComparator: float division by zero
[WARNING] root - Error in NumericComparator: float division by zero
[WARNING] root - Error in NumericComparator: float division by zero
[WARNING] root - Error in NumericComparator: float division by zero
[WARNING] root - Error in NumericComparator: float division by zero
[WARNING] root - Error in NumericComparator: float division by zero
[WARNING] root - Error in NumericComparator: float division by zero
[WARNING] root - Error in NumericComparator: float division by zero
[WARNING] root - Error in NumericComparator: float division by zero
[WARNING] root - Error in NumericComparator: float division by zero
[WARNING] root - Error in NumericComparator: float division by zero
[WARNING] root - Error in NumericComparator: float division by zero
[WARNING] root - Error in NumericComparator: float division by zero
[WARNING] root - Error in NumericComparator: float division by zero
[WARNING] root - Error in NumericComparator: float division by zero
[WARNING] root - Error in NumericComparator: float division by zero
[WARNING] root - Error in NumericComparator: float division by zero
[WARNING] root - Error in NumericComparator: float division by zero
[WARNING] root - Error in NumericComparator: float division by zero
[WARNING] root - Error in NumericComparator: float division by zero
[WARNING] root - Error in NumericComparator: float division by zero
[WARNING] root - Error in NumericComparator: float division by zero
[WARNING] root - Error in NumericComparator: float division by zero
[WARNING] root - Error in NumericComparator: float division by zero
[WARNING] root - Error in NumericComparator: float division by zero
[WARNING] root - Error in NumericComparator: float division by zero
[WARNING] root - Error in NumericComparator: float division by zero
[WARNING] root - Error in NumericComparator: float division by zero
[WARNING] root - Error in NumericComparator: float division by zero
[WARNING] root - Error in NumericComparator: float division by zero
[WARNING] root - Error in NumericComparator: float division by zero
[WARNING] root - Error in NumericComparator: float division by zero
[WARNING] root - Error in NumericComparator: float division by zero
[WARNING] root - Error in NumericComparator: float division by zero
[WARNING] root - Error in NumericComparator: float division by zero
[WARNING] root - Error in NumericComparator: float division by zero
[WARNING] root - Error in NumericComparator: float division by zero
[WARNING] root - Error in NumericComparator: float division by zero
[WARNING] root - Error in NumericComparator: float division by zero
[WARNING] root - Error in NumericComparator: float division by zero
[WARNING] root - Error in NumericComparator: float division by zero
[WARNING] root - Error in NumericComparator: float division by zero
[WARNING] root - Error in NumericComparator: float division by zero
[WARNING] root - Error in NumericComparator: float division by zero
[WARNING] root - Error in NumericComparator: float division by zero
[WARNING] root - Error in NumericComparator: float division by zero
[WARNING] root - Error in NumericComparator: float division by zero
[WARNING] root - Error in NumericComparator: float division by zero
[WARNING] root - Error in NumericComparator: float division by zero
[WARNING] root - Error in NumericComparator: float division by zero
[WARNING] root - Error in NumericComparator: float division by zero
[WARNING] root - Error in NumericComparator: float division by zero
[WARNING] root - Error in NumericComparator: float division by zero
[WARNING] root - Error in NumericComparator: float division by zero
[WARNING] root - Error in NumericComparator: float division by zero
[WARNING] root - Error in NumericComparator: float division by zero
[WARNING] root - Error in NumericComparator: float division by zero
[WARNING] root - Error in NumericComparator: float division by zero
[WARNING] root - Error in NumericComparator: float division by zero
[WARNING] root - Error in NumericComparator: float division by zero
[WARNING] root - Error in NumericComparator: float division by zero
[WARNING] root - Error in NumericComparator: float division by zero
[WARNING] root - Error in NumericComparator: float division by zero
[WARNING] root - Error in NumericComparator: float division by zero
[WARNING] root - Error in NumericComparator: float division by zero
[WARNING] root - Error in NumericComparator: float division by zero
[WARNING] root - Error in NumericComparator: float division by zero
[WARNING] root - Error in NumericComparator: float division by zero
[WARNING] root - Error in NumericComparator: float division by zero
[WARNING] root - Error in NumericComparator: float division by zero
[WARNING] root - Error in NumericComparator: float division by zero
[WARNING] root - Error in NumericComparator: float division by zero
[WARNING] root - Error in NumericComparator: float division by zero
[WARNING] root - Error in NumericComparator: float division by zero
[WARNING] root - Error in NumericComparator: float division by zero
[WARNING] root - Error in NumericComparator: float division by zero
[WARNING] root - Error in NumericComparator: float division by zero
[WARNING] root - Error in NumericComparator: float division by zero
[WARNING] root - Error in NumericComparator: float division by zero
[WARNING] root - Error in NumericComparator: float division by zero
[WARNING] root - Error in NumericComparator: float division by zero
[WARNING] root - Error in NumericComparator: float division by zero
[WARNING] root - Error in NumericComparator: float division by zero
[WARNING] root - Error in NumericComparator: float division by zero
[WARNING] root - Error in NumericComparator: float division by zero
[WARNING] root - Error in NumericComparator: float division by zero
[WARNING] root - Error in NumericComparator: float division by zero
[WARNING] root - Error in NumericComparator: float division by zero
[WARNING] root - Error in NumericComparator: float division by zero
[WARNING] root - Error in NumericComparator: float division by zero
[WARNING] root - Error in NumericComparator: float division by zero
[WARNING] root - Error in NumericComparator: float division by zero
[WARNING] root - Error in NumericComparator: float division by zero
[WARNING] root - Error in NumericComparator: float division by zero
[WARNING] root - Error in NumericComparator: float division by zero
[WARNING] root - Error in NumericComparator: float division by zero
[WARNING] root - Error in NumericComparator: float division by zero
[WARNING] root - Error in NumericComparator: float division by zero
[WARNING] root - Error in NumericComparator: float division by zero
[WARNING] root - Error in NumericComparator: float division by zero
[WARNING] root - Error in NumericComparator: float division by zero
[WARNING] root - Error in NumericComparator: float division by zero
[WARNING] root - Error in NumericComparator: float division by zero
[WARNING] root - Error in NumericComparator: float division by zero
[WARNING] root - Error in NumericComparator: float division by zero
[WARNING] root - Error in NumericComparator: float division by zero
[WARNING] root - Error in NumericComparator: float division by zero
[WARNING] root - Error in NumericComparator: float division by zero
[WARNING] root - Error in NumericComparator: float division by zero
[WARNING] root - Error in NumericComparator: float division by zero
[WARNING] root - Error in NumericComparator: float division by zero
[WARNING] root - Error in NumericComparator: float division by zero
[WARNING] root - Error in NumericComparator: float division by zero
[WARNING] root - Error in NumericComparator: float division by zero
[WARNING] root - Error in NumericComparator: float division by zero
[WARNING] root - Error in NumericComparator: float division by zero
[WARNING] root - Error in NumericComparator: float division by zero
[WARNING] root - Error in NumericComparator: float division by zero
[WARNING] root - Error in NumericComparator: float division by zero
[WARNING] root - Error in NumericComparator: float division by zero
[WARNING] root - Error in NumericComparator: float division by zero
[WARNING] root - Error in NumericComparator: float division by zero
[WARNING] root - Error in NumericComparator: float division by zero
[WARNING] root - Error in NumericComparator: float division by zero
[WARNING] root - Error in NumericComparator: float division by zero
[WARNING] root - Error in NumericComparator: float division by zero
[WARNING] root - Error in NumericComparator: float division by zero
[WARNING] root - Error in NumericComparator: float division by zero
[WARNING] root - Error in NumericComparator: float division by zero
[WARNING] root - Error in NumericComparator: float division by zero
[WARNING] root - Error in NumericComparator: float division by zero
[WARNING] root - Error in NumericComparator: float division by zero
[WARNING] root - Error in NumericComparator: float division by zero
[WARNING] root - Error in NumericComparator: float division by zero
[WARNING] root - Error in NumericComparator: float division by zero
[WARNING] root - Error in NumericComparator: float division by zero
[WARNING] root - Error in NumericComparator: float division by zero
[WARNING] root - Error in NumericComparator: float division by zero
[WARNING] root - Error in NumericComparator: float division by zero
[WARNING] root - Error in NumericComparator: float division by zero
[WARNING] root - Error in NumericComparator: float division by zero
[WARNING] root - Error in NumericComparator: float division by zero
[WARNING] root - Error in NumericComparator: float division by zero
[WARNING] root - Error in NumericComparator: float division by zero
[WARNING] root - Error in NumericComparator: float division by zero
[WARNING] root - Error in NumericComparator: float division by zero
[WARNING] root - Error in NumericComparator: float division by zero
[WARNING] root - Error in NumericComparator: float division by zero
[WARNING] root - Error in NumericComparator: float division by zero
[WARNING] root - Error in NumericComparator: float division by zero
[WARNING] root - Error in NumericComparator: float division by zero
[WARNING] root - Error in NumericComparator: float division by zero
[WARNING] root - Error in NumericComparator: float division by zero
[WARNING] root - Error in NumericComparator: float division by zero
[WARNING] root - Error in NumericComparator: float division by zero
[WARNING] root - Error in NumericComparator: float division by zero
[WARNING] root - Error in NumericComparator: float division by zero
[WARNING] root - Error in NumericComparator: float division by zero
[WARNING] root - Error in NumericComparator: float division by zero
[WARNING] root - Error in NumericComparator: float division by zero
[WARNING] root - Error in NumericComparator: float division by zero
[WARNING] root - Error in NumericComparator: float division by zero
[WARNING] root - Error in NumericComparator: float division by zero
[WARNING] root - Error in NumericComparator: float division by zero
[WARNING] root - Error in NumericComparator: float division by zero
[WARNING] root - Error in NumericComparator: float division by zero
[WARNING] root - Error in NumericComparator: float division by zero
[WARNING] root - Error in NumericComparator: float division by zero
[WARNING] root - Error in NumericComparator: float division by zero
[WARNING] root - Error in NumericComparator: float division by zero
[WARNING] root - Error in NumericComparator: float division by zero
[WARNING] root - Error in NumericComparator: float division by zero
[WARNING] root - Error in NumericComparator: float division by zero
[WARNING] root - Error in NumericComparator: float division by zero
[WARNING] root - Error in NumericComparator: float division by zero
[WARNING] root - Error in NumericComparator: float division by zero
[WARNING] root - Error in NumericComparator: float division by zero
[WARNING] root - Error in NumericComparator: float division by zero
[WARNING] root - Error in NumericComparator: float division by zero
[WARNING] root - Error in NumericComparator: float division by zero
[WARNING] root - Error in NumericComparator: float division by zero
[WARNING] root - Error in NumericComparator: float division by zero
[WARNING] root - Error in NumericComparator: float division by zero
[WARNING] root - Error in NumericComparator: float division by zero
[WARNING] root - Error in NumericComparator: float division by zero
[WARNING] root - Error in NumericComparator: float division by zero
[WARNING] root - Error in NumericComparator: float division by zero
[WARNING] root - Error in NumericComparator: float division by zero
[WARNING] root - Error in NumericComparator: float division by zero
[WARNING] root - Error in NumericComparator: float division by zero
[WARNING] root - Error in NumericComparator: float division by zero
[WARNING] root - Error in NumericComparator: float division by zero
[WARNING] root - Error in NumericComparator: float division by zero
[WARNING] root - Error in NumericComparator: float division by zero
[WARNING] root - Error in NumericComparator: float division by zero
[WARNING] root - Error in NumericComparator: float division by zero
[WARNING] root - Error in NumericComparator: float division by zero
[WARNING] root - Error in NumericComparator: float division by zero
[WARNING] root - Error in NumericComparator: float division by zero
[WARNING] root - Error in NumericComparator: float division by zero
[WARNING] root - Error in NumericComparator: float division by zero
[WARNING] root - Error in NumericComparator: float division by zero
[WARNING] root - Error in NumericComparator: float division by zero
[WARNING] root - Error in NumericComparator: float division by zero
[WARNING] root - Error in NumericComparator: float division by zero
[WARNING] root - Error in NumericComparator: float division by zero
[WARNING] root - Error in NumericComparator: float division by zero
[WARNING] root - Error in NumericComparator: float division by zero
[WARNING] root - Error in NumericComparator: float division by zero
[WARNING] root - Error in NumericComparator: float division by zero
[WARNING] root - Error in NumericComparator: float division by zero
[WARNING] root - Error in NumericComparator: float division by zero
[WARNING] root - Error in NumericComparator: float division by zero
[WARNING] root - Error in NumericComparator: float division by zero
[WARNING] root - Error in NumericComparator: float division by zero
[WARNING] root - Error in NumericComparator: float division by zero
[WARNING] root - Error in NumericComparator: float division by zero
[WARNING] root - Error in NumericComparator: float division by zero
[WARNING] root - Error in NumericComparator: float division by zero
[WARNING] root - Error in NumericComparator: float division by zero
[WARNING] root - Error in NumericComparator: float division by zero
[WARNING] root - Error in NumericComparator: float division by zero
[WARNING] root - Error in NumericComparator: float division by zero
[WARNING] root - Error in NumericComparator: float division by zero
[WARNING] root - Error in NumericComparator: float division by zero
[WARNING] root - Error in NumericComparator: float division by zero
[WARNING] root - Error in NumericComparator: float division by zero
[WARNING] root - Error in NumericComparator: float division by zero
[WARNING] root - Error in NumericComparator: float division by zero
[WARNING] root - Error in NumericComparator: float division by zero
[WARNING] root - Error in NumericComparator: float division by zero
[WARNING] root - Error in NumericComparator: float division by zero
[WARNING] root - Error in NumericComparator: float division by zero
[WARNING] root - Error in NumericComparator: float division by zero
[WARNING] root - Error in NumericComparator: float division by zero
[WARNING] root - Error in NumericComparator: float division by zero
[WARNING] root - Error in NumericComparator: float division by zero
[WARNING] root - Error in NumericComparator: float division by zero
[WARNING] root - Error in NumericComparator: float division by zero
[WARNING] root - Error in NumericComparator: float division by zero
[WARNING] root - Error in NumericComparator: float division by zero
[WARNING] root - Error in NumericComparator: float division by zero
[WARNING] root - Error in NumericComparator: float division by zero
[WARNING] root - Error in NumericComparator: float division by zero
[WARNING] root - Error in NumericComparator: float division by zero
[WARNING] root - Error in NumericComparator: float division by zero
[WARNING] root - Error in NumericComparator: float division by zero
[WARNING] root - Error in NumericComparator: float division by zero
[WARNING] root - Error in NumericComparator: float division by zero
[WARNING] root - Error in NumericComparator: float division by zero
[WARNING] root - Error in NumericComparator: float division by zero
[WARNING] root - Error in NumericComparator: float division by zero
[WARNING] root - Error in NumericComparator: float division by zero
[WARNING] root - Error in NumericComparator: float division by zero
[WARNING] root - Error in NumericComparator: float division by zero
[WARNING] root - Error in NumericComparator: float division by zero
[WARNING] root - Error in NumericComparator: float division by zero
[WARNING] root - Error in NumericComparator: float division by zero
[WARNING] root - Error in NumericComparator: float division by zero
[WARNING] root - Error in NumericComparator: float division by zero
[WARNING] root - Error in NumericComparator: float division by zero
[WARNING] root - Error in NumericComparator: float division by zero
[WARNING] root - Error in NumericComparator: float division by zero
[WARNING] root - Error in NumericComparator: float division by zero
[WARNING] root - Error in NumericComparator: float division by zero
[WARNING] root - Error in NumericComparator: float division by zero
[WARNING] root - Error in NumericComparator: float division by zero
[WARNING] root - Error in NumericComparator: float division by zero
[WARNING] root - Error in NumericComparator: float division by zero
[WARNING] root - Error in NumericComparator: float division by zero
[WARNING] root - Error in NumericComparator: float division by zero
[WARNING] root - Error in NumericComparator: float division by zero
[WARNING] root - Error in NumericComparator: float division by zero
[WARNING] root - Error in NumericComparator: float division by zero
[WARNING] root - Error in NumericComparator: float division by zero
[WARNING] root - Error in NumericComparator: float division by zero
[WARNING] root - Error in NumericComparator: float division by zero
[WARNING] root - Error in NumericComparator: float division by zero
[WARNING] root - Error in NumericComparator: float division by zero
[WARNING] root - Error in NumericComparator: float division by zero
[WARNING] root - Error in NumericComparator: float division by zero
[WARNING] root - Error in NumericComparator: float division by zero
[WARNING] root - Error in NumericComparator: float division by zero
[WARNING] root - Error in NumericComparator: float division by zero
[WARNING] root - Error in NumericComparator: float division by zero
[WARNING] root - Error in NumericComparator: float division by zero
[WARNING] root - Error in NumericComparator: float division by zero
[WARNING] root - Error in NumericComparator: float division by zero
[WARNING] root - Error in NumericComparator: float division by zero
[WARNING] root - Error in NumericComparator: float division by zero
[WARNING] root - Error in NumericComparator: float division by zero
[WARNING] root - Error in NumericComparator: float division by zero
[WARNING] root - Error in NumericComparator: float division by zero
[WARNING] root - Error in NumericComparator: float division by zero
[WARNING] root - Error in NumericComparator: float division by zero
[WARNING] root - Error in NumericComparator: float division by zero
[WARNING] root - Error in NumericComparator: float division by zero
[WARNING] root - Error in NumericComparator: float division by zero
[WARNING] root - Error in NumericComparator: float division by zero
[WARNING] root - Error in NumericComparator: float division by zero
[WARNING] root - Error in NumericComparator: float division by zero
[WARNING] root - Error in NumericComparator: float division by zero
[WARNING] root - Error in NumericComparator: float division by zero
[WARNING] root - Error in NumericComparator: float division by zero
[WARNING] root - Error in NumericComparator: float division by zero
[WARNING] root - Error in NumericComparator: float division by zero
[WARNING] root - Error in NumericComparator: float division by zero
[WARNING] root - Error in NumericComparator: float division by zero
[WARNING] root - Error in NumericComparator: float division by zero
[WARNING] root - Error in NumericComparator: float division by zero
[WARNING] root - Error in NumericComparator: float division by zero
[WARNING] root - Error in NumericComparator: float division by zero
[WARNING] root - Error in NumericComparator: float division by zero
[WARNING] root - Error in NumericComparator: float division by zero
[WARNING] root - Error in NumericComparator: float division by zero
[WARNING] root - Error in NumericComparator: float division by zero
[WARNING] root - Error in NumericComparator: float division by zero
[WARNING] root - Error in NumericComparator: float division by zero
[WARNING] root - Error in NumericComparator: float division by zero
[WARNING] root - Error in NumericComparator: float division by zero
[WARNING] root - Error in NumericComparator: float division by zero
[WARNING] root - Error in NumericComparator: float division by zero
[WARNING] root - Error in NumericComparator: float division by zero
[WARNING] root - Error in NumericComparator: float division by zero
[WARNING] root - Error in NumericComparator: float division by zero
[WARNING] root - Error in NumericComparator: float division by zero
[WARNING] root - Error in NumericComparator: float division by zero
[WARNING] root - Error in NumericComparator: float division by zero
[WARNING] root - Error in NumericComparator: float division by zero
[WARNING] root - Error in NumericComparator: float division by zero
[WARNING] root - Error in NumericComparator: float division by zero
[WARNING] root - Error in NumericComparator: float division by zero
[WARNING] root - Error in NumericComparator: float division by zero
[WARNING] root - Error in NumericComparator: float division by zero
[WARNING] root - Error in NumericComparator: float division by zero
[WARNING] root - Error in NumericComparator: float division by zero
[WARNING] root - Error in NumericComparator: float division by zero
[WARNING] root - Error in NumericComparator: float division by zero
[WARNING] root - Error in NumericComparator: float division by zero
[WARNING] root - Error in NumericComparator: float division by zero
[WARNING] root - Error in NumericComparator: float division by zero
[WARNING] root - Error in NumericComparator: float division by zero
[WARNING] root - Error in NumericComparator: float division by zero
[WARNING] root - Error in NumericComparator: float division by zero
[WARNING] root - Error in NumericComparator: float division by zero
[WARNING] root - Error in NumericComparator: float division by zero
[WARNING] root - Error in NumericComparator: float division by zero
[WARNING] root - Error in NumericComparator: float division by zero
[WARNING] root - Error in NumericComparator: float division by zero
[WARNING] root - Error in NumericComparator: float division by zero
[WARNING] root - Error in NumericComparator: float division by zero
[WARNING] root - Error in NumericComparator: float division by zero
[WARNING] root - Error in NumericComparator: float division by zero
[WARNING] root - Error in NumericComparator: float division by zero
[WARNING] root - Error in NumericComparator: float division by zero
[WARNING] root - Error in NumericComparator: float division by zero
[WARNING] root - Error in NumericComparator: float division by zero
[WARNING] root - Error in NumericComparator: float division by zero
[WARNING] root - Error in NumericComparator: float division by zero
[WARNING] root - Error in NumericComparator: float division by zero
[WARNING] root - Error in NumericComparator: float division by zero
[WARNING] root - Error in NumericComparator: float division by zero
[WARNING] root - Error in NumericComparator: float division by zero
[WARNING] root - Error in NumericComparator: float division by zero
[WARNING] root - Error in NumericComparator: float division by zero
[WARNING] root - Error in NumericComparator: float division by zero
[WARNING] root - Error in NumericComparator: float division by zero
[WARNING] root - Error in NumericComparator: float division by zero
[WARNING] root - Error in NumericComparator: float division by zero
[WARNING] root - Error in NumericComparator: float division by zero
[WARNING] root - Error in NumericComparator: float division by zero
[WARNING] root - Error in NumericComparator: float division by zero
[WARNING] root - Error in NumericComparator: float division by zero
[WARNING] root - Error in NumericComparator: float division by zero
[WARNING] root - Error in NumericComparator: float division by zero
[WARNING] root - Error in NumericComparator: float division by zero
[WARNING] root - Error in NumericComparator: float division by zero
[WARNING] root - Error in NumericComparator: float division by zero
[WARNING] root - Error in NumericComparator: float division by zero
[WARNING] root - Error in NumericComparator: float division by zero
[WARNING] root - Error in NumericComparator: float division by zero
[WARNING] root - Error in NumericComparator: float division by zero
[WARNING] root - Error in NumericComparator: float division by zero
[WARNING] root - Error in NumericComparator: float division by zero
[WARNING] root - Error in NumericComparator: float division by zero
[WARNING] root - Error in NumericComparator: float division by zero
[WARNING] root - Error in NumericComparator: float division by zero
[WARNING] root - Error in NumericComparator: float division by zero
[WARNING] root - Error in NumericComparator: float division by zero
[WARNING] root - Error in NumericComparator: float division by zero
[WARNING] root - Error in NumericComparator: float division by zero
[WARNING] root - Error in NumericComparator: float division by zero
[WARNING] root - Error in NumericComparator: float division by zero
[WARNING] root - Error in NumericComparator: float division by zero
[WARNING] root - Error in NumericComparator: float division by zero
[WARNING] root - Error in NumericComparator: float division by zero
[WARNING] root - Error in NumericComparator: float division by zero
[WARNING] root - Error in NumericComparator: float division by zero
[WARNING] root - Error in NumericComparator: float division by zero
[WARNING] root - Error in NumericComparator: float division by zero
[WARNING] root - Error in NumericComparator: float division by zero
[WARNING] root - Error in NumericComparator: float division by zero
[WARNING] root - Error in NumericComparator: float division by zero
[INFO ] PyDI.entitymatching.rule_based.RuleBasedMatcher - Starting Entity Matching
[INFO ] PyDI.entitymatching.rule_based.RuleBasedMatcher - Blocking 84461 x 14666 elements
[INFO ] PyDI.entitymatching.rule_based.RuleBasedMatcher - Matching 84461 x 14666 elements after 0:00:0.011; 159073 blocked pairs (reduction ratio: 0.9998715812104891)
[INFO ] PyDI.entitymatching.rule_based.RuleBasedMatcher - Entity Matching finished after 0:00:18.054; found 16485 correspondences.
[INFO ] PyDI.entitymatching.rule_based.RuleBasedMatcher - Starting Entity Matching
[INFO ] PyDI.entitymatching.rule_based.RuleBasedMatcher - Blocking 84461 x 16327 elements
[INFO ] PyDI.entitymatching.rule_based.RuleBasedMatcher - Matching 84461 x 16327 elements after 0:00:0.006; 154279 blocked pairs (reduction ratio: 0.9998881221264)
[INFO ] PyDI.entitymatching.rule_based.RuleBasedMatcher - Entity Matching finished after 0:00:16.695; found 17360 correspondences.
[INFO ] root - Cluster Size Distribution of 8528 clusters:
[INFO ] root - 	Cluster Size	| Frequency	| Percentage
[INFO ] root - 	──────────────────────────────────────────────────
[INFO ] root - 		2	|	6300	|	73.87%
[INFO ] root - 		3	|	1020	|	11.96%
[INFO ] root - 		4	|	419	|	4.91%
[INFO ] root - 		5	|	231	|	2.71%
[INFO ] root - 		6	|	222	|	2.60%
[INFO ] root - 		7	|	110	|	1.29%
[INFO ] root - 		8	|	97	|	1.14%
[INFO ] root - 		9	|	43	|	0.50%
[INFO ] root - 		10	|	40	|	0.47%
[INFO ] root - 		11	|	14	|	0.16%
[INFO ] root - 		12	|	5	|	0.06%
[INFO ] root - 		13	|	10	|	0.12%
[INFO ] root - 		14	|	5	|	0.06%
[INFO ] root - 		15	|	1	|	0.01%
[INFO ] root - 		16	|	1	|	0.01%
[INFO ] root - 		17	|	1	|	0.01%
[INFO ] root - 		18	|	1	|	0.01%
[INFO ] root - 		19	|	1	|	0.01%
[INFO ] root - 		20	|	1	|	0.01%
[INFO ] root - 		21	|	1	|	0.01%
[INFO ] root - 		23	|	2	|	0.02%
[INFO ] root - 		25	|	1	|	0.01%
[INFO ] root - 		27	|	1	|	0.01%
[INFO ] root - 		30	|	1	|	0.01%
[INFO ] root - Cluster size distribution written to /Users/onurcanmemis/Desktop/web-data-integration-team-project/output/cluster_analysis/cluster_size_distribution.csv
[INFO ] root - Cluster Size Distribution of 5516 clusters:
[INFO ] root - 	Cluster Size	| Frequency	| Percentage
[INFO ] root - 	──────────────────────────────────────────────────
[INFO ] root - 		2	|	3697	|	67.02%
[INFO ] root - 		3	|	542	|	9.83%
[INFO ] root - 		4	|	460	|	8.34%
[INFO ] root - 		5	|	196	|	3.55%
[INFO ] root - 		6	|	184	|	3.34%
[INFO ] root - 		7	|	95	|	1.72%
[INFO ] root - 		8	|	97	|	1.76%
[INFO ] root - 		9	|	58	|	1.05%
[INFO ] root - 		10	|	49	|	0.89%
[INFO ] root - 		11	|	30	|	0.54%
[INFO ] root - 		12	|	37	|	0.67%
[INFO ] root - 		13	|	12	|	0.22%
[INFO ] root - 		14	|	13	|	0.24%
[INFO ] root - 		15	|	15	|	0.27%
[INFO ] root - 		16	|	9	|	0.16%
[INFO ] root - 		17	|	4	|	0.07%
[INFO ] root - 		18	|	4	|	0.07%
[INFO ] root - 		19	|	4	|	0.07%
[INFO ] root - 		22	|	4	|	0.07%
[INFO ] root - 		26	|	1	|	0.02%
[INFO ] root - 		27	|	1	|	0.02%
[INFO ] root - 		28	|	2	|	0.04%
[INFO ] root - 		31	|	1	|	0.02%
[INFO ] root - 		32	|	1	|	0.02%
[INFO ] root - Cluster size distribution written to /Users/onurcanmemis/Desktop/web-data-integration-team-project/output/cluster_analysis/cluster_size_distribution.csv
[INFO ] PyDI.entitymatching.rule_based.RuleBasedMatcher - Starting Entity Matching
[INFO ] PyDI.entitymatching.rule_based.RuleBasedMatcher - Blocking 84461 x 14666 elements
[INFO ] PyDI.entitymatching.rule_based.RuleBasedMatcher - Matching 84461 x 14666 elements after 0:00:0.013; 159073 blocked pairs (reduction ratio: 0.9998715812104891)
[INFO ] PyDI.entitymatching.rule_based.RuleBasedMatcher - Starting Entity Matching
[INFO ] PyDI.entitymatching.rule_based.RuleBasedMatcher - Blocking 84461 x 14666 elements
[INFO ] PyDI.entitymatching.rule_based.RuleBasedMatcher - Matching 84461 x 14666 elements after 0:00:0.009; 159073 blocked pairs (reduction ratio: 0.9998715812104891)
[INFO ] PyDI.entitymatching.rule_based.RuleBasedMatcher - Entity Matching finished after 0:00:18.245; found 9477 correspondences.
[INFO ] PyDI.entitymatching.rule_based.RuleBasedMatcher - Starting Entity Matching
[INFO ] PyDI.entitymatching.rule_based.RuleBasedMatcher - Blocking 84461 x 16327 elements
[INFO ] PyDI.entitymatching.rule_based.RuleBasedMatcher - Matching 84461 x 16327 elements after 0:00:0.005; 154279 blocked pairs (reduction ratio: 0.9998881221264)
[INFO ] PyDI.entitymatching.rule_based.RuleBasedMatcher - Entity Matching finished after 0:00:17.685; found 6954 correspondences.
[INFO ] root - Cluster Size Distribution of 8810 clusters:
[INFO ] root - 	Cluster Size	| Frequency	| Percentage
[INFO ] root - 	──────────────────────────────────────────────────
[INFO ] root - 		2	|	8362	|	94.91%
[INFO ] root - 		3	|	342	|	3.88%
[INFO ] root - 		4	|	78	|	0.89%
[INFO ] root - 		5	|	18	|	0.20%
[INFO ] root - 		6	|	4	|	0.05%
[INFO ] root - 		7	|	2	|	0.02%
[INFO ] root - 		8	|	4	|	0.05%
[INFO ] root - Cluster size distribution written to /Users/onurcanmemis/Desktop/web-data-integration-team-project/output/cluster_analysis/cluster_size_distribution.csv
[INFO ] root - Cluster Size Distribution of 5656 clusters:
[INFO ] root - 	Cluster Size	| Frequency	| Percentage
[INFO ] root - 	──────────────────────────────────────────────────
[INFO ] root - 		2	|	4990	|	88.22%
[INFO ] root - 		3	|	405	|	7.16%
[INFO ] root - 		4	|	184	|	3.25%
[INFO ] root - 		5	|	54	|	0.95%
[INFO ] root - 		6	|	18	|	0.32%
[INFO ] root - 		7	|	1	|	0.02%
[INFO ] root - 		8	|	2	|	0.04%
[INFO ] root - 		9	|	2	|	0.04%
[INFO ] root - Cluster size distribution written to /Users/onurcanmemis/Desktop/web-data-integration-team-project/output/cluster_analysis/cluster_size_distribution.csv
[INFO ] root - Confusion Matrix:
[INFO ] root -   True Positives:  89
[INFO ] root -   True Negatives:  104
[INFO ] root -   False Positives: 1
[INFO ] root -   False Negatives: 5
[INFO ] root - Performance Metrics:
[INFO ] root -   Accuracy:  0.970
[INFO ] root -   Precision: 0.989
[INFO ] root -   Recall:    0.947
[INFO ] root -   F1-Score:  0.967
[INFO ] root - Confusion Matrix:
[INFO ] root -   True Positives:  77
[INFO ] root -   True Negatives:  104
[INFO ] root -   False Positives: 0
[INFO ] root -   False Negatives: 18
[INFO ] root - Performance Metrics:
[INFO ] root -   Accuracy:  0.910
[INFO ] root -   Precision: 1.000
[INFO ] root -   Recall:    0.811
[INFO ] root -   F1-Score:  0.895
[INFO ] root - Label distribution: 375 positive, 420 negative
[INFO ] root - Label distribution: 378 positive, 418 negative
[INFO ] PyDI.entitymatching.ml_based.MLBasedMatcher - Starting Entity Matching
[INFO ] PyDI.entitymatching.ml_based.MLBasedMatcher - Blocking 84461 x 14666 elements
[INFO ] PyDI.entitymatching.ml_based.MLBasedMatcher - Matching 84461 x 14666 elements after 0:00:0.273; 466402 blocked pairs (reduction ratio: 0.9996234761382167)
[INFO ] PyDI.entitymatching.ml_based.MLBasedMatcher - Entity Matching finished after 0:00:57.094; found 91543 correspondences.
[INFO ] PyDI.entitymatching.ml_based.MLBasedMatcher - Starting Entity Matching
[INFO ] PyDI.entitymatching.ml_based.MLBasedMatcher - Blocking 84461 x 16327 elements
[INFO ] PyDI.entitymatching.ml_based.MLBasedMatcher - Matching 84461 x 16327 elements after 0:00:0.193; 481978 blocked pairs (reduction ratio: 0.9996504859782471)
[INFO ] PyDI.entitymatching.ml_based.MLBasedMatcher - Entity Matching finished after 0:00:58.242; found 205498 correspondences.
[INFO ] root - Cluster Size Distribution of 5458 clusters:
[INFO ] root - 	Cluster Size	| Frequency	| Percentage
[INFO ] root - 	──────────────────────────────────────────────────
[INFO ] root - 		2	|	1229	|	22.52%
[INFO ] root - 		3	|	670	|	12.28%
[INFO ] root - 		4	|	699	|	12.81%
[INFO ] root - 		5	|	524	|	9.60%
[INFO ] root - 		6	|	491	|	9.00%
[INFO ] root - 		7	|	324	|	5.94%
[INFO ] root - 		8	|	298	|	5.46%
[INFO ] root - 		9	|	210	|	3.85%
[INFO ] root - 		10	|	138	|	2.53%
[INFO ] root - 		11	|	114	|	2.09%
[INFO ] root - 		12	|	91	|	1.67%
[INFO ] root - 		13	|	78	|	1.43%
[INFO ] root - 		14	|	72	|	1.32%
[INFO ] root - 		15	|	47	|	0.86%
[INFO ] root - 		16	|	52	|	0.95%
[INFO ] root - 		17	|	32	|	0.59%
[INFO ] root - 		18	|	35	|	0.64%
[INFO ] root - 		19	|	30	|	0.55%
[INFO ] root - 		20	|	26	|	0.48%
[INFO ] root - 		21	|	24	|	0.44%
[INFO ] root - 		22	|	20	|	0.37%
[INFO ] root - 		23	|	20	|	0.37%
[INFO ] root - 		24	|	18	|	0.33%
[INFO ] root - 		25	|	23	|	0.42%
[INFO ] root - 		26	|	15	|	0.27%
[INFO ] root - 		27	|	12	|	0.22%
[INFO ] root - 		28	|	11	|	0.20%
[INFO ] root - 		29	|	10	|	0.18%
[INFO ] root - 		30	|	8	|	0.15%
[INFO ] root - 		31	|	8	|	0.15%
[INFO ] root - 		32	|	7	|	0.13%
[INFO ] root - 		33	|	9	|	0.16%
[INFO ] root - 		34	|	4	|	0.07%
[INFO ] root - 		35	|	8	|	0.15%
[INFO ] root - 		36	|	5	|	0.09%
[INFO ] root - 		37	|	3	|	0.05%
[INFO ] root - 		38	|	3	|	0.05%
[INFO ] root - 		39	|	5	|	0.09%
[INFO ] root - 		40	|	4	|	0.07%
[INFO ] root - 		41	|	3	|	0.05%
[INFO ] root - 		42	|	2	|	0.04%
[INFO ] root - 		43	|	3	|	0.05%
[INFO ] root - 		44	|	3	|	0.05%
[INFO ] root - 		45	|	3	|	0.05%
[INFO ] root - 		46	|	1	|	0.02%
[INFO ] root - 		47	|	2	|	0.04%
[INFO ] root - 		48	|	2	|	0.04%
[INFO ] root - 		49	|	2	|	0.04%
[INFO ] root - 		50	|	4	|	0.07%
[INFO ] root - 		51	|	1	|	0.02%
[INFO ] root - 		52	|	3	|	0.05%
[INFO ] root - 		53	|	2	|	0.04%
[INFO ] root - 		54	|	1	|	0.02%
[INFO ] root - 		55	|	1	|	0.02%
[INFO ] root - 		56	|	2	|	0.04%
[INFO ] root - 		57	|	1	|	0.02%
[INFO ] root - 		58	|	2	|	0.04%
[INFO ] root - 		59	|	1	|	0.02%
[INFO ] root - 		60	|	1	|	0.02%
[INFO ] root - 		61	|	2	|	0.04%
[INFO ] root - 		62	|	1	|	0.02%
[INFO ] root - 		63	|	1	|	0.02%
[INFO ] root - 		65	|	1	|	0.02%
[INFO ] root - 		66	|	5	|	0.09%
[INFO ] root - 		68	|	1	|	0.02%
[INFO ] root - 		70	|	1	|	0.02%
[INFO ] root - 		71	|	1	|	0.02%
[INFO ] root - 		72	|	3	|	0.05%
[INFO ] root - 		73	|	2	|	0.04%
[INFO ] root - 		75	|	1	|	0.02%
[INFO ] root - 		76	|	1	|	0.02%
[INFO ] root - 		78	|	1	|	0.02%
[INFO ] root - 		79	|	1	|	0.02%
[INFO ] root - 		82	|	1	|	0.02%
[INFO ] root - 		84	|	2	|	0.04%
[INFO ] root - 		87	|	1	|	0.02%
[INFO ] root - 		91	|	1	|	0.02%
[INFO ] root - 		93	|	1	|	0.02%
[INFO ] root - 		98	|	2	|	0.04%
[INFO ] root - 		102	|	1	|	0.02%
[INFO ] root - 		112	|	1	|	0.02%
[INFO ] root - 		117	|	1	|	0.02%
[INFO ] root - 		122	|	1	|	0.02%
[INFO ] root - 		124	|	1	|	0.02%
[INFO ] root - 		147	|	1	|	0.02%
[INFO ] root - 		153	|	1	|	0.02%
[INFO ] root - 		154	|	1	|	0.02%
[INFO ] root - 		166	|	1	|	0.02%
[INFO ] root - 		177	|	1	|	0.02%
[INFO ] root - 		194	|	1	|	0.02%
[INFO ] root - Cluster size distribution written to /Users/onurcanmemis/Desktop/web-data-integration-team-project/output/cluster_analysis/cluster_size_distribution.csv
[INFO ] root - Cluster Size Distribution of 2570 clusters:
[INFO ] root - 	Cluster Size	| Frequency	| Percentage
[INFO ] root - 	──────────────────────────────────────────────────
[INFO ] root - 		2	|	342	|	13.31%
[INFO ] root - 		3	|	209	|	8.13%
[INFO ] root - 		4	|	175	|	6.81%
[INFO ] root - 		5	|	141	|	5.49%
[INFO ] root - 		6	|	137	|	5.33%
[INFO ] root - 		7	|	113	|	4.40%
[INFO ] root - 		8	|	85	|	3.31%
[INFO ] root - 		9	|	77	|	3.00%
[INFO ] root - 		10	|	83	|	3.23%
[INFO ] root - 		11	|	68	|	2.65%
[INFO ] root - 		12	|	60	|	2.33%
[INFO ] root - 		13	|	57	|	2.22%
[INFO ] root - 		14	|	54	|	2.10%
[INFO ] root - 		15	|	39	|	1.52%
[INFO ] root - 		16	|	37	|	1.44%
[INFO ] root - 		17	|	33	|	1.28%
[INFO ] root - 		18	|	38	|	1.48%
[INFO ] root - 		19	|	33	|	1.28%
[INFO ] root - 		20	|	28	|	1.09%
[INFO ] root - 		21	|	38	|	1.48%
[INFO ] root - 		22	|	28	|	1.09%
[INFO ] root - 		23	|	32	|	1.25%
[INFO ] root - 		24	|	31	|	1.21%
[INFO ] root - 		25	|	21	|	0.82%
[INFO ] root - 		26	|	32	|	1.25%
[INFO ] root - 		27	|	20	|	0.78%
[INFO ] root - 		28	|	24	|	0.93%
[INFO ] root - 		29	|	16	|	0.62%
[INFO ] root - 		30	|	17	|	0.66%
[INFO ] root - 		31	|	22	|	0.86%
[INFO ] root - 		32	|	16	|	0.62%
[INFO ] root - 		33	|	13	|	0.51%
[INFO ] root - 		34	|	19	|	0.74%
[INFO ] root - 		35	|	11	|	0.43%
[INFO ] root - 		36	|	18	|	0.70%
[INFO ] root - 		37	|	11	|	0.43%
[INFO ] root - 		38	|	15	|	0.58%
[INFO ] root - 		39	|	11	|	0.43%
[INFO ] root - 		40	|	14	|	0.54%
[INFO ] root - 		41	|	14	|	0.54%
[INFO ] root - 		42	|	11	|	0.43%
[INFO ] root - 		43	|	11	|	0.43%
[INFO ] root - 		44	|	9	|	0.35%
[INFO ] root - 		45	|	7	|	0.27%
[INFO ] root - 		46	|	8	|	0.31%
[INFO ] root - 		47	|	12	|	0.47%
[INFO ] root - 		48	|	4	|	0.16%
[INFO ] root - 		49	|	8	|	0.31%
[INFO ] root - 		50	|	9	|	0.35%
[INFO ] root - 		51	|	5	|	0.19%
[INFO ] root - 		52	|	5	|	0.19%
[INFO ] root - 		53	|	6	|	0.23%
[INFO ] root - 		54	|	2	|	0.08%
[INFO ] root - 		55	|	12	|	0.47%
[INFO ] root - 		56	|	8	|	0.31%
[INFO ] root - 		57	|	6	|	0.23%
[INFO ] root - 		58	|	10	|	0.39%
[INFO ] root - 		59	|	3	|	0.12%
[INFO ] root - 		60	|	5	|	0.19%
[INFO ] root - 		61	|	1	|	0.04%
[INFO ] root - 		62	|	6	|	0.23%
[INFO ] root - 		63	|	2	|	0.08%
[INFO ] root - 		64	|	4	|	0.16%
[INFO ] root - 		65	|	4	|	0.16%
[INFO ] root - 		66	|	6	|	0.23%
[INFO ] root - 		67	|	2	|	0.08%
[INFO ] root - 		68	|	4	|	0.16%
[INFO ] root - 		69	|	4	|	0.16%
[INFO ] root - 		70	|	3	|	0.12%
[INFO ] root - 		71	|	3	|	0.12%
[INFO ] root - 		72	|	9	|	0.35%
[INFO ] root - 		73	|	3	|	0.12%
[INFO ] root - 		74	|	4	|	0.16%
[INFO ] root - 		75	|	3	|	0.12%
[INFO ] root - 		76	|	4	|	0.16%
[INFO ] root - 		77	|	4	|	0.16%
[INFO ] root - 		78	|	2	|	0.08%
[INFO ] root - 		79	|	4	|	0.16%
[INFO ] root - 		80	|	1	|	0.04%
[INFO ] root - 		81	|	3	|	0.12%
[INFO ] root - 		82	|	2	|	0.08%
[INFO ] root - 		83	|	1	|	0.04%
[INFO ] root - 		84	|	3	|	0.12%
[INFO ] root - 		85	|	2	|	0.08%
[INFO ] root - 		86	|	1	|	0.04%
[INFO ] root - 		87	|	1	|	0.04%
[INFO ] root - 		88	|	1	|	0.04%
[INFO ] root - 		89	|	1	|	0.04%
[INFO ] root - 		90	|	1	|	0.04%
[INFO ] root - 		91	|	1	|	0.04%
[INFO ] root - 		92	|	2	|	0.08%
[INFO ] root - 		93	|	4	|	0.16%
[INFO ] root - 		95	|	2	|	0.08%
[INFO ] root - 		96	|	2	|	0.08%
[INFO ] root - 		97	|	1	|	0.04%
[INFO ] root - 		98	|	2	|	0.08%
[INFO ] root - 		99	|	1	|	0.04%
[INFO ] root - 		100	|	2	|	0.08%
[INFO ] root - 		103	|	2	|	0.08%
[INFO ] root - 		105	|	4	|	0.16%
[INFO ] root - 		106	|	2	|	0.08%
[INFO ] root - 		107	|	1	|	0.04%
[INFO ] root - 		108	|	2	|	0.08%
[INFO ] root - 		109	|	1	|	0.04%
[INFO ] root - 		110	|	1	|	0.04%
[INFO ] root - 		111	|	1	|	0.04%
[INFO ] root - 		113	|	3	|	0.12%
[INFO ] root - 		115	|	2	|	0.08%
[INFO ] root - 		117	|	1	|	0.04%
[INFO ] root - 		118	|	1	|	0.04%
[INFO ] root - 		120	|	1	|	0.04%
[INFO ] root - 		123	|	2	|	0.08%
[INFO ] root - 		124	|	1	|	0.04%
[INFO ] root - 		126	|	1	|	0.04%
[INFO ] root - 		127	|	1	|	0.04%
[INFO ] root - 		128	|	1	|	0.04%
[INFO ] root - 		129	|	1	|	0.04%
[INFO ] root - 		133	|	3	|	0.12%
[INFO ] root - 		134	|	1	|	0.04%
[INFO ] root - 		136	|	2	|	0.08%
[INFO ] root - 		138	|	1	|	0.04%
[INFO ] root - 		140	|	4	|	0.16%
[INFO ] root - 		142	|	4	|	0.16%
[INFO ] root - 		143	|	1	|	0.04%
[INFO ] root - 		144	|	2	|	0.08%
[INFO ] root - 		148	|	1	|	0.04%
[INFO ] root - 		154	|	1	|	0.04%
[INFO ] root - 		155	|	2	|	0.08%
[INFO ] root - 		156	|	1	|	0.04%
[INFO ] root - 		162	|	1	|	0.04%
[INFO ] root - 		163	|	1	|	0.04%
[INFO ] root - 		166	|	1	|	0.04%
[INFO ] root - 		167	|	1	|	0.04%
[INFO ] root - 		170	|	2	|	0.08%
[INFO ] root - 		173	|	1	|	0.04%
[INFO ] root - 		176	|	1	|	0.04%
[INFO ] root - 		183	|	1	|	0.04%
[INFO ] root - 		185	|	2	|	0.08%
[INFO ] root - 		192	|	2	|	0.08%
[INFO ] root - 		195	|	1	|	0.04%
[INFO ] root - 		201	|	1	|	0.04%
[INFO ] root - 		211	|	1	|	0.04%
[INFO ] root - 		225	|	1	|	0.04%
[INFO ] root - 		226	|	1	|	0.04%
[INFO ] root - 		227	|	1	|	0.04%
[INFO ] root - 		235	|	1	|	0.04%
[INFO ] root - 		236	|	1	|	0.04%
[INFO ] root - 		237	|	1	|	0.04%
[INFO ] root - 		238	|	1	|	0.04%
[INFO ] root - 		246	|	1	|	0.04%
[INFO ] root - 		249	|	1	|	0.04%
[INFO ] root - 		250	|	1	|	0.04%
[INFO ] root - 		262	|	2	|	0.08%
[INFO ] root - 		267	|	1	|	0.04%
[INFO ] root - 		272	|	1	|	0.04%
[INFO ] root - 		279	|	1	|	0.04%
[INFO ] root - 		295	|	1	|	0.04%
[INFO ] root - 		300	|	1	|	0.04%
[INFO ] root - 		334	|	1	|	0.04%
[INFO ] root - 		354	|	1	|	0.04%
[INFO ] root - 		413	|	1	|	0.04%
[INFO ] root - 		467	|	1	|	0.04%
[INFO ] root - 		538	|	1	|	0.04%
[INFO ] root - 		693	|	1	|	0.04%
[INFO ] root - Cluster size distribution written to /Users/onurcanmemis/Desktop/web-data-integration-team-project/output/cluster_analysis/cluster_size_distribution.csv
[INFO ] PyDI.entitymatching.rule_based.RuleBasedMatcher - Starting Entity Matching
[INFO ] PyDI.entitymatching.rule_based.RuleBasedMatcher - Blocking 84461 x 14666 elements
[INFO ] PyDI.entitymatching.rule_based.RuleBasedMatcher - Matching 84461 x 14666 elements after 0:00:0.011; 159073 blocked pairs (reduction ratio: 0.9998715812104891)
[INFO ] PyDI.entitymatching.rule_based.RuleBasedMatcher - Entity Matching finished after 0:00:19.086; found 9477 correspondences.
[INFO ] PyDI.entitymatching.rule_based.RuleBasedMatcher - Starting Entity Matching
[INFO ] PyDI.entitymatching.rule_based.RuleBasedMatcher - Blocking 84461 x 16327 elements
[INFO ] PyDI.entitymatching.rule_based.RuleBasedMatcher - Matching 84461 x 16327 elements after 0:00:0.006; 154279 blocked pairs (reduction ratio: 0.9998881221264)
[INFO ] PyDI.entitymatching.rule_based.RuleBasedMatcher - Entity Matching finished after 0:00:16.773; found 6954 correspondences.
[INFO ] PyDI.entitymatching.rule_based.RuleBasedMatcher - Starting Entity Matching
[INFO ] PyDI.entitymatching.rule_based.RuleBasedMatcher - Blocking 84461 x 14666 elements
[INFO ] PyDI.entitymatching.rule_based.RuleBasedMatcher - Matching 84461 x 14666 elements after 0:00:0.012; 159073 blocked pairs (reduction ratio: 0.9998715812104891)
[INFO ] PyDI.entitymatching.rule_based.RuleBasedMatcher - Entity Matching finished after 0:00:16.748; found 8419 correspondences.
[INFO ] PyDI.entitymatching.rule_based.RuleBasedMatcher - Starting Entity Matching
[INFO ] PyDI.entitymatching.rule_based.RuleBasedMatcher - Blocking 84461 x 16327 elements
[INFO ] PyDI.entitymatching.rule_based.RuleBasedMatcher - Matching 84461 x 16327 elements after 0:00:0.009; 154279 blocked pairs (reduction ratio: 0.9998881221264)
[INFO ] PyDI.entitymatching.rule_based.RuleBasedMatcher - Entity Matching finished after 0:00:15.873; found 6063 correspondences.
[INFO ] root - Cluster Size Distribution of 8207 clusters:
[INFO ] root - 	Cluster Size	| Frequency	| Percentage
[INFO ] root - 	──────────────────────────────────────────────────
[INFO ] root - 		2	|	8071	|	98.34%
[INFO ] root - 		3	|	98	|	1.19%
[INFO ] root - 		4	|	28	|	0.34%
[INFO ] root - 		5	|	6	|	0.07%
[INFO ] root - 		6	|	2	|	0.02%
[INFO ] root - 		7	|	2	|	0.02%
[INFO ] root - Cluster size distribution written to /Users/onurcanmemis/Desktop/web-data-integration-team-project/output/cluster_analysis/cluster_size_distribution.csv
[INFO ] root - Cluster Size Distribution of 5833 clusters:
[INFO ] root - 	Cluster Size	| Frequency	| Percentage
[INFO ] root - 	──────────────────────────────────────────────────
[INFO ] root - 		2	|	5674	|	97.27%
[INFO ] root - 		3	|	124	|	2.13%
[INFO ] root - 		4	|	26	|	0.45%
[INFO ] root - 		5	|	6	|	0.10%
[INFO ] root - 		6	|	2	|	0.03%
[INFO ] root - 		7	|	1	|	0.02%
[INFO ] root - Cluster size distribution written to /Users/onurcanmemis/Desktop/web-data-integration-team-project/output/cluster_analysis/cluster_size_distribution.csv
[INFO ] PyDI.fusion.analysis - Analyzed 18 attributes across 3 datasets
[INFO ] PyDI.entitymatching.blocking.standard.StandardBlocker - created 84437 blocking keys for first dataset
[INFO ] PyDI.entitymatching.blocking.standard.StandardBlocker - created 14666 blocking keys for second dataset
[INFO ] PyDI.entitymatching.blocking.standard.StandardBlocker - created 0 blocks from blocking keys
[INFO ] PyDI.entitymatching.blocking.sorted_neighbourhood.SortedNeighbourhoodBlocker - created sorted neighbourhood with window size 20
[INFO ] PyDI.entitymatching.blocking.sorted_neighbourhood.SortedNeighbourhoodBlocker - created 1 sorted sequence from 99127 records
[INFO ] PyDI.entitymatching.blocking.sorted_neighbourhood.SortedNeighbourhoodBlocker - Debug results written to file: /Users/onurcanmemis/Desktop/web-data-integration-team-project/output/blocking_evaluation/debugResultsBlocking_SortedNeighbourhoodBlocker.csv
[INFO ] PyDI.entitymatching.blocking.embedding.EmbeddingBlocker - Initialized EmbeddingBlocker with sklearn backend, top_k=10, threshold=0.7
[INFO ] sentence_transformers.SentenceTransformer - Use pytorch device_name: mps
[INFO ] sentence_transformers.SentenceTransformer - Load pretrained SentenceTransformer: sentence-transformers/all-MiniLM-L6-v2
[INFO ] PyDI.entitymatching.blocking.embedding.EmbeddingBlocker - Loaded sentence transformer model: sentence-transformers/all-MiniLM-L6-v2
[INFO ] PyDI.entitymatching.blocking.embedding.EmbeddingBlocker - created 384d embeddings for first dataset
[INFO ] PyDI.entitymatching.blocking.embedding.EmbeddingBlocker - created 384d embeddings for second dataset
[INFO ] PyDI.entitymatching.blocking.embedding.EmbeddingBlocker - created similarity index with 14666 vectors, metric=cosine
[INFO ] PyDI.entitymatching.blocking.embedding.EmbeddingBlocker - Debug results written to file: /Users/onurcanmemis/Desktop/web-data-integration-team-project/output/blocking_evaluation/debugResultsBlocking_EmbeddingBlocker.csv
[INFO ] PyDI.entitymatching.blocking.standard.StandardBlocker - created 84437 blocking keys for first dataset
[INFO ] PyDI.entitymatching.blocking.standard.StandardBlocker - created 16326 blocking keys for second dataset
[INFO ] PyDI.entitymatching.blocking.standard.StandardBlocker - created 5482 blocks from blocking keys
[INFO ] PyDI.entitymatching.blocking.standard.StandardBlocker - Debug results written to file: /Users/onurcanmemis/Desktop/web-data-integration-team-project/output/blocking_evaluation/debugResultsBlocking_StandardBlocker.csv
[INFO ] PyDI.entitymatching.blocking.sorted_neighbourhood.SortedNeighbourhoodBlocker - created sorted neighbourhood with window size 20
[INFO ] PyDI.entitymatching.blocking.sorted_neighbourhood.SortedNeighbourhoodBlocker - created 1 sorted sequence from 100788 records
[INFO ] PyDI.entitymatching.blocking.sorted_neighbourhood.SortedNeighbourhoodBlocker - Debug results written to file: /Users/onurcanmemis/Desktop/web-data-integration-team-project/output/blocking_evaluation/debugResultsBlocking_SortedNeighbourhoodBlocker.csv
[INFO ] PyDI.entitymatching.blocking.embedding.EmbeddingBlocker - Initialized EmbeddingBlocker with sklearn backend, top_k=10, threshold=0.7
[INFO ] sentence_transformers.SentenceTransformer - Use pytorch device_name: mps
[INFO ] sentence_transformers.SentenceTransformer - Load pretrained SentenceTransformer: sentence-transformers/all-MiniLM-L6-v2
[INFO ] PyDI.entitymatching.blocking.embedding.EmbeddingBlocker - Loaded sentence transformer model: sentence-transformers/all-MiniLM-L6-v2
[INFO ] PyDI.entitymatching.blocking.embedding.EmbeddingBlocker - created 384d embeddings for first dataset
[INFO ] PyDI.entitymatching.blocking.embedding.EmbeddingBlocker - created 384d embeddings for second dataset
[INFO ] PyDI.entitymatching.blocking.embedding.EmbeddingBlocker - created similarity index with 16327 vectors, metric=cosine
[INFO ] PyDI.entitymatching.blocking.embedding.EmbeddingBlocker - Debug results written to file: /Users/onurcanmemis/Desktop/web-data-integration-team-project/output/blocking_evaluation/debugResultsBlocking_EmbeddingBlocker.csv
[WARNING] root - Empty candidate_pairs DataFrame provided
[INFO ] root -   Pair Completeness: 0.000
[INFO ] root -   Pair Quality:      0.000
[INFO ] root -   Reduction Ratio:   1.000
[INFO ] root -   True Matches Found: 0/375
[INFO ] root - Blocking evaluation complete!
[INFO ] root -   Pair Completeness: 0.989
[INFO ] root -   Pair Quality:      0.001
[INFO ] root -   Reduction Ratio:   1.000
[INFO ] root -   True Matches Found: 371/375
[INFO ] root - Blocking evaluation complete!
[INFO ] root -   Pair Completeness: 0.995
[INFO ] root -   Pair Quality:      0.002
[INFO ] root -   Reduction Ratio:   1.000
[INFO ] root -   True Matches Found: 373/375
[INFO ] root - Blocking evaluation complete!
[INFO ] root -   Pair Completeness: 0.749
[INFO ] root -   Pair Quality:      0.052
[INFO ] root -   Reduction Ratio:   1.000
[INFO ] root -   True Matches Found: 283/378
[INFO ] root - Blocking evaluation complete!
[INFO ] root -   Pair Completeness: 0.884
[INFO ] root -   Pair Quality:      0.001
[INFO ] root -   Reduction Ratio:   1.000
[INFO ] root -   True Matches Found: 334/378
[INFO ] root - Blocking evaluation complete!
[INFO ] root -   Pair Completeness: 0.955
[INFO ] root -   Pair Quality:      0.002
[INFO ] root -   Reduction Ratio:   1.000
[INFO ] root -   True Matches Found: 361/378
[INFO ] root - Blocking evaluation complete!
[INFO ] PyDI.entitymatching.blocking.standard.StandardBlocker - created 42000 blocking keys for first dataset
[INFO ] PyDI.entitymatching.blocking.standard.StandardBlocker - created 9863 blocking keys for second dataset
[INFO ] PyDI.entitymatching.blocking.standard.StandardBlocker - created 6769 blocks from blocking keys
[INFO ] PyDI.entitymatching.blocking.standard.StandardBlocker - Debug results written to file: /Users/onurcanmemis/Desktop/web-data-integration-team-project/output/blocking_evaluation/debugResultsBlocking_StandardBlocker.csv
[INFO ] PyDI.entitymatching.blocking.sorted_neighbourhood.SortedNeighbourhoodBlocker - created sorted neighbourhood with window size 20
[INFO ] PyDI.entitymatching.blocking.sorted_neighbourhood.SortedNeighbourhoodBlocker - created 1 sorted sequence from 99127 records
[INFO ] PyDI.entitymatching.blocking.sorted_neighbourhood.SortedNeighbourhoodBlocker - Debug results written to file: /Users/onurcanmemis/Desktop/web-data-integration-team-project/output/blocking_evaluation/debugResultsBlocking_SortedNeighbourhoodBlocker.csv
[INFO ] PyDI.entitymatching.blocking.embedding.EmbeddingBlocker - Initialized EmbeddingBlocker with sklearn backend, top_k=10, threshold=0.7
[INFO ] sentence_transformers.SentenceTransformer - Use pytorch device_name: mps
[INFO ] sentence_transformers.SentenceTransformer - Load pretrained SentenceTransformer: sentence-transformers/all-MiniLM-L6-v2
[INFO ] PyDI.entitymatching.blocking.embedding.EmbeddingBlocker - Loaded sentence transformer model: sentence-transformers/all-MiniLM-L6-v2
[INFO ] PyDI.entitymatching.blocking.embedding.EmbeddingBlocker - created 384d embeddings for first dataset
[INFO ] PyDI.entitymatching.blocking.embedding.EmbeddingBlocker - created 384d embeddings for second dataset
[INFO ] PyDI.entitymatching.blocking.embedding.EmbeddingBlocker - created similarity index with 14666 vectors, metric=cosine
[INFO ] PyDI.entitymatching.blocking.embedding.EmbeddingBlocker - Debug results written to file: /Users/onurcanmemis/Desktop/web-data-integration-team-project/output/blocking_evaluation/debugResultsBlocking_EmbeddingBlocker.csv
[INFO ] PyDI.entitymatching.blocking.standard.StandardBlocker - created 42000 blocking keys for first dataset
[INFO ] PyDI.entitymatching.blocking.standard.StandardBlocker - created 11332 blocking keys for second dataset
[INFO ] PyDI.entitymatching.blocking.standard.StandardBlocker - created 5720 blocks from blocking keys
[INFO ] PyDI.entitymatching.blocking.standard.StandardBlocker - Debug results written to file: /Users/onurcanmemis/Desktop/web-data-integration-team-project/output/blocking_evaluation/debugResultsBlocking_StandardBlocker.csv
[INFO ] PyDI.entitymatching.blocking.sorted_neighbourhood.SortedNeighbourhoodBlocker - created sorted neighbourhood with window size 20
[INFO ] PyDI.entitymatching.blocking.sorted_neighbourhood.SortedNeighbourhoodBlocker - created 1 sorted sequence from 100788 records
[INFO ] PyDI.entitymatching.blocking.sorted_neighbourhood.SortedNeighbourhoodBlocker - Debug results written to file: /Users/onurcanmemis/Desktop/web-data-integration-team-project/output/blocking_evaluation/debugResultsBlocking_SortedNeighbourhoodBlocker.csv
[INFO ] PyDI.entitymatching.blocking.embedding.EmbeddingBlocker - Initialized EmbeddingBlocker with sklearn backend, top_k=10, threshold=0.7
[INFO ] sentence_transformers.SentenceTransformer - Use pytorch device_name: mps
[INFO ] sentence_transformers.SentenceTransformer - Load pretrained SentenceTransformer: sentence-transformers/all-MiniLM-L6-v2
[INFO ] PyDI.entitymatching.blocking.embedding.EmbeddingBlocker - Loaded sentence transformer model: sentence-transformers/all-MiniLM-L6-v2
[INFO ] PyDI.entitymatching.blocking.embedding.EmbeddingBlocker - created 384d embeddings for first dataset
[INFO ] PyDI.entitymatching.blocking.embedding.EmbeddingBlocker - created 384d embeddings for second dataset
[INFO ] PyDI.entitymatching.blocking.embedding.EmbeddingBlocker - created similarity index with 16327 vectors, metric=cosine
[INFO ] PyDI.entitymatching.blocking.embedding.EmbeddingBlocker - Debug results written to file: /Users/onurcanmemis/Desktop/web-data-integration-team-project/output/blocking_evaluation/debugResultsBlocking_EmbeddingBlocker.csv
[INFO ] root -   Pair Completeness: 0.947
[INFO ] root -   Pair Quality:      0.010
[INFO ] root -   Reduction Ratio:   1.000
[INFO ] root -   True Matches Found: 355/375
[INFO ] root - Blocking evaluation complete!
[INFO ] root -   Pair Completeness: 0.989
[INFO ] root -   Pair Quality:      0.001
[INFO ] root -   Reduction Ratio:   1.000
[INFO ] root -   True Matches Found: 371/375
[INFO ] root - Blocking evaluation complete!
[INFO ] root -   Pair Completeness: 0.995
[INFO ] root -   Pair Quality:      0.002
[INFO ] root -   Reduction Ratio:   1.000
[INFO ] root -   True Matches Found: 373/375
[INFO ] root - Blocking evaluation complete!
[INFO ] root -   Pair Completeness: 0.749
[INFO ] root -   Pair Quality:      0.009
[INFO ] root -   Reduction Ratio:   1.000
[INFO ] root -   True Matches Found: 283/378
[INFO ] root - Blocking evaluation complete!
[INFO ] root -   Pair Completeness: 0.884
[INFO ] root -   Pair Quality:      0.001
[INFO ] root -   Reduction Ratio:   1.000
[INFO ] root -   True Matches Found: 334/378
[INFO ] root - Blocking evaluation complete!
[INFO ] root -   Pair Completeness: 0.955
[INFO ] root -   Pair Quality:      0.002
[INFO ] root -   Reduction Ratio:   1.000
[INFO ] root -   True Matches Found: 361/378
[INFO ] root - Blocking evaluation complete!
[INFO ] PyDI.entitymatching.rule_based.RuleBasedMatcher - Starting Entity Matching
[INFO ] PyDI.entitymatching.rule_based.RuleBasedMatcher - Blocking 84461 x 14666 elements
[INFO ] PyDI.entitymatching.rule_based.RuleBasedMatcher - Matching 84461 x 14666 elements after 0:00:0.023; 152428 blocked pairs (reduction ratio: 0.999876945683758)
[INFO ] PyDI.entitymatching.rule_based.RuleBasedMatcher - Entity Matching finished after 0:00:15.853; found 9094 correspondences.
[INFO ] PyDI.entitymatching.rule_based.RuleBasedMatcher - Starting Entity Matching
[INFO ] PyDI.entitymatching.rule_based.RuleBasedMatcher - Blocking 84461 x 16327 elements
[INFO ] PyDI.entitymatching.rule_based.RuleBasedMatcher - Matching 84461 x 16327 elements after 0:00:0.020; 152151 blocked pairs (reduction ratio: 0.9998896652794864)
[INFO ] PyDI.entitymatching.rule_based.RuleBasedMatcher - Entity Matching finished after 0:00:15.680; found 6617 correspondences.
[INFO ] root - Cluster Size Distribution of 8731 clusters:
[INFO ] root - 	Cluster Size	| Frequency	| Percentage
[INFO ] root - 	──────────────────────────────────────────────────
[INFO ] root - 		2	|	8497	|	97.32%
[INFO ] root - 		3	|	169	|	1.94%
[INFO ] root - 		4	|	42	|	0.48%
[INFO ] root - 		5	|	20	|	0.23%
[INFO ] root - 		6	|	1	|	0.01%
[INFO ] root - 		7	|	2	|	0.02%
[INFO ] root - Cluster size distribution written to /Users/onurcanmemis/Desktop/web-data-integration-team-project/output/cluster_analysis/cluster_size_distribution.csv
[INFO ] root - Cluster Size Distribution of 6232 clusters:
[INFO ] root - 	Cluster Size	| Frequency	| Percentage
[INFO ] root - 	──────────────────────────────────────────────────
[INFO ] root - 		2	|	5999	|	96.26%
[INFO ] root - 		3	|	169	|	2.71%
[INFO ] root - 		4	|	46	|	0.74%
[INFO ] root - 		5	|	13	|	0.21%
[INFO ] root - 		6	|	2	|	0.03%
[INFO ] root - 		7	|	1	|	0.02%
[INFO ] root - 		8	|	2	|	0.03%
[INFO ] root - Cluster size distribution written to /Users/onurcanmemis/Desktop/web-data-integration-team-project/output/cluster_analysis/cluster_size_distribution.csv
[INFO ] root - Confusion Matrix:
[INFO ] root -   True Positives:  90
[INFO ] root -   True Negatives:  104
[INFO ] root -   False Positives: 1
[INFO ] root -   False Negatives: 4
[INFO ] root - Performance Metrics:
[INFO ] root -   Accuracy:  0.975
[INFO ] root -   Precision: 0.989
[INFO ] root -   Recall:    0.957
[INFO ] root -   F1-Score:  0.973
[INFO ] root - Confusion Matrix:
[INFO ] root -   True Positives:  84
[INFO ] root -   True Negatives:  104
[INFO ] root -   False Positives: 0
[INFO ] root -   False Negatives: 11
[INFO ] root - Performance Metrics:
[INFO ] root -   Accuracy:  0.945
[INFO ] root -   Precision: 1.000
[INFO ] root -   Recall:    0.884
[INFO ] root -   F1-Score:  0.939
[INFO ] root - Label distribution: 375 positive, 420 negative
[INFO ] root - Label distribution: 378 positive, 418 negative
[INFO ] PyDI.entitymatching.ml_based.MLBasedMatcher - Starting Entity Matching
[INFO ] PyDI.entitymatching.ml_based.MLBasedMatcher - Blocking 84461 x 14666 elements
[INFO ] PyDI.entitymatching.ml_based.MLBasedMatcher - Matching 84461 x 14666 elements after 0:00:0.305; 466456 blocked pairs (reduction ratio: 0.999623432544303)
[INFO ] PyDI.entitymatching.ml_based.MLBasedMatcher - Entity Matching finished after 0:00:66.063; found 83553 correspondences.
[INFO ] PyDI.entitymatching.ml_based.MLBasedMatcher - Starting Entity Matching
[INFO ] PyDI.entitymatching.ml_based.MLBasedMatcher - Blocking 84461 x 16327 elements
[INFO ] PyDI.entitymatching.ml_based.MLBasedMatcher - Matching 84461 x 16327 elements after 0:00:0.195; 482744 blocked pairs (reduction ratio: 0.9996499305011494)
[INFO ] PyDI.entitymatching.ml_based.MLBasedMatcher - Entity Matching finished after 0:00:67.142; found 209000 correspondences.
[INFO ] root - Cluster Size Distribution of 5755 clusters:
[INFO ] root - 	Cluster Size	| Frequency	| Percentage
[INFO ] root - 	──────────────────────────────────────────────────
[INFO ] root - 		2	|	1326	|	23.04%
[INFO ] root - 		3	|	738	|	12.82%
[INFO ] root - 		4	|	714	|	12.41%
[INFO ] root - 		5	|	553	|	9.61%
[INFO ] root - 		6	|	535	|	9.30%
[INFO ] root - 		7	|	327	|	5.68%
[INFO ] root - 		8	|	318	|	5.53%
[INFO ] root - 		9	|	220	|	3.82%
[INFO ] root - 		10	|	148	|	2.57%
[INFO ] root - 		11	|	131	|	2.28%
[INFO ] root - 		12	|	92	|	1.60%
[INFO ] root - 		13	|	75	|	1.30%
[INFO ] root - 		14	|	67	|	1.16%
[INFO ] root - 		15	|	55	|	0.96%
[INFO ] root - 		16	|	46	|	0.80%
[INFO ] root - 		17	|	42	|	0.73%
[INFO ] root - 		18	|	38	|	0.66%
[INFO ] root - 		19	|	30	|	0.52%
[INFO ] root - 		20	|	23	|	0.40%
[INFO ] root - 		21	|	33	|	0.57%
[INFO ] root - 		22	|	21	|	0.36%
[INFO ] root - 		23	|	15	|	0.26%
[INFO ] root - 		24	|	8	|	0.14%
[INFO ] root - 		25	|	18	|	0.31%
[INFO ] root - 		26	|	16	|	0.28%
[INFO ] root - 		27	|	16	|	0.28%
[INFO ] root - 		28	|	9	|	0.16%
[INFO ] root - 		29	|	14	|	0.24%
[INFO ] root - 		30	|	6	|	0.10%
[INFO ] root - 		31	|	7	|	0.12%
[INFO ] root - 		32	|	4	|	0.07%
[INFO ] root - 		33	|	7	|	0.12%
[INFO ] root - 		34	|	7	|	0.12%
[INFO ] root - 		35	|	4	|	0.07%
[INFO ] root - 		36	|	7	|	0.12%
[INFO ] root - 		37	|	3	|	0.05%
[INFO ] root - 		38	|	6	|	0.10%
[INFO ] root - 		39	|	8	|	0.14%
[INFO ] root - 		40	|	4	|	0.07%
[INFO ] root - 		41	|	2	|	0.03%
[INFO ] root - 		42	|	4	|	0.07%
[INFO ] root - 		43	|	4	|	0.07%
[INFO ] root - 		44	|	1	|	0.02%
[INFO ] root - 		45	|	1	|	0.02%
[INFO ] root - 		46	|	1	|	0.02%
[INFO ] root - 		47	|	2	|	0.03%
[INFO ] root - 		48	|	3	|	0.05%
[INFO ] root - 		50	|	1	|	0.02%
[INFO ] root - 		51	|	1	|	0.02%
[INFO ] root - 		52	|	2	|	0.03%
[INFO ] root - 		53	|	1	|	0.02%
[INFO ] root - 		55	|	1	|	0.02%
[INFO ] root - 		58	|	2	|	0.03%
[INFO ] root - 		59	|	4	|	0.07%
[INFO ] root - 		61	|	3	|	0.05%
[INFO ] root - 		62	|	1	|	0.02%
[INFO ] root - 		63	|	3	|	0.05%
[INFO ] root - 		64	|	1	|	0.02%
[INFO ] root - 		66	|	4	|	0.07%
[INFO ] root - 		67	|	1	|	0.02%
[INFO ] root - 		68	|	1	|	0.02%
[INFO ] root - 		69	|	1	|	0.02%
[INFO ] root - 		70	|	1	|	0.02%
[INFO ] root - 		72	|	1	|	0.02%
[INFO ] root - 		73	|	1	|	0.02%
[INFO ] root - 		75	|	1	|	0.02%
[INFO ] root - 		76	|	1	|	0.02%
[INFO ] root - 		78	|	1	|	0.02%
[INFO ] root - 		79	|	1	|	0.02%
[INFO ] root - 		80	|	1	|	0.02%
[INFO ] root - 		81	|	1	|	0.02%
[INFO ] root - 		82	|	1	|	0.02%
[INFO ] root - 		83	|	1	|	0.02%
[INFO ] root - 		84	|	2	|	0.03%
[INFO ] root - 		96	|	1	|	0.02%
[INFO ] root - 		97	|	1	|	0.02%
[INFO ] root - 		114	|	1	|	0.02%
[INFO ] root - 		118	|	1	|	0.02%
[INFO ] root - 		124	|	1	|	0.02%
[INFO ] root - 		194	|	1	|	0.02%
[INFO ] root - Cluster size distribution written to /Users/onurcanmemis/Desktop/web-data-integration-team-project/output/cluster_analysis/cluster_size_distribution.csv
[INFO ] root - Cluster Size Distribution of 2673 clusters:
[INFO ] root - 	Cluster Size	| Frequency	| Percentage
[INFO ] root - 	──────────────────────────────────────────────────
[INFO ] root - 		2	|	361	|	13.51%
[INFO ] root - 		3	|	219	|	8.19%
[INFO ] root - 		4	|	216	|	8.08%
[INFO ] root - 		5	|	152	|	5.69%
[INFO ] root - 		6	|	155	|	5.80%
[INFO ] root - 		7	|	120	|	4.49%
[INFO ] root - 		8	|	92	|	3.44%
[INFO ] root - 		9	|	68	|	2.54%
[INFO ] root - 		10	|	82	|	3.07%
[INFO ] root - 		11	|	79	|	2.96%
[INFO ] root - 		12	|	67	|	2.51%
[INFO ] root - 		13	|	65	|	2.43%
[INFO ] root - 		14	|	48	|	1.80%
[INFO ] root - 		15	|	40	|	1.50%
[INFO ] root - 		16	|	51	|	1.91%
[INFO ] root - 		17	|	35	|	1.31%
[INFO ] root - 		18	|	30	|	1.12%
[INFO ] root - 		19	|	28	|	1.05%
[INFO ] root - 		20	|	36	|	1.35%
[INFO ] root - 		21	|	43	|	1.61%
[INFO ] root - 		22	|	27	|	1.01%
[INFO ] root - 		23	|	16	|	0.60%
[INFO ] root - 		24	|	29	|	1.08%
[INFO ] root - 		25	|	24	|	0.90%
[INFO ] root - 		26	|	31	|	1.16%
[INFO ] root - 		27	|	23	|	0.86%
[INFO ] root - 		28	|	12	|	0.45%
[INFO ] root - 		29	|	22	|	0.82%
[INFO ] root - 		30	|	19	|	0.71%
[INFO ] root - 		31	|	16	|	0.60%
[INFO ] root - 		32	|	21	|	0.79%
[INFO ] root - 		33	|	16	|	0.60%
[INFO ] root - 		34	|	22	|	0.82%
[INFO ] root - 		35	|	12	|	0.45%
[INFO ] root - 		36	|	14	|	0.52%
[INFO ] root - 		37	|	13	|	0.49%
[INFO ] root - 		38	|	18	|	0.67%
[INFO ] root - 		39	|	9	|	0.34%
[INFO ] root - 		40	|	12	|	0.45%
[INFO ] root - 		41	|	9	|	0.34%
[INFO ] root - 		42	|	7	|	0.26%
[INFO ] root - 		43	|	11	|	0.41%
[INFO ] root - 		44	|	6	|	0.22%
[INFO ] root - 		45	|	8	|	0.30%
[INFO ] root - 		46	|	7	|	0.26%
[INFO ] root - 		47	|	9	|	0.34%
[INFO ] root - 		48	|	9	|	0.34%
[INFO ] root - 		49	|	9	|	0.34%
[INFO ] root - 		50	|	5	|	0.19%
[INFO ] root - 		51	|	13	|	0.49%
[INFO ] root - 		52	|	4	|	0.15%
[INFO ] root - 		53	|	9	|	0.34%
[INFO ] root - 		54	|	5	|	0.19%
[INFO ] root - 		55	|	2	|	0.07%
[INFO ] root - 		56	|	7	|	0.26%
[INFO ] root - 		57	|	3	|	0.11%
[INFO ] root - 		58	|	5	|	0.19%
[INFO ] root - 		59	|	5	|	0.19%
[INFO ] root - 		60	|	4	|	0.15%
[INFO ] root - 		61	|	3	|	0.11%
[INFO ] root - 		62	|	4	|	0.15%
[INFO ] root - 		63	|	1	|	0.04%
[INFO ] root - 		64	|	5	|	0.19%
[INFO ] root - 		65	|	3	|	0.11%
[INFO ] root - 		66	|	2	|	0.07%
[INFO ] root - 		67	|	5	|	0.19%
[INFO ] root - 		68	|	4	|	0.15%
[INFO ] root - 		69	|	6	|	0.22%
[INFO ] root - 		70	|	1	|	0.04%
[INFO ] root - 		71	|	3	|	0.11%
[INFO ] root - 		72	|	6	|	0.22%
[INFO ] root - 		73	|	2	|	0.07%
[INFO ] root - 		74	|	7	|	0.26%
[INFO ] root - 		75	|	4	|	0.15%
[INFO ] root - 		76	|	4	|	0.15%
[INFO ] root - 		77	|	5	|	0.19%
[INFO ] root - 		78	|	2	|	0.07%
[INFO ] root - 		79	|	1	|	0.04%
[INFO ] root - 		80	|	1	|	0.04%
[INFO ] root - 		81	|	2	|	0.07%
[INFO ] root - 		84	|	1	|	0.04%
[INFO ] root - 		85	|	2	|	0.07%
[INFO ] root - 		86	|	3	|	0.11%
[INFO ] root - 		88	|	3	|	0.11%
[INFO ] root - 		90	|	1	|	0.04%
[INFO ] root - 		91	|	2	|	0.07%
[INFO ] root - 		92	|	3	|	0.11%
[INFO ] root - 		93	|	1	|	0.04%
[INFO ] root - 		94	|	5	|	0.19%
[INFO ] root - 		95	|	1	|	0.04%
[INFO ] root - 		96	|	1	|	0.04%
[INFO ] root - 		98	|	3	|	0.11%
[INFO ] root - 		99	|	1	|	0.04%
[INFO ] root - 		103	|	4	|	0.15%
[INFO ] root - 		104	|	2	|	0.07%
[INFO ] root - 		105	|	3	|	0.11%
[INFO ] root - 		106	|	4	|	0.15%
[INFO ] root - 		107	|	1	|	0.04%
[INFO ] root - 		108	|	1	|	0.04%
[INFO ] root - 		110	|	2	|	0.07%
[INFO ] root - 		111	|	2	|	0.07%
[INFO ] root - 		112	|	1	|	0.04%
[INFO ] root - 		114	|	2	|	0.07%
[INFO ] root - 		115	|	1	|	0.04%
[INFO ] root - 		116	|	2	|	0.07%
[INFO ] root - 		117	|	4	|	0.15%
[INFO ] root - 		118	|	1	|	0.04%
[INFO ] root - 		119	|	3	|	0.11%
[INFO ] root - 		122	|	1	|	0.04%
[INFO ] root - 		126	|	1	|	0.04%
[INFO ] root - 		127	|	2	|	0.07%
[INFO ] root - 		128	|	2	|	0.07%
[INFO ] root - 		131	|	3	|	0.11%
[INFO ] root - 		132	|	3	|	0.11%
[INFO ] root - 		133	|	1	|	0.04%
[INFO ] root - 		135	|	1	|	0.04%
[INFO ] root - 		137	|	1	|	0.04%
[INFO ] root - 		138	|	1	|	0.04%
[INFO ] root - 		139	|	1	|	0.04%
[INFO ] root - 		142	|	1	|	0.04%
[INFO ] root - 		144	|	1	|	0.04%
[INFO ] root - 		148	|	1	|	0.04%
[INFO ] root - 		149	|	1	|	0.04%
[INFO ] root - 		153	|	1	|	0.04%
[INFO ] root - 		154	|	2	|	0.07%
[INFO ] root - 		158	|	1	|	0.04%
[INFO ] root - 		165	|	2	|	0.07%
[INFO ] root - 		168	|	2	|	0.07%
[INFO ] root - 		172	|	1	|	0.04%
[INFO ] root - 		176	|	1	|	0.04%
[INFO ] root - 		177	|	1	|	0.04%
[INFO ] root - 		184	|	1	|	0.04%
[INFO ] root - 		185	|	1	|	0.04%
[INFO ] root - 		192	|	1	|	0.04%
[INFO ] root - 		193	|	1	|	0.04%
[INFO ] root - 		201	|	1	|	0.04%
[INFO ] root - 		209	|	1	|	0.04%
[INFO ] root - 		211	|	2	|	0.07%
[INFO ] root - 		222	|	1	|	0.04%
[INFO ] root - 		225	|	1	|	0.04%
[INFO ] root - 		229	|	1	|	0.04%
[INFO ] root - 		233	|	1	|	0.04%
[INFO ] root - 		235	|	1	|	0.04%
[INFO ] root - 		236	|	1	|	0.04%
[INFO ] root - 		243	|	1	|	0.04%
[INFO ] root - 		245	|	1	|	0.04%
[INFO ] root - 		249	|	1	|	0.04%
[INFO ] root - 		252	|	1	|	0.04%
[INFO ] root - 		254	|	1	|	0.04%
[INFO ] root - 		267	|	1	|	0.04%
[INFO ] root - 		288	|	1	|	0.04%
[INFO ] root - 		314	|	1	|	0.04%
[INFO ] root - 		328	|	1	|	0.04%
[INFO ] root - 		351	|	1	|	0.04%
[INFO ] root - 		359	|	1	|	0.04%
[INFO ] root - 		365	|	1	|	0.04%
[INFO ] root - 		376	|	1	|	0.04%
[INFO ] root - 		412	|	1	|	0.04%
[INFO ] root - 		478	|	1	|	0.04%
[INFO ] root - 		535	|	1	|	0.04%
[INFO ] root - Cluster size distribution written to /Users/onurcanmemis/Desktop/web-data-integration-team-project/output/cluster_analysis/cluster_size_distribution.csv
[INFO ] PyDI.entitymatching.ml_based.MLBasedMatcher - Starting Entity Matching
[INFO ] PyDI.entitymatching.ml_based.MLBasedMatcher - Blocking 84461 x 14666 elements
[INFO ] PyDI.entitymatching.ml_based.MLBasedMatcher - Matching 84461 x 14666 elements after 0:00:0.312; 466456 blocked pairs (reduction ratio: 0.999623432544303)
[INFO ] PyDI.entitymatching.ml_based.MLBasedMatcher - Entity Matching finished after 0:00:65.213; found 58558 correspondences.
[INFO ] PyDI.entitymatching.ml_based.MLBasedMatcher - Starting Entity Matching
[INFO ] PyDI.entitymatching.ml_based.MLBasedMatcher - Blocking 84461 x 16327 elements
[INFO ] PyDI.entitymatching.ml_based.MLBasedMatcher - Matching 84461 x 16327 elements after 0:00:0.189; 482744 blocked pairs (reduction ratio: 0.9996499305011494)
[INFO ] PyDI.entitymatching.ml_based.MLBasedMatcher - Entity Matching finished after 0:00:72.337; found 159449 correspondences.
[INFO ] root - Cluster Size Distribution of 6342 clusters:
[INFO ] root - 	Cluster Size	| Frequency	| Percentage
[INFO ] root - 	──────────────────────────────────────────────────
[INFO ] root - 		2	|	1786	|	28.16%
[INFO ] root - 		3	|	809	|	12.76%
[INFO ] root - 		4	|	817	|	12.88%
[INFO ] root - 		5	|	629	|	9.92%
[INFO ] root - 		6	|	613	|	9.67%
[INFO ] root - 		7	|	375	|	5.91%
[INFO ] root - 		8	|	350	|	5.52%
[INFO ] root - 		9	|	210	|	3.31%
[INFO ] root - 		10	|	148	|	2.33%
[INFO ] root - 		11	|	114	|	1.80%
[INFO ] root - 		12	|	81	|	1.28%
[INFO ] root - 		13	|	61	|	0.96%
[INFO ] root - 		14	|	51	|	0.80%
[INFO ] root - 		15	|	34	|	0.54%
[INFO ] root - 		16	|	32	|	0.50%
[INFO ] root - 		17	|	28	|	0.44%
[INFO ] root - 		18	|	26	|	0.41%
[INFO ] root - 		19	|	20	|	0.32%
[INFO ] root - 		20	|	21	|	0.33%
[INFO ] root - 		21	|	20	|	0.32%
[INFO ] root - 		22	|	14	|	0.22%
[INFO ] root - 		23	|	10	|	0.16%
[INFO ] root - 		24	|	8	|	0.13%
[INFO ] root - 		25	|	9	|	0.14%
[INFO ] root - 		26	|	9	|	0.14%
[INFO ] root - 		27	|	8	|	0.13%
[INFO ] root - 		28	|	7	|	0.11%
[INFO ] root - 		29	|	7	|	0.11%
[INFO ] root - 		30	|	3	|	0.05%
[INFO ] root - 		31	|	5	|	0.08%
[INFO ] root - 		33	|	1	|	0.02%
[INFO ] root - 		34	|	2	|	0.03%
[INFO ] root - 		35	|	5	|	0.08%
[INFO ] root - 		36	|	2	|	0.03%
[INFO ] root - 		37	|	2	|	0.03%
[INFO ] root - 		38	|	1	|	0.02%
[INFO ] root - 		40	|	1	|	0.02%
[INFO ] root - 		41	|	5	|	0.08%
[INFO ] root - 		43	|	1	|	0.02%
[INFO ] root - 		44	|	1	|	0.02%
[INFO ] root - 		48	|	1	|	0.02%
[INFO ] root - 		52	|	2	|	0.03%
[INFO ] root - 		58	|	1	|	0.02%
[INFO ] root - 		60	|	2	|	0.03%
[INFO ] root - 		63	|	3	|	0.05%
[INFO ] root - 		65	|	1	|	0.02%
[INFO ] root - 		66	|	1	|	0.02%
[INFO ] root - 		67	|	1	|	0.02%
[INFO ] root - 		69	|	1	|	0.02%
[INFO ] root - 		70	|	1	|	0.02%
[INFO ] root - 		72	|	1	|	0.02%
[INFO ] root - 		124	|	1	|	0.02%
[INFO ] root - Cluster size distribution written to /Users/onurcanmemis/Desktop/web-data-integration-team-project/output/cluster_analysis/cluster_size_distribution.csv
[INFO ] root - Cluster Size Distribution of 2924 clusters:
[INFO ] root - 	Cluster Size	| Frequency	| Percentage
[INFO ] root - 	──────────────────────────────────────────────────
[INFO ] root - 		2	|	472	|	16.14%
[INFO ] root - 		3	|	278	|	9.51%
[INFO ] root - 		4	|	261	|	8.93%
[INFO ] root - 		5	|	181	|	6.19%
[INFO ] root - 		6	|	187	|	6.40%
[INFO ] root - 		7	|	153	|	5.23%
[INFO ] root - 		8	|	93	|	3.18%
[INFO ] root - 		9	|	81	|	2.77%
[INFO ] root - 		10	|	87	|	2.98%
[INFO ] root - 		11	|	59	|	2.02%
[INFO ] root - 		12	|	79	|	2.70%
[INFO ] root - 		13	|	59	|	2.02%
[INFO ] root - 		14	|	46	|	1.57%
[INFO ] root - 		15	|	50	|	1.71%
[INFO ] root - 		16	|	48	|	1.64%
[INFO ] root - 		17	|	36	|	1.23%
[INFO ] root - 		18	|	32	|	1.09%
[INFO ] root - 		19	|	39	|	1.33%
[INFO ] root - 		20	|	26	|	0.89%
[INFO ] root - 		21	|	31	|	1.06%
[INFO ] root - 		22	|	30	|	1.03%
[INFO ] root - 		23	|	27	|	0.92%
[INFO ] root - 		24	|	21	|	0.72%
[INFO ] root - 		25	|	29	|	0.99%
[INFO ] root - 		26	|	31	|	1.06%
[INFO ] root - 		27	|	34	|	1.16%
[INFO ] root - 		28	|	22	|	0.75%
[INFO ] root - 		29	|	23	|	0.79%
[INFO ] root - 		30	|	19	|	0.65%
[INFO ] root - 		31	|	12	|	0.41%
[INFO ] root - 		32	|	12	|	0.41%
[INFO ] root - 		33	|	12	|	0.41%
[INFO ] root - 		34	|	9	|	0.31%
[INFO ] root - 		35	|	14	|	0.48%
[INFO ] root - 		36	|	12	|	0.41%
[INFO ] root - 		37	|	15	|	0.51%
[INFO ] root - 		38	|	12	|	0.41%
[INFO ] root - 		39	|	9	|	0.31%
[INFO ] root - 		40	|	10	|	0.34%
[INFO ] root - 		41	|	3	|	0.10%
[INFO ] root - 		42	|	4	|	0.14%
[INFO ] root - 		43	|	10	|	0.34%
[INFO ] root - 		44	|	3	|	0.10%
[INFO ] root - 		45	|	9	|	0.31%
[INFO ] root - 		46	|	12	|	0.41%
[INFO ] root - 		47	|	7	|	0.24%
[INFO ] root - 		48	|	11	|	0.38%
[INFO ] root - 		49	|	5	|	0.17%
[INFO ] root - 		50	|	8	|	0.27%
[INFO ] root - 		51	|	3	|	0.10%
[INFO ] root - 		52	|	3	|	0.10%
[INFO ] root - 		53	|	6	|	0.21%
[INFO ] root - 		54	|	5	|	0.17%
[INFO ] root - 		55	|	4	|	0.14%
[INFO ] root - 		56	|	5	|	0.17%
[INFO ] root - 		57	|	2	|	0.07%
[INFO ] root - 		58	|	5	|	0.17%
[INFO ] root - 		59	|	5	|	0.17%
[INFO ] root - 		60	|	1	|	0.03%
[INFO ] root - 		61	|	2	|	0.07%
[INFO ] root - 		62	|	4	|	0.14%
[INFO ] root - 		63	|	5	|	0.17%
[INFO ] root - 		64	|	2	|	0.07%
[INFO ] root - 		65	|	1	|	0.03%
[INFO ] root - 		66	|	6	|	0.21%
[INFO ] root - 		67	|	5	|	0.17%
[INFO ] root - 		68	|	3	|	0.10%
[INFO ] root - 		69	|	5	|	0.17%
[INFO ] root - 		70	|	1	|	0.03%
[INFO ] root - 		71	|	3	|	0.10%
[INFO ] root - 		72	|	6	|	0.21%
[INFO ] root - 		73	|	4	|	0.14%
[INFO ] root - 		74	|	3	|	0.10%
[INFO ] root - 		75	|	4	|	0.14%
[INFO ] root - 		76	|	1	|	0.03%
[INFO ] root - 		77	|	1	|	0.03%
[INFO ] root - 		78	|	2	|	0.07%
[INFO ] root - 		79	|	2	|	0.07%
[INFO ] root - 		80	|	3	|	0.10%
[INFO ] root - 		82	|	1	|	0.03%
[INFO ] root - 		83	|	2	|	0.07%
[INFO ] root - 		84	|	1	|	0.03%
[INFO ] root - 		85	|	2	|	0.07%
[INFO ] root - 		86	|	1	|	0.03%
[INFO ] root - 		87	|	1	|	0.03%
[INFO ] root - 		88	|	6	|	0.21%
[INFO ] root - 		90	|	2	|	0.07%
[INFO ] root - 		91	|	1	|	0.03%
[INFO ] root - 		94	|	1	|	0.03%
[INFO ] root - 		96	|	2	|	0.07%
[INFO ] root - 		98	|	1	|	0.03%
[INFO ] root - 		99	|	4	|	0.14%
[INFO ] root - 		100	|	1	|	0.03%
[INFO ] root - 		102	|	2	|	0.07%
[INFO ] root - 		103	|	4	|	0.14%
[INFO ] root - 		104	|	3	|	0.10%
[INFO ] root - 		106	|	1	|	0.03%
[INFO ] root - 		107	|	2	|	0.07%
[INFO ] root - 		108	|	2	|	0.07%
[INFO ] root - 		111	|	2	|	0.07%
[INFO ] root - 		112	|	1	|	0.03%
[INFO ] root - 		113	|	1	|	0.03%
[INFO ] root - 		117	|	3	|	0.10%
[INFO ] root - 		121	|	1	|	0.03%
[INFO ] root - 		123	|	3	|	0.10%
[INFO ] root - 		124	|	2	|	0.07%
[INFO ] root - 		125	|	1	|	0.03%
[INFO ] root - 		128	|	2	|	0.07%
[INFO ] root - 		130	|	1	|	0.03%
[INFO ] root - 		132	|	3	|	0.10%
[INFO ] root - 		135	|	2	|	0.07%
[INFO ] root - 		136	|	1	|	0.03%
[INFO ] root - 		138	|	1	|	0.03%
[INFO ] root - 		145	|	1	|	0.03%
[INFO ] root - 		146	|	2	|	0.07%
[INFO ] root - 		150	|	1	|	0.03%
[INFO ] root - 		151	|	1	|	0.03%
[INFO ] root - 		153	|	2	|	0.07%
[INFO ] root - 		157	|	1	|	0.03%
[INFO ] root - 		158	|	1	|	0.03%
[INFO ] root - 		162	|	1	|	0.03%
[INFO ] root - 		172	|	1	|	0.03%
[INFO ] root - 		173	|	2	|	0.07%
[INFO ] root - 		176	|	2	|	0.07%
[INFO ] root - 		179	|	2	|	0.07%
[INFO ] root - 		180	|	1	|	0.03%
[INFO ] root - 		189	|	1	|	0.03%
[INFO ] root - 		195	|	1	|	0.03%
[INFO ] root - 		201	|	1	|	0.03%
[INFO ] root - 		221	|	1	|	0.03%
[INFO ] root - 		222	|	1	|	0.03%
[INFO ] root - 		224	|	1	|	0.03%
[INFO ] root - 		225	|	1	|	0.03%
[INFO ] root - 		227	|	1	|	0.03%
[INFO ] root - 		235	|	1	|	0.03%
[INFO ] root - 		254	|	1	|	0.03%
[INFO ] root - 		271	|	1	|	0.03%
[INFO ] root - 		312	|	1	|	0.03%
[INFO ] root - 		318	|	1	|	0.03%
[INFO ] root - 		344	|	1	|	0.03%
[INFO ] root - 		394	|	1	|	0.03%
[INFO ] root - 		451	|	1	|	0.03%
[INFO ] root - 		455	|	1	|	0.03%
[INFO ] root - Cluster size distribution written to /Users/onurcanmemis/Desktop/web-data-integration-team-project/output/cluster_analysis/cluster_size_distribution.csv
[INFO ] root - Label distribution: 375 positive, 420 negative
[INFO ] root - Label distribution: 378 positive, 418 negative
[INFO ] PyDI.entitymatching.ml_based.MLBasedMatcher - Starting Entity Matching
[INFO ] PyDI.entitymatching.ml_based.MLBasedMatcher - Blocking 84461 x 14666 elements
[INFO ] PyDI.entitymatching.ml_based.MLBasedMatcher - Matching 84461 x 14666 elements after 0:00:0.255; 466456 blocked pairs (reduction ratio: 0.999623432544303)
[INFO ] PyDI.entitymatching.ml_based.MLBasedMatcher - Entity Matching finished after 0:00:62.855; found 8891 correspondences.
[INFO ] PyDI.entitymatching.ml_based.MLBasedMatcher - Starting Entity Matching
[INFO ] PyDI.entitymatching.ml_based.MLBasedMatcher - Blocking 84461 x 16327 elements
[INFO ] PyDI.entitymatching.ml_based.MLBasedMatcher - Matching 84461 x 16327 elements after 0:00:0.196; 482744 blocked pairs (reduction ratio: 0.9996499305011494)
[INFO ] PyDI.entitymatching.ml_based.MLBasedMatcher - Entity Matching finished after 0:00:69.215; found 148498 correspondences.
[INFO ] root - Cluster Size Distribution of 8570 clusters:
[INFO ] root - 	Cluster Size	| Frequency	| Percentage
[INFO ] root - 	──────────────────────────────────────────────────
[INFO ] root - 		2	|	8358	|	97.53%
[INFO ] root - 		3	|	159	|	1.86%
[INFO ] root - 		4	|	35	|	0.41%
[INFO ] root - 		5	|	15	|	0.18%
[INFO ] root - 		6	|	3	|	0.04%
[INFO ] root - Cluster size distribution written to /Users/onurcanmemis/Desktop/web-data-integration-team-project/output/cluster_analysis/cluster_size_distribution.csv
[INFO ] root - Cluster Size Distribution of 3312 clusters:
[INFO ] root - 	Cluster Size	| Frequency	| Percentage
[INFO ] root - 	──────────────────────────────────────────────────
[INFO ] root - 		2	|	665	|	20.08%
[INFO ] root - 		3	|	307	|	9.27%
[INFO ] root - 		4	|	315	|	9.51%
[INFO ] root - 		5	|	221	|	6.67%
[INFO ] root - 		6	|	218	|	6.58%
[INFO ] root - 		7	|	169	|	5.10%
[INFO ] root - 		8	|	123	|	3.71%
[INFO ] root - 		9	|	95	|	2.87%
[INFO ] root - 		10	|	107	|	3.23%
[INFO ] root - 		11	|	71	|	2.14%
[INFO ] root - 		12	|	81	|	2.45%
[INFO ] root - 		13	|	64	|	1.93%
[INFO ] root - 		14	|	51	|	1.54%
[INFO ] root - 		15	|	47	|	1.42%
[INFO ] root - 		16	|	49	|	1.48%
[INFO ] root - 		17	|	35	|	1.06%
[INFO ] root - 		18	|	43	|	1.30%
[INFO ] root - 		19	|	36	|	1.09%
[INFO ] root - 		20	|	26	|	0.79%
[INFO ] root - 		21	|	31	|	0.94%
[INFO ] root - 		22	|	31	|	0.94%
[INFO ] root - 		23	|	34	|	1.03%
[INFO ] root - 		24	|	29	|	0.88%
[INFO ] root - 		25	|	26	|	0.79%
[INFO ] root - 		26	|	34	|	1.03%
[INFO ] root - 		27	|	17	|	0.51%
[INFO ] root - 		28	|	14	|	0.42%
[INFO ] root - 		29	|	19	|	0.57%
[INFO ] root - 		30	|	11	|	0.33%
[INFO ] root - 		31	|	14	|	0.42%
[INFO ] root - 		32	|	14	|	0.42%
[INFO ] root - 		33	|	15	|	0.45%
[INFO ] root - 		34	|	10	|	0.30%
[INFO ] root - 		35	|	9	|	0.27%
[INFO ] root - 		36	|	20	|	0.60%
[INFO ] root - 		37	|	4	|	0.12%
[INFO ] root - 		38	|	14	|	0.42%
[INFO ] root - 		39	|	9	|	0.27%
[INFO ] root - 		40	|	13	|	0.39%
[INFO ] root - 		41	|	8	|	0.24%
[INFO ] root - 		42	|	4	|	0.12%
[INFO ] root - 		43	|	6	|	0.18%
[INFO ] root - 		44	|	7	|	0.21%
[INFO ] root - 		45	|	4	|	0.12%
[INFO ] root - 		46	|	7	|	0.21%
[INFO ] root - 		47	|	6	|	0.18%
[INFO ] root - 		48	|	5	|	0.15%
[INFO ] root - 		49	|	4	|	0.12%
[INFO ] root - 		50	|	4	|	0.12%
[INFO ] root - 		51	|	6	|	0.18%
[INFO ] root - 		52	|	3	|	0.09%
[INFO ] root - 		53	|	3	|	0.09%
[INFO ] root - 		54	|	8	|	0.24%
[INFO ] root - 		55	|	2	|	0.06%
[INFO ] root - 		56	|	5	|	0.15%
[INFO ] root - 		57	|	7	|	0.21%
[INFO ] root - 		58	|	4	|	0.12%
[INFO ] root - 		59	|	2	|	0.06%
[INFO ] root - 		60	|	2	|	0.06%
[INFO ] root - 		61	|	3	|	0.09%
[INFO ] root - 		62	|	4	|	0.12%
[INFO ] root - 		63	|	5	|	0.15%
[INFO ] root - 		64	|	2	|	0.06%
[INFO ] root - 		65	|	5	|	0.15%
[INFO ] root - 		66	|	1	|	0.03%
[INFO ] root - 		67	|	4	|	0.12%
[INFO ] root - 		68	|	6	|	0.18%
[INFO ] root - 		69	|	3	|	0.09%
[INFO ] root - 		70	|	2	|	0.06%
[INFO ] root - 		71	|	1	|	0.03%
[INFO ] root - 		73	|	2	|	0.06%
[INFO ] root - 		74	|	4	|	0.12%
[INFO ] root - 		75	|	1	|	0.03%
[INFO ] root - 		76	|	6	|	0.18%
[INFO ] root - 		78	|	1	|	0.03%
[INFO ] root - 		79	|	1	|	0.03%
[INFO ] root - 		82	|	1	|	0.03%
[INFO ] root - 		83	|	2	|	0.06%
[INFO ] root - 		84	|	1	|	0.03%
[INFO ] root - 		85	|	1	|	0.03%
[INFO ] root - 		86	|	1	|	0.03%
[INFO ] root - 		87	|	3	|	0.09%
[INFO ] root - 		88	|	4	|	0.12%
[INFO ] root - 		89	|	1	|	0.03%
[INFO ] root - 		90	|	2	|	0.06%
[INFO ] root - 		92	|	1	|	0.03%
[INFO ] root - 		93	|	1	|	0.03%
[INFO ] root - 		94	|	1	|	0.03%
[INFO ] root - 		97	|	2	|	0.06%
[INFO ] root - 		98	|	1	|	0.03%
[INFO ] root - 		99	|	2	|	0.06%
[INFO ] root - 		101	|	1	|	0.03%
[INFO ] root - 		102	|	1	|	0.03%
[INFO ] root - 		103	|	2	|	0.06%
[INFO ] root - 		104	|	2	|	0.06%
[INFO ] root - 		106	|	1	|	0.03%
[INFO ] root - 		108	|	1	|	0.03%
[INFO ] root - 		111	|	1	|	0.03%
[INFO ] root - 		112	|	1	|	0.03%
[INFO ] root - 		114	|	1	|	0.03%
[INFO ] root - 		119	|	1	|	0.03%
[INFO ] root - 		121	|	2	|	0.06%
[INFO ] root - 		122	|	1	|	0.03%
[INFO ] root - 		124	|	1	|	0.03%
[INFO ] root - 		125	|	1	|	0.03%
[INFO ] root - 		128	|	2	|	0.06%
[INFO ] root - 		132	|	1	|	0.03%
[INFO ] root - 		134	|	1	|	0.03%
[INFO ] root - 		138	|	1	|	0.03%
[INFO ] root - 		140	|	1	|	0.03%
[INFO ] root - 		141	|	1	|	0.03%
[INFO ] root - 		146	|	1	|	0.03%
[INFO ] root - 		147	|	1	|	0.03%
[INFO ] root - 		148	|	2	|	0.06%
[INFO ] root - 		154	|	1	|	0.03%
[INFO ] root - 		163	|	1	|	0.03%
[INFO ] root - 		171	|	1	|	0.03%
[INFO ] root - 		172	|	1	|	0.03%
[INFO ] root - 		173	|	1	|	0.03%
[INFO ] root - 		179	|	1	|	0.03%
[INFO ] root - 		182	|	1	|	0.03%
[INFO ] root - 		194	|	1	|	0.03%
[INFO ] root - 		199	|	1	|	0.03%
[INFO ] root - 		225	|	1	|	0.03%
[INFO ] root - 		228	|	1	|	0.03%
[INFO ] root - 		231	|	1	|	0.03%
[INFO ] root - 		233	|	1	|	0.03%
[INFO ] root - 		237	|	2	|	0.06%
[INFO ] root - 		240	|	1	|	0.03%
[INFO ] root - 		243	|	1	|	0.03%
[INFO ] root - 		271	|	1	|	0.03%
[INFO ] root - 		313	|	1	|	0.03%
[INFO ] root - 		318	|	1	|	0.03%
[INFO ] root - 		447	|	1	|	0.03%
[INFO ] root - Cluster size distribution written to /Users/onurcanmemis/Desktop/web-data-integration-team-project/output/cluster_analysis/cluster_size_distribution.csv
[INFO ] root - Confusion Matrix:
[INFO ] root -   True Positives:  91
[INFO ] root -   True Negatives:  105
[INFO ] root -   False Positives: 0
[INFO ] root -   False Negatives: 3
[INFO ] root - Performance Metrics:
[INFO ] root -   Accuracy:  0.985
[INFO ] root -   Precision: 1.000
[INFO ] root -   Recall:    0.968
[INFO ] root -   F1-Score:  0.984
[INFO ] root - Confusion Matrix:
[INFO ] root -   True Positives:  82
[INFO ] root -   True Negatives:  104
[INFO ] root -   False Positives: 0
[INFO ] root -   False Negatives: 13
[INFO ] root - Performance Metrics:
[INFO ] root -   Accuracy:  0.935
[INFO ] root -   Precision: 1.000
[INFO ] root -   Recall:    0.863
[INFO ] root -   F1-Score:  0.927
[INFO ] root - Cluster Size Distribution of 8570 clusters:
[INFO ] root - 	Cluster Size	| Frequency	| Percentage
[INFO ] root - 	──────────────────────────────────────────────────
[INFO ] root - 		2	|	8358	|	97.53%
[INFO ] root - 		3	|	159	|	1.86%
[INFO ] root - 		4	|	35	|	0.41%
[INFO ] root - 		5	|	15	|	0.18%
[INFO ] root - 		6	|	3	|	0.04%
[INFO ] root - Cluster size distribution written to /Users/onurcanmemis/Desktop/web-data-integration-team-project/output/cluster_analysis/cluster_size_distribution.csv
[INFO ] root - Cluster Size Distribution of 3312 clusters:
[INFO ] root - 	Cluster Size	| Frequency	| Percentage
[INFO ] root - 	──────────────────────────────────────────────────
[INFO ] root - 		2	|	665	|	20.08%
[INFO ] root - 		3	|	307	|	9.27%
[INFO ] root - 		4	|	315	|	9.51%
[INFO ] root - 		5	|	221	|	6.67%
[INFO ] root - 		6	|	218	|	6.58%
[INFO ] root - 		7	|	169	|	5.10%
[INFO ] root - 		8	|	123	|	3.71%
[INFO ] root - 		9	|	95	|	2.87%
[INFO ] root - 		10	|	107	|	3.23%
[INFO ] root - 		11	|	71	|	2.14%
[INFO ] root - 		12	|	81	|	2.45%
[INFO ] root - 		13	|	64	|	1.93%
[INFO ] root - 		14	|	51	|	1.54%
[INFO ] root - 		15	|	47	|	1.42%
[INFO ] root - 		16	|	49	|	1.48%
[INFO ] root - 		17	|	35	|	1.06%
[INFO ] root - 		18	|	43	|	1.30%
[INFO ] root - 		19	|	36	|	1.09%
[INFO ] root - 		20	|	26	|	0.79%
[INFO ] root - 		21	|	31	|	0.94%
[INFO ] root - 		22	|	31	|	0.94%
[INFO ] root - 		23	|	34	|	1.03%
[INFO ] root - 		24	|	29	|	0.88%
[INFO ] root - 		25	|	26	|	0.79%
[INFO ] root - 		26	|	34	|	1.03%
[INFO ] root - 		27	|	17	|	0.51%
[INFO ] root - 		28	|	14	|	0.42%
[INFO ] root - 		29	|	19	|	0.57%
[INFO ] root - 		30	|	11	|	0.33%
[INFO ] root - 		31	|	14	|	0.42%
[INFO ] root - 		32	|	14	|	0.42%
[INFO ] root - 		33	|	15	|	0.45%
[INFO ] root - 		34	|	10	|	0.30%
[INFO ] root - 		35	|	9	|	0.27%
[INFO ] root - 		36	|	20	|	0.60%
[INFO ] root - 		37	|	4	|	0.12%
[INFO ] root - 		38	|	14	|	0.42%
[INFO ] root - 		39	|	9	|	0.27%
[INFO ] root - 		40	|	13	|	0.39%
[INFO ] root - 		41	|	8	|	0.24%
[INFO ] root - 		42	|	4	|	0.12%
[INFO ] root - 		43	|	6	|	0.18%
[INFO ] root - 		44	|	7	|	0.21%
[INFO ] root - 		45	|	4	|	0.12%
[INFO ] root - 		46	|	7	|	0.21%
[INFO ] root - 		47	|	6	|	0.18%
[INFO ] root - 		48	|	5	|	0.15%
[INFO ] root - 		49	|	4	|	0.12%
[INFO ] root - 		50	|	4	|	0.12%
[INFO ] root - 		51	|	6	|	0.18%
[INFO ] root - 		52	|	3	|	0.09%
[INFO ] root - 		53	|	3	|	0.09%
[INFO ] root - 		54	|	8	|	0.24%
[INFO ] root - 		55	|	2	|	0.06%
[INFO ] root - 		56	|	5	|	0.15%
[INFO ] root - 		57	|	7	|	0.21%
[INFO ] root - 		58	|	4	|	0.12%
[INFO ] root - 		59	|	2	|	0.06%
[INFO ] root - 		60	|	2	|	0.06%
[INFO ] root - 		61	|	3	|	0.09%
[INFO ] root - 		62	|	4	|	0.12%
[INFO ] root - 		63	|	5	|	0.15%
[INFO ] root - 		64	|	2	|	0.06%
[INFO ] root - 		65	|	5	|	0.15%
[INFO ] root - 		66	|	1	|	0.03%
[INFO ] root - 		67	|	4	|	0.12%
[INFO ] root - 		68	|	6	|	0.18%
[INFO ] root - 		69	|	3	|	0.09%
[INFO ] root - 		70	|	2	|	0.06%
[INFO ] root - 		71	|	1	|	0.03%
[INFO ] root - 		73	|	2	|	0.06%
[INFO ] root - 		74	|	4	|	0.12%
[INFO ] root - 		75	|	1	|	0.03%
[INFO ] root - 		76	|	6	|	0.18%
[INFO ] root - 		78	|	1	|	0.03%
[INFO ] root - 		79	|	1	|	0.03%
[INFO ] root - 		82	|	1	|	0.03%
[INFO ] root - 		83	|	2	|	0.06%
[INFO ] root - 		84	|	1	|	0.03%
[INFO ] root - 		85	|	1	|	0.03%
[INFO ] root - 		86	|	1	|	0.03%
[INFO ] root - 		87	|	3	|	0.09%
[INFO ] root - 		88	|	4	|	0.12%
[INFO ] root - 		89	|	1	|	0.03%
[INFO ] root - 		90	|	2	|	0.06%
[INFO ] root - 		92	|	1	|	0.03%
[INFO ] root - 		93	|	1	|	0.03%
[INFO ] root - 		94	|	1	|	0.03%
[INFO ] root - 		97	|	2	|	0.06%
[INFO ] root - 		98	|	1	|	0.03%
[INFO ] root - 		99	|	2	|	0.06%
[INFO ] root - 		101	|	1	|	0.03%
[INFO ] root - 		102	|	1	|	0.03%
[INFO ] root - 		103	|	2	|	0.06%
[INFO ] root - 		104	|	2	|	0.06%
[INFO ] root - 		106	|	1	|	0.03%
[INFO ] root - 		108	|	1	|	0.03%
[INFO ] root - 		111	|	1	|	0.03%
[INFO ] root - 		112	|	1	|	0.03%
[INFO ] root - 		114	|	1	|	0.03%
[INFO ] root - 		119	|	1	|	0.03%
[INFO ] root - 		121	|	2	|	0.06%
[INFO ] root - 		122	|	1	|	0.03%
[INFO ] root - 		124	|	1	|	0.03%
[INFO ] root - 		125	|	1	|	0.03%
[INFO ] root - 		128	|	2	|	0.06%
[INFO ] root - 		132	|	1	|	0.03%
[INFO ] root - 		134	|	1	|	0.03%
[INFO ] root - 		138	|	1	|	0.03%
[INFO ] root - 		140	|	1	|	0.03%
[INFO ] root - 		141	|	1	|	0.03%
[INFO ] root - 		146	|	1	|	0.03%
[INFO ] root - 		147	|	1	|	0.03%
[INFO ] root - 		148	|	2	|	0.06%
[INFO ] root - 		154	|	1	|	0.03%
[INFO ] root - 		163	|	1	|	0.03%
[INFO ] root - 		171	|	1	|	0.03%
[INFO ] root - 		172	|	1	|	0.03%
[INFO ] root - 		173	|	1	|	0.03%
[INFO ] root - 		179	|	1	|	0.03%
[INFO ] root - 		182	|	1	|	0.03%
[INFO ] root - 		194	|	1	|	0.03%
[INFO ] root - 		199	|	1	|	0.03%
[INFO ] root - 		225	|	1	|	0.03%
[INFO ] root - 		228	|	1	|	0.03%
[INFO ] root - 		231	|	1	|	0.03%
[INFO ] root - 		233	|	1	|	0.03%
[INFO ] root - 		237	|	2	|	0.06%
[INFO ] root - 		240	|	1	|	0.03%
[INFO ] root - 		243	|	1	|	0.03%
[INFO ] root - 		271	|	1	|	0.03%
[INFO ] root - 		313	|	1	|	0.03%
[INFO ] root - 		318	|	1	|	0.03%
[INFO ] root - 		447	|	1	|	0.03%
[INFO ] root - Cluster size distribution written to /Users/onurcanmemis/Desktop/web-data-integration-team-project/output/cluster_analysis/cluster_size_distribution.csv
[INFO ] PyDI.fusion.analysis - Analyzed 19 attributes across 3 datasets
[INFO ] PyDI.entitymatching.blocking.standard.StandardBlocker - created 42000 blocking keys for first dataset
[INFO ] PyDI.entitymatching.blocking.standard.StandardBlocker - created 9863 blocking keys for second dataset
[INFO ] PyDI.entitymatching.blocking.standard.StandardBlocker - created 6769 blocks from blocking keys
[INFO ] PyDI.entitymatching.blocking.standard.StandardBlocker - Debug results written to file: /Users/onurcanmemis/Desktop/web-data-integration-team-project/output/blocking_evaluation/debugResultsBlocking_StandardBlocker.csv
[INFO ] PyDI.entitymatching.blocking.sorted_neighbourhood.SortedNeighbourhoodBlocker - created sorted neighbourhood with window size 20
[INFO ] PyDI.entitymatching.blocking.sorted_neighbourhood.SortedNeighbourhoodBlocker - created 1 sorted sequence from 99127 records
[INFO ] PyDI.entitymatching.blocking.sorted_neighbourhood.SortedNeighbourhoodBlocker - Debug results written to file: /Users/onurcanmemis/Desktop/web-data-integration-team-project/output/blocking_evaluation/debugResultsBlocking_SortedNeighbourhoodBlocker.csv
[INFO ] PyDI.entitymatching.blocking.embedding.EmbeddingBlocker - Initialized EmbeddingBlocker with sklearn backend, top_k=10, threshold=0.7
[INFO ] sentence_transformers.SentenceTransformer - Use pytorch device_name: mps
[INFO ] sentence_transformers.SentenceTransformer - Load pretrained SentenceTransformer: sentence-transformers/all-MiniLM-L6-v2
[INFO ] PyDI.entitymatching.blocking.embedding.EmbeddingBlocker - Loaded sentence transformer model: sentence-transformers/all-MiniLM-L6-v2
[INFO ] PyDI.entitymatching.blocking.embedding.EmbeddingBlocker - created 384d embeddings for first dataset
[INFO ] PyDI.entitymatching.blocking.embedding.EmbeddingBlocker - created 384d embeddings for second dataset
[INFO ] PyDI.entitymatching.blocking.embedding.EmbeddingBlocker - created similarity index with 14666 vectors, metric=cosine
[INFO ] PyDI.entitymatching.blocking.embedding.EmbeddingBlocker - Debug results written to file: /Users/onurcanmemis/Desktop/web-data-integration-team-project/output/blocking_evaluation/debugResultsBlocking_EmbeddingBlocker.csv
[INFO ] PyDI.entitymatching.blocking.standard.StandardBlocker - created 42000 blocking keys for first dataset
[INFO ] PyDI.entitymatching.blocking.standard.StandardBlocker - created 11332 blocking keys for second dataset
[INFO ] PyDI.entitymatching.blocking.standard.StandardBlocker - created 5720 blocks from blocking keys
[INFO ] PyDI.entitymatching.blocking.standard.StandardBlocker - Debug results written to file: /Users/onurcanmemis/Desktop/web-data-integration-team-project/output/blocking_evaluation/debugResultsBlocking_StandardBlocker.csv
[INFO ] PyDI.entitymatching.blocking.sorted_neighbourhood.SortedNeighbourhoodBlocker - created sorted neighbourhood with window size 20
[INFO ] PyDI.entitymatching.blocking.sorted_neighbourhood.SortedNeighbourhoodBlocker - created 1 sorted sequence from 100788 records
[INFO ] PyDI.entitymatching.blocking.sorted_neighbourhood.SortedNeighbourhoodBlocker - Debug results written to file: /Users/onurcanmemis/Desktop/web-data-integration-team-project/output/blocking_evaluation/debugResultsBlocking_SortedNeighbourhoodBlocker.csv
[INFO ] PyDI.entitymatching.blocking.embedding.EmbeddingBlocker - Initialized EmbeddingBlocker with sklearn backend, top_k=10, threshold=0.7
[INFO ] sentence_transformers.SentenceTransformer - Use pytorch device_name: mps
[INFO ] sentence_transformers.SentenceTransformer - Load pretrained SentenceTransformer: sentence-transformers/all-MiniLM-L6-v2
[INFO ] PyDI.entitymatching.blocking.embedding.EmbeddingBlocker - Loaded sentence transformer model: sentence-transformers/all-MiniLM-L6-v2
[INFO ] PyDI.entitymatching.blocking.embedding.EmbeddingBlocker - created 384d embeddings for first dataset
[INFO ] PyDI.entitymatching.blocking.embedding.EmbeddingBlocker - created 384d embeddings for second dataset
[INFO ] PyDI.entitymatching.blocking.embedding.EmbeddingBlocker - created similarity index with 16327 vectors, metric=cosine
[INFO ] PyDI.entitymatching.blocking.embedding.EmbeddingBlocker - Debug results written to file: /Users/onurcanmemis/Desktop/web-data-integration-team-project/output/blocking_evaluation/debugResultsBlocking_EmbeddingBlocker.csv
[INFO ] root -   Pair Completeness: 0.947
[INFO ] root -   Pair Quality:      0.010
[INFO ] root -   Reduction Ratio:   1.000
[INFO ] root -   True Matches Found: 355/375
[INFO ] root - Blocking evaluation complete!
[INFO ] root -   Pair Completeness: 0.989
[INFO ] root -   Pair Quality:      0.001
[INFO ] root -   Reduction Ratio:   1.000
[INFO ] root -   True Matches Found: 371/375
[INFO ] root - Blocking evaluation complete!
[INFO ] root -   Pair Completeness: 0.995
[INFO ] root -   Pair Quality:      0.002
[INFO ] root -   Reduction Ratio:   1.000
[INFO ] root -   True Matches Found: 373/375
[INFO ] root - Blocking evaluation complete!
[INFO ] root -   Pair Completeness: 0.749
[INFO ] root -   Pair Quality:      0.009
[INFO ] root -   Reduction Ratio:   1.000
[INFO ] root -   True Matches Found: 283/378
[INFO ] root - Blocking evaluation complete!
[INFO ] root -   Pair Completeness: 0.884
[INFO ] root -   Pair Quality:      0.001
[INFO ] root -   Reduction Ratio:   1.000
[INFO ] root -   True Matches Found: 334/378
[INFO ] root - Blocking evaluation complete!
[INFO ] root -   Pair Completeness: 0.955
[INFO ] root -   Pair Quality:      0.002
[INFO ] root -   Reduction Ratio:   1.000
[INFO ] root -   True Matches Found: 361/378
[INFO ] root - Blocking evaluation complete!
[INFO ] PyDI.entitymatching.rule_based.RuleBasedMatcher - Starting Entity Matching
[INFO ] PyDI.entitymatching.rule_based.RuleBasedMatcher - Blocking 84461 x 14666 elements
[INFO ] PyDI.entitymatching.rule_based.RuleBasedMatcher - Matching 84461 x 14666 elements after 0:00:0.035; 152428 blocked pairs (reduction ratio: 0.999876945683758)
[INFO ] PyDI.entitymatching.rule_based.RuleBasedMatcher - Entity Matching finished after 0:00:17.222; found 9094 correspondences.
[INFO ] PyDI.entitymatching.rule_based.RuleBasedMatcher - Starting Entity Matching
[INFO ] PyDI.entitymatching.rule_based.RuleBasedMatcher - Blocking 84461 x 16327 elements
[INFO ] PyDI.entitymatching.rule_based.RuleBasedMatcher - Matching 84461 x 16327 elements after 0:00:0.022; 152151 blocked pairs (reduction ratio: 0.9998896652794864)
[INFO ] PyDI.entitymatching.rule_based.RuleBasedMatcher - Entity Matching finished after 0:00:16.464; found 6617 correspondences.
[INFO ] root - Cluster Size Distribution of 8731 clusters:
[INFO ] root - 	Cluster Size	| Frequency	| Percentage
[INFO ] root - 	──────────────────────────────────────────────────
[INFO ] root - 		2	|	8497	|	97.32%
[INFO ] root - 		3	|	169	|	1.94%
[INFO ] root - 		4	|	42	|	0.48%
[INFO ] root - 		5	|	20	|	0.23%
[INFO ] root - 		6	|	1	|	0.01%
[INFO ] root - 		7	|	2	|	0.02%
[INFO ] root - Cluster size distribution written to /Users/onurcanmemis/Desktop/web-data-integration-team-project/output/cluster_analysis/cluster_size_distribution.csv
[INFO ] root - Cluster Size Distribution of 6232 clusters:
[INFO ] root - 	Cluster Size	| Frequency	| Percentage
[INFO ] root - 	──────────────────────────────────────────────────
[INFO ] root - 		2	|	5999	|	96.26%
[INFO ] root - 		3	|	169	|	2.71%
[INFO ] root - 		4	|	46	|	0.74%
[INFO ] root - 		5	|	13	|	0.21%
[INFO ] root - 		6	|	2	|	0.03%
[INFO ] root - 		7	|	1	|	0.02%
[INFO ] root - 		8	|	2	|	0.03%
[INFO ] root - Cluster size distribution written to /Users/onurcanmemis/Desktop/web-data-integration-team-project/output/cluster_analysis/cluster_size_distribution.csv
[INFO ] root - Confusion Matrix:
[INFO ] root -   True Positives:  90
[INFO ] root -   True Negatives:  104
[INFO ] root -   False Positives: 1
[INFO ] root -   False Negatives: 4
[INFO ] root - Performance Metrics:
[INFO ] root -   Accuracy:  0.975
[INFO ] root -   Precision: 0.989
[INFO ] root -   Recall:    0.957
[INFO ] root -   F1-Score:  0.973
[INFO ] root - Confusion Matrix:
[INFO ] root -   True Positives:  84
[INFO ] root -   True Negatives:  104
[INFO ] root -   False Positives: 0
[INFO ] root -   False Negatives: 11
[INFO ] root - Performance Metrics:
[INFO ] root -   Accuracy:  0.945
[INFO ] root -   Precision: 1.000
[INFO ] root -   Recall:    0.884
[INFO ] root -   F1-Score:  0.939
[INFO ] root - Label distribution: 375 positive, 420 negative
[INFO ] root - Label distribution: 378 positive, 418 negative
[INFO ] PyDI.entitymatching.ml_based.MLBasedMatcher - Starting Entity Matching
[INFO ] PyDI.entitymatching.ml_based.MLBasedMatcher - Blocking 84461 x 14666 elements
[INFO ] PyDI.entitymatching.ml_based.MLBasedMatcher - Matching 84461 x 14666 elements after 0:00:0.249; 466456 blocked pairs (reduction ratio: 0.999623432544303)
[INFO ] PyDI.entitymatching.ml_based.MLBasedMatcher - Entity Matching finished after 0:00:64.477; found 8866 correspondences.
[INFO ] PyDI.entitymatching.ml_based.MLBasedMatcher - Starting Entity Matching
[INFO ] PyDI.entitymatching.ml_based.MLBasedMatcher - Blocking 84461 x 16327 elements
[INFO ] PyDI.entitymatching.ml_based.MLBasedMatcher - Matching 84461 x 16327 elements after 0:00:0.205; 482744 blocked pairs (reduction ratio: 0.9996499305011494)
[INFO ] PyDI.entitymatching.ml_based.MLBasedMatcher - Entity Matching finished after 0:00:67.888; found 125226 correspondences.
[INFO ] root - Cluster Size Distribution of 8561 clusters:
[INFO ] root - 	Cluster Size	| Frequency	| Percentage
[INFO ] root - 	──────────────────────────────────────────────────
[INFO ] root - 		2	|	8357	|	97.62%
[INFO ] root - 		3	|	156	|	1.82%
[INFO ] root - 		4	|	31	|	0.36%
[INFO ] root - 		5	|	15	|	0.18%
[INFO ] root - 		6	|	2	|	0.02%
[INFO ] root - Cluster size distribution written to /Users/onurcanmemis/Desktop/web-data-integration-team-project/output/cluster_analysis/cluster_size_distribution.csv
[INFO ] root - Cluster Size Distribution of 3540 clusters:
[INFO ] root - 	Cluster Size	| Frequency	| Percentage
[INFO ] root - 	──────────────────────────────────────────────────
[INFO ] root - 		2	|	803	|	22.68%
[INFO ] root - 		3	|	354	|	10.00%
[INFO ] root - 		4	|	334	|	9.44%
[INFO ] root - 		5	|	217	|	6.13%
[INFO ] root - 		6	|	245	|	6.92%
[INFO ] root - 		7	|	177	|	5.00%
[INFO ] root - 		8	|	137	|	3.87%
[INFO ] root - 		9	|	94	|	2.66%
[INFO ] root - 		10	|	111	|	3.14%
[INFO ] root - 		11	|	77	|	2.18%
[INFO ] root - 		12	|	83	|	2.34%
[INFO ] root - 		13	|	63	|	1.78%
[INFO ] root - 		14	|	47	|	1.33%
[INFO ] root - 		15	|	54	|	1.53%
[INFO ] root - 		16	|	49	|	1.38%
[INFO ] root - 		17	|	33	|	0.93%
[INFO ] root - 		18	|	40	|	1.13%
[INFO ] root - 		19	|	42	|	1.19%
[INFO ] root - 		20	|	29	|	0.82%
[INFO ] root - 		21	|	36	|	1.02%
[INFO ] root - 		22	|	34	|	0.96%
[INFO ] root - 		23	|	35	|	0.99%
[INFO ] root - 		24	|	28	|	0.79%
[INFO ] root - 		25	|	23	|	0.65%
[INFO ] root - 		26	|	29	|	0.82%
[INFO ] root - 		27	|	18	|	0.51%
[INFO ] root - 		28	|	14	|	0.40%
[INFO ] root - 		29	|	17	|	0.48%
[INFO ] root - 		30	|	11	|	0.31%
[INFO ] root - 		31	|	16	|	0.45%
[INFO ] root - 		32	|	9	|	0.25%
[INFO ] root - 		33	|	15	|	0.42%
[INFO ] root - 		34	|	5	|	0.14%
[INFO ] root - 		35	|	16	|	0.45%
[INFO ] root - 		36	|	12	|	0.34%
[INFO ] root - 		37	|	6	|	0.17%
[INFO ] root - 		38	|	11	|	0.31%
[INFO ] root - 		39	|	10	|	0.28%
[INFO ] root - 		40	|	12	|	0.34%
[INFO ] root - 		41	|	7	|	0.20%
[INFO ] root - 		42	|	8	|	0.23%
[INFO ] root - 		43	|	5	|	0.14%
[INFO ] root - 		44	|	9	|	0.25%
[INFO ] root - 		45	|	6	|	0.17%
[INFO ] root - 		46	|	7	|	0.20%
[INFO ] root - 		47	|	6	|	0.17%
[INFO ] root - 		48	|	5	|	0.14%
[INFO ] root - 		49	|	3	|	0.08%
[INFO ] root - 		50	|	1	|	0.03%
[INFO ] root - 		51	|	3	|	0.08%
[INFO ] root - 		52	|	3	|	0.08%
[INFO ] root - 		53	|	1	|	0.03%
[INFO ] root - 		54	|	7	|	0.20%
[INFO ] root - 		55	|	3	|	0.08%
[INFO ] root - 		56	|	7	|	0.20%
[INFO ] root - 		57	|	10	|	0.28%
[INFO ] root - 		58	|	3	|	0.08%
[INFO ] root - 		59	|	3	|	0.08%
[INFO ] root - 		60	|	2	|	0.06%
[INFO ] root - 		61	|	3	|	0.08%
[INFO ] root - 		62	|	3	|	0.08%
[INFO ] root - 		63	|	3	|	0.08%
[INFO ] root - 		64	|	1	|	0.03%
[INFO ] root - 		65	|	2	|	0.06%
[INFO ] root - 		66	|	3	|	0.08%
[INFO ] root - 		67	|	1	|	0.03%
[INFO ] root - 		68	|	3	|	0.08%
[INFO ] root - 		69	|	2	|	0.06%
[INFO ] root - 		70	|	3	|	0.08%
[INFO ] root - 		71	|	3	|	0.08%
[INFO ] root - 		74	|	2	|	0.06%
[INFO ] root - 		75	|	1	|	0.03%
[INFO ] root - 		76	|	6	|	0.17%
[INFO ] root - 		77	|	1	|	0.03%
[INFO ] root - 		78	|	1	|	0.03%
[INFO ] root - 		80	|	3	|	0.08%
[INFO ] root - 		81	|	1	|	0.03%
[INFO ] root - 		83	|	1	|	0.03%
[INFO ] root - 		84	|	1	|	0.03%
[INFO ] root - 		87	|	3	|	0.08%
[INFO ] root - 		88	|	1	|	0.03%
[INFO ] root - 		90	|	2	|	0.06%
[INFO ] root - 		92	|	1	|	0.03%
[INFO ] root - 		94	|	1	|	0.03%
[INFO ] root - 		95	|	1	|	0.03%
[INFO ] root - 		97	|	2	|	0.06%
[INFO ] root - 		98	|	1	|	0.03%
[INFO ] root - 		99	|	2	|	0.06%
[INFO ] root - 		103	|	1	|	0.03%
[INFO ] root - 		104	|	2	|	0.06%
[INFO ] root - 		106	|	1	|	0.03%
[INFO ] root - 		111	|	1	|	0.03%
[INFO ] root - 		112	|	1	|	0.03%
[INFO ] root - 		114	|	2	|	0.06%
[INFO ] root - 		119	|	1	|	0.03%
[INFO ] root - 		120	|	1	|	0.03%
[INFO ] root - 		121	|	1	|	0.03%
[INFO ] root - 		122	|	1	|	0.03%
[INFO ] root - 		124	|	1	|	0.03%
[INFO ] root - 		131	|	1	|	0.03%
[INFO ] root - 		134	|	1	|	0.03%
[INFO ] root - 		137	|	1	|	0.03%
[INFO ] root - 		138	|	1	|	0.03%
[INFO ] root - 		146	|	1	|	0.03%
[INFO ] root - 		147	|	1	|	0.03%
[INFO ] root - 		152	|	1	|	0.03%
[INFO ] root - 		166	|	1	|	0.03%
[INFO ] root - 		167	|	1	|	0.03%
[INFO ] root - 		172	|	1	|	0.03%
[INFO ] root - 		173	|	1	|	0.03%
[INFO ] root - 		182	|	2	|	0.06%
[INFO ] root - 		193	|	1	|	0.03%
[INFO ] root - 		195	|	1	|	0.03%
[INFO ] root - 		224	|	1	|	0.03%
[INFO ] root - 		225	|	1	|	0.03%
[INFO ] root - 		228	|	1	|	0.03%
[INFO ] root - 		235	|	1	|	0.03%
[INFO ] root - 		238	|	1	|	0.03%
[INFO ] root - 		270	|	1	|	0.03%
[INFO ] root - 		298	|	1	|	0.03%
[INFO ] root - 		313	|	1	|	0.03%
[INFO ] root - 		378	|	1	|	0.03%
[INFO ] root - Cluster size distribution written to /Users/onurcanmemis/Desktop/web-data-integration-team-project/output/cluster_analysis/cluster_size_distribution.csv
[INFO ] root - Confusion Matrix:
[INFO ] root -   True Positives:  91
[INFO ] root -   True Negatives:  105
[INFO ] root -   False Positives: 0
[INFO ] root -   False Negatives: 3
[INFO ] root - Performance Metrics:
[INFO ] root -   Accuracy:  0.985
[INFO ] root -   Precision: 1.000
[INFO ] root -   Recall:    0.968
[INFO ] root -   F1-Score:  0.984
[INFO ] root - Confusion Matrix:
[INFO ] root -   True Positives:  82
[INFO ] root -   True Negatives:  104
[INFO ] root -   False Positives: 0
[INFO ] root -   False Negatives: 13
[INFO ] root - Performance Metrics:
[INFO ] root -   Accuracy:  0.935
[INFO ] root -   Precision: 1.000
[INFO ] root -   Recall:    0.863
[INFO ] root -   F1-Score:  0.927
[INFO ] PyDI.fusion.analysis - Analyzed 19 attributes across 3 datasets
[INFO ] PyDI.entitymatching.blocking.standard.StandardBlocker - created 42002 blocking keys for first dataset
[INFO ] PyDI.entitymatching.blocking.standard.StandardBlocker - created 9863 blocking keys for second dataset
[INFO ] PyDI.entitymatching.blocking.standard.StandardBlocker - created 6797 blocks from blocking keys
[INFO ] PyDI.entitymatching.blocking.standard.StandardBlocker - Debug results written to file: /Users/onurcanmemis/Desktop/web-data-integration-team-project/output/blocking_evaluation/debugResultsBlocking_StandardBlocker.csv
[INFO ] PyDI.entitymatching.blocking.sorted_neighbourhood.SortedNeighbourhoodBlocker - created sorted neighbourhood with window size 20
[INFO ] PyDI.entitymatching.blocking.sorted_neighbourhood.SortedNeighbourhoodBlocker - created 1 sorted sequence from 99111 records
[INFO ] PyDI.entitymatching.blocking.sorted_neighbourhood.SortedNeighbourhoodBlocker - Debug results written to file: /Users/onurcanmemis/Desktop/web-data-integration-team-project/output/blocking_evaluation/debugResultsBlocking_SortedNeighbourhoodBlocker.csv
[INFO ] PyDI.entitymatching.blocking.embedding.EmbeddingBlocker - Initialized EmbeddingBlocker with sklearn backend, top_k=10, threshold=0.6
[INFO ] sentence_transformers.SentenceTransformer - Use pytorch device_name: mps
[INFO ] sentence_transformers.SentenceTransformer - Load pretrained SentenceTransformer: sentence-transformers/all-MiniLM-L6-v2
[INFO ] PyDI.entitymatching.blocking.embedding.EmbeddingBlocker - Loaded sentence transformer model: sentence-transformers/all-MiniLM-L6-v2
[INFO ] PyDI.entitymatching.blocking.embedding.EmbeddingBlocker - created 384d embeddings for first dataset
[INFO ] PyDI.entitymatching.blocking.embedding.EmbeddingBlocker - created 384d embeddings for second dataset
[INFO ] PyDI.entitymatching.blocking.embedding.EmbeddingBlocker - created similarity index with 14666 vectors, metric=cosine
[INFO ] PyDI.entitymatching.blocking.embedding.EmbeddingBlocker - Debug results written to file: /Users/onurcanmemis/Desktop/web-data-integration-team-project/output/blocking_evaluation/debugResultsBlocking_EmbeddingBlocker.csv
[INFO ] PyDI.entitymatching.blocking.standard.StandardBlocker - created 42002 blocking keys for first dataset
[INFO ] PyDI.entitymatching.blocking.standard.StandardBlocker - created 11332 blocking keys for second dataset
[INFO ] PyDI.entitymatching.blocking.standard.StandardBlocker - created 5755 blocks from blocking keys
[INFO ] PyDI.entitymatching.blocking.standard.StandardBlocker - Debug results written to file: /Users/onurcanmemis/Desktop/web-data-integration-team-project/output/blocking_evaluation/debugResultsBlocking_StandardBlocker.csv
[INFO ] PyDI.entitymatching.blocking.sorted_neighbourhood.SortedNeighbourhoodBlocker - created sorted neighbourhood with window size 20
[INFO ] PyDI.entitymatching.blocking.sorted_neighbourhood.SortedNeighbourhoodBlocker - created 1 sorted sequence from 100770 records
[INFO ] PyDI.entitymatching.blocking.sorted_neighbourhood.SortedNeighbourhoodBlocker - Debug results written to file: /Users/onurcanmemis/Desktop/web-data-integration-team-project/output/blocking_evaluation/debugResultsBlocking_SortedNeighbourhoodBlocker.csv
[INFO ] PyDI.entitymatching.blocking.embedding.EmbeddingBlocker - Initialized EmbeddingBlocker with sklearn backend, top_k=10, threshold=0.6
[INFO ] sentence_transformers.SentenceTransformer - Use pytorch device_name: mps
[INFO ] sentence_transformers.SentenceTransformer - Load pretrained SentenceTransformer: sentence-transformers/all-MiniLM-L6-v2
[INFO ] PyDI.entitymatching.blocking.embedding.EmbeddingBlocker - Loaded sentence transformer model: sentence-transformers/all-MiniLM-L6-v2
[INFO ] PyDI.entitymatching.blocking.embedding.EmbeddingBlocker - created 384d embeddings for first dataset
[INFO ] PyDI.entitymatching.blocking.embedding.EmbeddingBlocker - created 384d embeddings for second dataset
[INFO ] PyDI.entitymatching.blocking.embedding.EmbeddingBlocker - created similarity index with 16325 vectors, metric=cosine
[INFO ] PyDI.entitymatching.blocking.embedding.EmbeddingBlocker - Debug results written to file: /Users/onurcanmemis/Desktop/web-data-integration-team-project/output/blocking_evaluation/debugResultsBlocking_EmbeddingBlocker.csv
[INFO ] root -   Pair Completeness: 0.947
[INFO ] root -   Pair Quality:      0.010
[INFO ] root -   Reduction Ratio:   0.999971
[INFO ] root -   True Matches Found: 354/374
[INFO ] root - Blocking evaluation complete!
[INFO ] root -   Pair Completeness: 0.992
[INFO ] root -   Pair Quality:      0.001
[INFO ] root -   Reduction Ratio:   0.999623
[INFO ] root -   True Matches Found: 371/374
[INFO ] root - Blocking evaluation complete!
[INFO ] root -   Pair Completeness: 0.997
[INFO ] root -   Pair Quality:      0.001
[INFO ] root -   Reduction Ratio:   0.999634
[INFO ] root -   True Matches Found: 373/374
[INFO ] root - Blocking evaluation complete!
[INFO ] root -   Pair Completeness: 0.749
[INFO ] root -   Pair Quality:      0.009
[INFO ] root -   Reduction Ratio:   0.999978
[INFO ] root -   True Matches Found: 284/379
[INFO ] root - Blocking evaluation complete!
[INFO ] root -   Pair Completeness: 0.897
[INFO ] root -   Pair Quality:      0.001
[INFO ] root -   Reduction Ratio:   0.999649
[INFO ] root -   True Matches Found: 340/379
[INFO ] root - Blocking evaluation complete!
[INFO ] root -   Pair Completeness: 0.960
[INFO ] root -   Pair Quality:      0.001
[INFO ] root -   Reduction Ratio:   0.999725
[INFO ] root -   True Matches Found: 364/379
[INFO ] root - Blocking evaluation complete!
[INFO ] PyDI.entitymatching.rule_based.RuleBasedMatcher - Starting Entity Matching
[INFO ] PyDI.entitymatching.rule_based.RuleBasedMatcher - Blocking 84445 x 14666 elements
[INFO ] PyDI.entitymatching.rule_based.RuleBasedMatcher - Matching 84445 x 14666 elements after 0:00:0.021; 453398 blocked pairs (reduction ratio: 0.9996339048466698)
[INFO ] PyDI.entitymatching.rule_based.RuleBasedMatcher - Entity Matching finished after 0:00:47.826; found 9127 correspondences.
[INFO ] PyDI.entitymatching.rule_based.RuleBasedMatcher - Starting Entity Matching
[INFO ] PyDI.entitymatching.rule_based.RuleBasedMatcher - Blocking 84445 x 16325 elements
[INFO ] PyDI.entitymatching.rule_based.RuleBasedMatcher - Matching 84445 x 16325 elements after 0:00:0.012; 378750 blocked pairs (reduction ratio: 0.9997252577114403)
[INFO ] PyDI.entitymatching.rule_based.RuleBasedMatcher - Entity Matching finished after 0:00:39.497; found 6648 correspondences.
[INFO ] PyDI.entitymatching.evaluation - Cluster Size Distribution of 8762 clusters:
[INFO ] PyDI.entitymatching.evaluation - 	Cluster Size	| Frequency	| Percentage
[INFO ] PyDI.entitymatching.evaluation - 	──────────────────────────────────────────────────
[INFO ] PyDI.entitymatching.evaluation - 		2	|	8527	|	97.32%
[INFO ] PyDI.entitymatching.evaluation - 		3	|	169	|	1.93%
[INFO ] PyDI.entitymatching.evaluation - 		4	|	43	|	0.49%
[INFO ] PyDI.entitymatching.evaluation - 		5	|	20	|	0.23%
[INFO ] PyDI.entitymatching.evaluation - 		6	|	1	|	0.01%
[INFO ] PyDI.entitymatching.evaluation - 		7	|	2	|	0.02%
[INFO ] root - Cluster size distribution written to /Users/onurcanmemis/Desktop/web-data-integration-team-project/output/cluster_analysis/cluster_size_distribution.csv
[INFO ] PyDI.entitymatching.evaluation - Cluster Size Distribution of 6258 clusters:
[INFO ] PyDI.entitymatching.evaluation - 	Cluster Size	| Frequency	| Percentage
[INFO ] PyDI.entitymatching.evaluation - 	──────────────────────────────────────────────────
[INFO ] PyDI.entitymatching.evaluation - 		2	|	6020	|	96.20%
[INFO ] PyDI.entitymatching.evaluation - 		3	|	174	|	2.78%
[INFO ] PyDI.entitymatching.evaluation - 		4	|	46	|	0.74%
[INFO ] PyDI.entitymatching.evaluation - 		5	|	13	|	0.21%
[INFO ] PyDI.entitymatching.evaluation - 		6	|	2	|	0.03%
[INFO ] PyDI.entitymatching.evaluation - 		7	|	1	|	0.02%
[INFO ] PyDI.entitymatching.evaluation - 		8	|	2	|	0.03%
[INFO ] root - Cluster size distribution written to /Users/onurcanmemis/Desktop/web-data-integration-team-project/output/cluster_analysis/cluster_size_distribution.csv
[INFO ] root - Confusion Matrix:
[INFO ] root -   True Positives:  91
[INFO ] root -   True Negatives:  53
[INFO ] root -   False Positives: 2
[INFO ] root -   False Negatives: 2
[INFO ] root - Performance Metrics:
[INFO ] root -   Accuracy:  0.973
[INFO ] root -   Precision: 0.978
[INFO ] root -   Recall:    0.978
[INFO ] root -   F1-Score:  0.978
[INFO ] root - Confusion Matrix:
[INFO ] root -   True Positives:  78
[INFO ] root -   True Negatives:  54
[INFO ] root -   False Positives: 0
[INFO ] root -   False Negatives: 17
[INFO ] root - Performance Metrics:
[INFO ] root -   Accuracy:  0.886
[INFO ] root -   Precision: 1.000
[INFO ] root -   Recall:    0.821
[INFO ] root -   F1-Score:  0.902
[INFO ] root - Label distribution: 374 positive, 220 negative
[INFO ] root - Label distribution: 379 positive, 218 negative
[INFO ] PyDI.entitymatching.ml_based.MLBasedMatcher - Starting Entity Matching
[INFO ] PyDI.entitymatching.ml_based.MLBasedMatcher - Blocking 84445 x 14666 elements
[INFO ] PyDI.entitymatching.ml_based.MLBasedMatcher - Matching 84445 x 14666 elements after 0:00:0.001; 453398 blocked pairs (reduction ratio: 0.9996339048466698)
[INFO ] PyDI.entitymatching.ml_based.MLBasedMatcher - Entity Matching finished after 0:00:46.856; found 9240 correspondences.
[INFO ] PyDI.entitymatching.ml_based.MLBasedMatcher - Starting Entity Matching
[INFO ] PyDI.entitymatching.ml_based.MLBasedMatcher - Blocking 84445 x 16325 elements
[INFO ] PyDI.entitymatching.ml_based.MLBasedMatcher - Matching 84445 x 16325 elements after 0:00:0.000; 378750 blocked pairs (reduction ratio: 0.9997252577114403)
[INFO ] PyDI.entitymatching.ml_based.MLBasedMatcher - Entity Matching finished after 0:00:36.275; found 7140 correspondences.
[INFO ] PyDI.entitymatching.evaluation - Cluster Size Distribution of 8788 clusters:
[INFO ] PyDI.entitymatching.evaluation - 	Cluster Size	| Frequency	| Percentage
[INFO ] PyDI.entitymatching.evaluation - 	──────────────────────────────────────────────────
[INFO ] PyDI.entitymatching.evaluation - 		2	|	8501	|	96.73%
[INFO ] PyDI.entitymatching.evaluation - 		3	|	205	|	2.33%
[INFO ] PyDI.entitymatching.evaluation - 		4	|	55	|	0.63%
[INFO ] PyDI.entitymatching.evaluation - 		5	|	21	|	0.24%
[INFO ] PyDI.entitymatching.evaluation - 		6	|	4	|	0.05%
[INFO ] PyDI.entitymatching.evaluation - 		7	|	2	|	0.02%
[INFO ] root - Cluster size distribution written to /Users/onurcanmemis/Desktop/web-data-integration-team-project/output/cluster_analysis/cluster_size_distribution.csv
[INFO ] PyDI.entitymatching.evaluation - Cluster Size Distribution of 6295 clusters:
[INFO ] PyDI.entitymatching.evaluation - 	Cluster Size	| Frequency	| Percentage
[INFO ] PyDI.entitymatching.evaluation - 	──────────────────────────────────────────────────
[INFO ] PyDI.entitymatching.evaluation - 		2	|	5805	|	92.22%
[INFO ] PyDI.entitymatching.evaluation - 		3	|	334	|	5.31%
[INFO ] PyDI.entitymatching.evaluation - 		4	|	106	|	1.68%
[INFO ] PyDI.entitymatching.evaluation - 		5	|	25	|	0.40%
[INFO ] PyDI.entitymatching.evaluation - 		6	|	12	|	0.19%
[INFO ] PyDI.entitymatching.evaluation - 		7	|	8	|	0.13%
[INFO ] PyDI.entitymatching.evaluation - 		8	|	3	|	0.05%
[INFO ] PyDI.entitymatching.evaluation - 		9	|	2	|	0.03%
[INFO ] root - Cluster size distribution written to /Users/onurcanmemis/Desktop/web-data-integration-team-project/output/cluster_analysis/cluster_size_distribution.csv
[INFO ] root - Confusion Matrix:
[INFO ] root -   True Positives:  92
[INFO ] root -   True Negatives:  52
[INFO ] root -   False Positives: 3
[INFO ] root -   False Negatives: 1
[INFO ] root - Performance Metrics:
[INFO ] root -   Accuracy:  0.973
[INFO ] root -   Precision: 0.968
[INFO ] root -   Recall:    0.989
[INFO ] root -   F1-Score:  0.979
[INFO ] root - Confusion Matrix:
[INFO ] root -   True Positives:  84
[INFO ] root -   True Negatives:  53
[INFO ] root -   False Positives: 1
[INFO ] root -   False Negatives: 11
[INFO ] root - Performance Metrics:
[INFO ] root -   Accuracy:  0.919
[INFO ] root -   Precision: 0.988
[INFO ] root -   Recall:    0.884
[INFO ] root -   F1-Score:  0.933
[INFO ] root - Filtered correspondences: 9240 -> 9240 (threshold=0.0)
[INFO ] root - Maximum bipartite matching: 9240 -> 8845 
[INFO ] root - MaximumBipartiteMatching: 9240 -> 8845 correspondences
[INFO ] root - MaximumBipartiteMatching: 17980 -> 17690 entities
[INFO ] root - Filtered correspondences: 7140 -> 7140 (threshold=0.0)
[INFO ] root - Maximum bipartite matching: 7140 -> 6449 
[INFO ] root - MaximumBipartiteMatching: 7140 -> 6449 correspondences
[INFO ] root - MaximumBipartiteMatching: 13331 -> 12898 entities
[INFO ] root - Confusion Matrix:
[INFO ] root -   True Positives:  90
[INFO ] root -   True Negatives:  53
[INFO ] root -   False Positives: 2
[INFO ] root -   False Negatives: 3
[INFO ] root - Performance Metrics:
[INFO ] root -   Accuracy:  0.966
[INFO ] root -   Precision: 0.978
[INFO ] root -   Recall:    0.968
[INFO ] root -   F1-Score:  0.973
[INFO ] root - Confusion Matrix:
[INFO ] root -   True Positives:  81
[INFO ] root -   True Negatives:  53
[INFO ] root -   False Positives: 1
[INFO ] root -   False Negatives: 14
[INFO ] root - Performance Metrics:
[INFO ] root -   Accuracy:  0.899
[INFO ] root -   Precision: 0.988
[INFO ] root -   Recall:    0.853
[INFO ] root -   F1-Score:  0.915
[INFO ] PyDI.fusion.analysis - Analyzed 20 attributes across 3 datasets
[INFO ] PyDI.entitymatching.blocking.embedding.EmbeddingBlocker - Initialized EmbeddingBlocker with sklearn backend, top_k=10, threshold=0.6
[INFO ] PyDI.entitymatching.blocking.standard.StandardBlocker - created 42002 blocking keys for first dataset
[INFO ] PyDI.entitymatching.blocking.standard.StandardBlocker - created 9863 blocking keys for second dataset
[INFO ] PyDI.entitymatching.blocking.standard.StandardBlocker - created 6797 blocks from blocking keys
[INFO ] PyDI.entitymatching.blocking.standard.StandardBlocker - Debug results written to file: /Users/onurcanmemis/Desktop/web-data-integration-team-project/output/blocking_evaluation/debugResultsBlocking_StandardBlocker.csv
[INFO ] PyDI.entitymatching.blocking.standard.StandardBlocker - created 27713 blocking keys for first dataset
[INFO ] PyDI.entitymatching.blocking.standard.StandardBlocker - created 6813 blocking keys for second dataset
[INFO ] PyDI.entitymatching.blocking.standard.StandardBlocker - created 5479 blocks from blocking keys
[INFO ] PyDI.entitymatching.blocking.standard.StandardBlocker - Debug results written to file: /Users/onurcanmemis/Desktop/web-data-integration-team-project/output/blocking_evaluation/debugResultsBlocking_StandardBlocker.csv
[INFO ] PyDI.entitymatching.blocking.sorted_neighbourhood.SortedNeighbourhoodBlocker - created sorted neighbourhood with window size 20
[INFO ] PyDI.entitymatching.blocking.sorted_neighbourhood.SortedNeighbourhoodBlocker - created 1 sorted sequence from 99111 records
[INFO ] PyDI.entitymatching.blocking.sorted_neighbourhood.SortedNeighbourhoodBlocker - Debug results written to file: /Users/onurcanmemis/Desktop/web-data-integration-team-project/output/blocking_evaluation/debugResultsBlocking_SortedNeighbourhoodBlocker.csv
[INFO ] PyDI.entitymatching.blocking.sorted_neighbourhood.SortedNeighbourhoodBlocker - created sorted neighbourhood with window size 20
[INFO ] PyDI.entitymatching.blocking.sorted_neighbourhood.SortedNeighbourhoodBlocker - created 1 sorted sequence from 99111 records
[INFO ] PyDI.entitymatching.blocking.sorted_neighbourhood.SortedNeighbourhoodBlocker - Debug results written to file: /Users/onurcanmemis/Desktop/web-data-integration-team-project/output/blocking_evaluation/debugResultsBlocking_SortedNeighbourhoodBlocker.csv
[INFO ] PyDI.entitymatching.blocking.embedding.EmbeddingBlocker - Initialized EmbeddingBlocker with sklearn backend, top_k=10, threshold=0.6
[INFO ] PyDI.entitymatching.blocking.standard.StandardBlocker - created 42002 blocking keys for first dataset
[INFO ] PyDI.entitymatching.blocking.standard.StandardBlocker - created 11332 blocking keys for second dataset
[INFO ] PyDI.entitymatching.blocking.standard.StandardBlocker - created 5755 blocks from blocking keys
[INFO ] PyDI.entitymatching.blocking.standard.StandardBlocker - Debug results written to file: /Users/onurcanmemis/Desktop/web-data-integration-team-project/output/blocking_evaluation/debugResultsBlocking_StandardBlocker.csv
[INFO ] PyDI.entitymatching.blocking.standard.StandardBlocker - created 27713 blocking keys for first dataset
[INFO ] PyDI.entitymatching.blocking.standard.StandardBlocker - created 8100 blocking keys for second dataset
[INFO ] PyDI.entitymatching.blocking.standard.StandardBlocker - created 5063 blocks from blocking keys
[INFO ] PyDI.entitymatching.blocking.standard.StandardBlocker - Debug results written to file: /Users/onurcanmemis/Desktop/web-data-integration-team-project/output/blocking_evaluation/debugResultsBlocking_StandardBlocker.csv
[INFO ] PyDI.entitymatching.blocking.sorted_neighbourhood.SortedNeighbourhoodBlocker - created sorted neighbourhood with window size 20
[INFO ] PyDI.entitymatching.blocking.sorted_neighbourhood.SortedNeighbourhoodBlocker - created 1 sorted sequence from 100770 records
[INFO ] PyDI.entitymatching.blocking.sorted_neighbourhood.SortedNeighbourhoodBlocker - Debug results written to file: /Users/onurcanmemis/Desktop/web-data-integration-team-project/output/blocking_evaluation/debugResultsBlocking_SortedNeighbourhoodBlocker.csv
[INFO ] PyDI.entitymatching.blocking.sorted_neighbourhood.SortedNeighbourhoodBlocker - created sorted neighbourhood with window size 20
[INFO ] PyDI.entitymatching.blocking.sorted_neighbourhood.SortedNeighbourhoodBlocker - created 1 sorted sequence from 100770 records
[INFO ] PyDI.entitymatching.blocking.sorted_neighbourhood.SortedNeighbourhoodBlocker - Debug results written to file: /Users/onurcanmemis/Desktop/web-data-integration-team-project/output/blocking_evaluation/debugResultsBlocking_SortedNeighbourhoodBlocker.csv
[INFO ] PyDI.entitymatching.blocking.embedding.EmbeddingBlocker - Initialized EmbeddingBlocker with sklearn backend, top_k=10, threshold=0.6
[INFO ] sentence_transformers.SentenceTransformer - Use pytorch device_name: mps
[INFO ] sentence_transformers.SentenceTransformer - Load pretrained SentenceTransformer: sentence-transformers/all-MiniLM-L6-v2
[INFO ] PyDI.entitymatching.blocking.embedding.EmbeddingBlocker - Loaded sentence transformer model: sentence-transformers/all-MiniLM-L6-v2
[INFO ] PyDI.entitymatching.blocking.embedding.EmbeddingBlocker - created 384d embeddings for first dataset
[INFO ] PyDI.entitymatching.blocking.embedding.EmbeddingBlocker - created 384d embeddings for second dataset
[INFO ] PyDI.entitymatching.blocking.embedding.EmbeddingBlocker - created similarity index with 14666 vectors, metric=cosine
[INFO ] PyDI.entitymatching.blocking.embedding.EmbeddingBlocker - Debug results written to file: /Users/onurcanmemis/Desktop/web-data-integration-team-project/output/blocking_evaluation/debugResultsBlocking_EmbeddingBlocker.csv
[INFO ] sentence_transformers.SentenceTransformer - Use pytorch device_name: mps
[INFO ] sentence_transformers.SentenceTransformer - Load pretrained SentenceTransformer: sentence-transformers/all-MiniLM-L6-v2
[INFO ] PyDI.entitymatching.blocking.embedding.EmbeddingBlocker - Loaded sentence transformer model: sentence-transformers/all-MiniLM-L6-v2
[INFO ] PyDI.entitymatching.blocking.embedding.EmbeddingBlocker - created 384d embeddings for first dataset
[INFO ] PyDI.entitymatching.blocking.embedding.EmbeddingBlocker - created 384d embeddings for second dataset
[INFO ] PyDI.entitymatching.blocking.embedding.EmbeddingBlocker - created similarity index with 16325 vectors, metric=cosine
[INFO ] PyDI.entitymatching.blocking.embedding.EmbeddingBlocker - Debug results written to file: /Users/onurcanmemis/Desktop/web-data-integration-team-project/output/blocking_evaluation/debugResultsBlocking_EmbeddingBlocker.csv
[INFO ] root -   Pair Completeness: 0.947
[INFO ] root -   Pair Quality:      0.010
[INFO ] root -   Reduction Ratio:   0.999971
[INFO ] root -   True Matches Found: 354/374
[INFO ] root - Blocking evaluation complete!
[INFO ] root -   Pair Completeness: 0.979
[INFO ] root -   Pair Quality:      0.001
[INFO ] root -   Reduction Ratio:   0.999760
[INFO ] root -   True Matches Found: 366/374
[INFO ] root - Blocking evaluation complete!
[INFO ] root -   Pair Completeness: 0.992
[INFO ] root -   Pair Quality:      0.001
[INFO ] root -   Reduction Ratio:   0.999623
[INFO ] root -   True Matches Found: 371/374
[INFO ] root - Blocking evaluation complete!
[INFO ] root -   Pair Completeness: 0.789
[INFO ] root -   Pair Quality:      0.001
[INFO ] root -   Reduction Ratio:   0.999644
[INFO ] root -   True Matches Found: 295/374
[INFO ] root - Blocking evaluation complete!
[INFO ] root -   Pair Completeness: 0.997
[INFO ] root -   Pair Quality:      0.001
[INFO ] root -   Reduction Ratio:   0.999634
[INFO ] root -   True Matches Found: 373/374
[INFO ] root - Blocking evaluation complete!
[INFO ] root -   Pair Completeness: 0.749
[INFO ] root -   Pair Quality:      0.009
[INFO ] root -   Reduction Ratio:   0.999978
[INFO ] root -   True Matches Found: 284/379
[INFO ] root - Blocking evaluation complete!
[INFO ] root -   Pair Completeness: 0.850
[INFO ] root -   Pair Quality:      0.001
[INFO ] root -   Reduction Ratio:   0.999829
[INFO ] root -   True Matches Found: 322/379
[INFO ] root - Blocking evaluation complete!
[INFO ] root -   Pair Completeness: 0.897
[INFO ] root -   Pair Quality:      0.001
[INFO ] root -   Reduction Ratio:   0.999649
[INFO ] root -   True Matches Found: 340/379
[INFO ] root - Blocking evaluation complete!
[INFO ] root -   Pair Completeness: 0.702
[INFO ] root -   Pair Quality:      0.001
[INFO ] root -   Reduction Ratio:   0.999659
[INFO ] root -   True Matches Found: 266/379
[INFO ] root - Blocking evaluation complete!
[INFO ] root -   Pair Completeness: 0.960
[INFO ] root -   Pair Quality:      0.001
[INFO ] root -   Reduction Ratio:   0.999725
[INFO ] root -   True Matches Found: 364/379
[INFO ] root - Blocking evaluation complete!
[INFO ] PyDI.entitymatching.rule_based.RuleBasedMatcher - Starting Entity Matching
[INFO ] PyDI.entitymatching.rule_based.RuleBasedMatcher - Blocking 84445 x 14666 elements
[INFO ] PyDI.entitymatching.rule_based.RuleBasedMatcher - Matching 84445 x 14666 elements after 0:00:0.053; 453398 blocked pairs (reduction ratio: 0.9996339048466698)
[INFO ] PyDI.entitymatching.rule_based.RuleBasedMatcher - Entity Matching finished after 0:00:45.986; found 20447 correspondences.
[INFO ] PyDI.entitymatching.rule_based.RuleBasedMatcher - Starting Entity Matching
[INFO ] PyDI.entitymatching.rule_based.RuleBasedMatcher - Blocking 84445 x 16325 elements
[INFO ] PyDI.entitymatching.rule_based.RuleBasedMatcher - Matching 84445 x 16325 elements after 0:00:0.016; 378750 blocked pairs (reduction ratio: 0.9997252577114403)
[INFO ] PyDI.entitymatching.rule_based.RuleBasedMatcher - Entity Matching finished after 0:00:38.443; found 18182 correspondences.
[INFO ] PyDI.entitymatching.evaluation - Cluster Size Distribution of 8750 clusters:
[INFO ] PyDI.entitymatching.evaluation - 	Cluster Size	| Frequency	| Percentage
[INFO ] PyDI.entitymatching.evaluation - 	──────────────────────────────────────────────────
[INFO ] PyDI.entitymatching.evaluation - 		2	|	6089	|	69.59%
[INFO ] PyDI.entitymatching.evaluation - 		3	|	1199	|	13.70%
[INFO ] PyDI.entitymatching.evaluation - 		4	|	596	|	6.81%
[INFO ] PyDI.entitymatching.evaluation - 		5	|	255	|	2.91%
[INFO ] PyDI.entitymatching.evaluation - 		6	|	193	|	2.21%
[INFO ] PyDI.entitymatching.evaluation - 		7	|	90	|	1.03%
[INFO ] PyDI.entitymatching.evaluation - 		8	|	71	|	0.81%
[INFO ] PyDI.entitymatching.evaluation - 		9	|	50	|	0.57%
[INFO ] PyDI.entitymatching.evaluation - 		10	|	38	|	0.43%
[INFO ] PyDI.entitymatching.evaluation - 		11	|	27	|	0.31%
[INFO ] PyDI.entitymatching.evaluation - 		12	|	28	|	0.32%
[INFO ] PyDI.entitymatching.evaluation - 		13	|	17	|	0.19%
[INFO ] PyDI.entitymatching.evaluation - 		14	|	16	|	0.18%
[INFO ] PyDI.entitymatching.evaluation - 		15	|	9	|	0.10%
[INFO ] PyDI.entitymatching.evaluation - 		16	|	10	|	0.11%
[INFO ] PyDI.entitymatching.evaluation - 		17	|	6	|	0.07%
[INFO ] PyDI.entitymatching.evaluation - 		18	|	6	|	0.07%
[INFO ] PyDI.entitymatching.evaluation - 		19	|	1	|	0.01%
[INFO ] PyDI.entitymatching.evaluation - 		20	|	5	|	0.06%
[INFO ] PyDI.entitymatching.evaluation - 		21	|	5	|	0.06%
[INFO ] PyDI.entitymatching.evaluation - 		22	|	1	|	0.01%
[INFO ] PyDI.entitymatching.evaluation - 		23	|	2	|	0.02%
[INFO ] PyDI.entitymatching.evaluation - 		25	|	1	|	0.01%
[INFO ] PyDI.entitymatching.evaluation - 		26	|	2	|	0.02%
[INFO ] PyDI.entitymatching.evaluation - 		27	|	5	|	0.06%
[INFO ] PyDI.entitymatching.evaluation - 		28	|	2	|	0.02%
[INFO ] PyDI.entitymatching.evaluation - 		29	|	1	|	0.01%
[INFO ] PyDI.entitymatching.evaluation - 		30	|	1	|	0.01%
[INFO ] PyDI.entitymatching.evaluation - 		31	|	2	|	0.02%
[INFO ] PyDI.entitymatching.evaluation - 		32	|	1	|	0.01%
[INFO ] PyDI.entitymatching.evaluation - 		33	|	1	|	0.01%
[INFO ] PyDI.entitymatching.evaluation - 		37	|	3	|	0.03%
[INFO ] PyDI.entitymatching.evaluation - 		38	|	1	|	0.01%
[INFO ] PyDI.entitymatching.evaluation - 		40	|	1	|	0.01%
[INFO ] PyDI.entitymatching.evaluation - 		44	|	1	|	0.01%
[INFO ] PyDI.entitymatching.evaluation - 		46	|	1	|	0.01%
[INFO ] PyDI.entitymatching.evaluation - 		51	|	2	|	0.02%
[INFO ] PyDI.entitymatching.evaluation - 		53	|	1	|	0.01%
[INFO ] PyDI.entitymatching.evaluation - 		54	|	1	|	0.01%
[INFO ] PyDI.entitymatching.evaluation - 		56	|	2	|	0.02%
[INFO ] PyDI.entitymatching.evaluation - 		58	|	1	|	0.01%
[INFO ] PyDI.entitymatching.evaluation - 		65	|	1	|	0.01%
[INFO ] PyDI.entitymatching.evaluation - 		66	|	1	|	0.01%
[INFO ] PyDI.entitymatching.evaluation - 		86	|	1	|	0.01%
[INFO ] PyDI.entitymatching.evaluation - 		172	|	1	|	0.01%
[INFO ] PyDI.entitymatching.evaluation - 		199	|	1	|	0.01%
[INFO ] PyDI.entitymatching.evaluation - 		306	|	1	|	0.01%
[INFO ] root - Cluster size distribution written to /Users/onurcanmemis/Desktop/web-data-integration-team-project/output/cluster_analysis/cluster_size_distribution.csv
[INFO ] PyDI.entitymatching.evaluation - Cluster Size Distribution of 4893 clusters:
[INFO ] PyDI.entitymatching.evaluation - 	Cluster Size	| Frequency	| Percentage
[INFO ] PyDI.entitymatching.evaluation - 	──────────────────────────────────────────────────
[INFO ] PyDI.entitymatching.evaluation - 		2	|	3047	|	62.27%
[INFO ] PyDI.entitymatching.evaluation - 		3	|	605	|	12.36%
[INFO ] PyDI.entitymatching.evaluation - 		4	|	422	|	8.62%
[INFO ] PyDI.entitymatching.evaluation - 		5	|	203	|	4.15%
[INFO ] PyDI.entitymatching.evaluation - 		6	|	163	|	3.33%
[INFO ] PyDI.entitymatching.evaluation - 		7	|	98	|	2.00%
[INFO ] PyDI.entitymatching.evaluation - 		8	|	59	|	1.21%
[INFO ] PyDI.entitymatching.evaluation - 		9	|	45	|	0.92%
[INFO ] PyDI.entitymatching.evaluation - 		10	|	31	|	0.63%
[INFO ] PyDI.entitymatching.evaluation - 		11	|	21	|	0.43%
[INFO ] PyDI.entitymatching.evaluation - 		12	|	18	|	0.37%
[INFO ] PyDI.entitymatching.evaluation - 		13	|	18	|	0.37%
[INFO ] PyDI.entitymatching.evaluation - 		14	|	17	|	0.35%
[INFO ] PyDI.entitymatching.evaluation - 		15	|	9	|	0.18%
[INFO ] PyDI.entitymatching.evaluation - 		16	|	16	|	0.33%
[INFO ] PyDI.entitymatching.evaluation - 		17	|	14	|	0.29%
[INFO ] PyDI.entitymatching.evaluation - 		18	|	11	|	0.22%
[INFO ] PyDI.entitymatching.evaluation - 		19	|	6	|	0.12%
[INFO ] PyDI.entitymatching.evaluation - 		20	|	8	|	0.16%
[INFO ] PyDI.entitymatching.evaluation - 		21	|	8	|	0.16%
[INFO ] PyDI.entitymatching.evaluation - 		22	|	6	|	0.12%
[INFO ] PyDI.entitymatching.evaluation - 		23	|	3	|	0.06%
[INFO ] PyDI.entitymatching.evaluation - 		24	|	4	|	0.08%
[INFO ] PyDI.entitymatching.evaluation - 		25	|	1	|	0.02%
[INFO ] PyDI.entitymatching.evaluation - 		26	|	6	|	0.12%
[INFO ] PyDI.entitymatching.evaluation - 		27	|	1	|	0.02%
[INFO ] PyDI.entitymatching.evaluation - 		28	|	4	|	0.08%
[INFO ] PyDI.entitymatching.evaluation - 		29	|	8	|	0.16%
[INFO ] PyDI.entitymatching.evaluation - 		30	|	5	|	0.10%
[INFO ] PyDI.entitymatching.evaluation - 		31	|	1	|	0.02%
[INFO ] PyDI.entitymatching.evaluation - 		34	|	3	|	0.06%
[INFO ] PyDI.entitymatching.evaluation - 		35	|	4	|	0.08%
[INFO ] PyDI.entitymatching.evaluation - 		36	|	2	|	0.04%
[INFO ] PyDI.entitymatching.evaluation - 		37	|	1	|	0.02%
[INFO ] PyDI.entitymatching.evaluation - 		38	|	2	|	0.04%
[INFO ] PyDI.entitymatching.evaluation - 		39	|	2	|	0.04%
[INFO ] PyDI.entitymatching.evaluation - 		40	|	2	|	0.04%
[INFO ] PyDI.entitymatching.evaluation - 		41	|	3	|	0.06%
[INFO ] PyDI.entitymatching.evaluation - 		43	|	1	|	0.02%
[INFO ] PyDI.entitymatching.evaluation - 		48	|	3	|	0.06%
[INFO ] PyDI.entitymatching.evaluation - 		49	|	1	|	0.02%
[INFO ] PyDI.entitymatching.evaluation - 		50	|	1	|	0.02%
[INFO ] PyDI.entitymatching.evaluation - 		56	|	1	|	0.02%
[INFO ] PyDI.entitymatching.evaluation - 		59	|	1	|	0.02%
[INFO ] PyDI.entitymatching.evaluation - 		60	|	1	|	0.02%
[INFO ] PyDI.entitymatching.evaluation - 		63	|	1	|	0.02%
[INFO ] PyDI.entitymatching.evaluation - 		64	|	1	|	0.02%
[INFO ] PyDI.entitymatching.evaluation - 		71	|	1	|	0.02%
[INFO ] PyDI.entitymatching.evaluation - 		84	|	1	|	0.02%
[INFO ] PyDI.entitymatching.evaluation - 		91	|	1	|	0.02%
[INFO ] PyDI.entitymatching.evaluation - 		112	|	1	|	0.02%
[INFO ] PyDI.entitymatching.evaluation - 		310	|	1	|	0.02%
[INFO ] root - Cluster size distribution written to /Users/onurcanmemis/Desktop/web-data-integration-team-project/output/cluster_analysis/cluster_size_distribution.csv
[INFO ] root - Confusion Matrix:
[INFO ] root -   True Positives:  93
[INFO ] root -   True Negatives:  49
[INFO ] root -   False Positives: 6
[INFO ] root -   False Negatives: 0
[INFO ] root - Performance Metrics:
[INFO ] root -   Accuracy:  0.959
[INFO ] root -   Precision: 0.939
[INFO ] root -   Recall:    1.000
[INFO ] root -   F1-Score:  0.969
[INFO ] root - Confusion Matrix:
[INFO ] root -   True Positives:  91
[INFO ] root -   True Negatives:  50
[INFO ] root -   False Positives: 4
[INFO ] root -   False Negatives: 4
[INFO ] root - Performance Metrics:
[INFO ] root -   Accuracy:  0.946
[INFO ] root -   Precision: 0.958
[INFO ] root -   Recall:    0.958
[INFO ] root -   F1-Score:  0.958
[INFO ] PyDI.entitymatching.rule_based.RuleBasedMatcher - Starting Entity Matching
[INFO ] PyDI.entitymatching.rule_based.RuleBasedMatcher - Blocking 84445 x 14666 elements
[INFO ] PyDI.entitymatching.rule_based.RuleBasedMatcher - Matching 84445 x 14666 elements after 0:00:0.025; 453398 blocked pairs (reduction ratio: 0.9996339048466698)
[INFO ] PyDI.entitymatching.rule_based.RuleBasedMatcher - Entity Matching finished after 0:00:37.531; found 9127 correspondences.
[INFO ] PyDI.entitymatching.rule_based.RuleBasedMatcher - Starting Entity Matching
[INFO ] PyDI.entitymatching.rule_based.RuleBasedMatcher - Blocking 84445 x 16325 elements
[INFO ] PyDI.entitymatching.rule_based.RuleBasedMatcher - Matching 84445 x 16325 elements after 0:00:0.012; 378750 blocked pairs (reduction ratio: 0.9997252577114403)
[INFO ] PyDI.entitymatching.rule_based.RuleBasedMatcher - Entity Matching finished after 0:00:31.313; found 6648 correspondences.
[INFO ] PyDI.entitymatching.evaluation - Cluster Size Distribution of 8762 clusters:
[INFO ] PyDI.entitymatching.evaluation - 	Cluster Size	| Frequency	| Percentage
[INFO ] PyDI.entitymatching.evaluation - 	──────────────────────────────────────────────────
[INFO ] PyDI.entitymatching.evaluation - 		2	|	8527	|	97.32%
[INFO ] PyDI.entitymatching.evaluation - 		3	|	169	|	1.93%
[INFO ] PyDI.entitymatching.evaluation - 		4	|	43	|	0.49%
[INFO ] PyDI.entitymatching.evaluation - 		5	|	20	|	0.23%
[INFO ] PyDI.entitymatching.evaluation - 		6	|	1	|	0.01%
[INFO ] PyDI.entitymatching.evaluation - 		7	|	2	|	0.02%
[INFO ] root - Cluster size distribution written to /Users/onurcanmemis/Desktop/web-data-integration-team-project/output/cluster_analysis/cluster_size_distribution.csv
[INFO ] PyDI.entitymatching.evaluation - Cluster Size Distribution of 6258 clusters:
[INFO ] PyDI.entitymatching.evaluation - 	Cluster Size	| Frequency	| Percentage
[INFO ] PyDI.entitymatching.evaluation - 	──────────────────────────────────────────────────
[INFO ] PyDI.entitymatching.evaluation - 		2	|	6020	|	96.20%
[INFO ] PyDI.entitymatching.evaluation - 		3	|	174	|	2.78%
[INFO ] PyDI.entitymatching.evaluation - 		4	|	46	|	0.74%
[INFO ] PyDI.entitymatching.evaluation - 		5	|	13	|	0.21%
[INFO ] PyDI.entitymatching.evaluation - 		6	|	2	|	0.03%
[INFO ] PyDI.entitymatching.evaluation - 		7	|	1	|	0.02%
[INFO ] PyDI.entitymatching.evaluation - 		8	|	2	|	0.03%
[INFO ] root - Cluster size distribution written to /Users/onurcanmemis/Desktop/web-data-integration-team-project/output/cluster_analysis/cluster_size_distribution.csv
[INFO ] root - Confusion Matrix:
[INFO ] root -   True Positives:  91
[INFO ] root -   True Negatives:  53
[INFO ] root -   False Positives: 2
[INFO ] root -   False Negatives: 2
[INFO ] root - Performance Metrics:
[INFO ] root -   Accuracy:  0.973
[INFO ] root -   Precision: 0.978
[INFO ] root -   Recall:    0.978
[INFO ] root -   F1-Score:  0.978
[INFO ] root - Confusion Matrix:
[INFO ] root -   True Positives:  78
[INFO ] root -   True Negatives:  54
[INFO ] root -   False Positives: 0
[INFO ] root -   False Negatives: 17
[INFO ] root - Performance Metrics:
[INFO ] root -   Accuracy:  0.886
[INFO ] root -   Precision: 1.000
[INFO ] root -   Recall:    0.821
[INFO ] root -   F1-Score:  0.902
[INFO ] root - Label distribution: 374 positive, 220 negative
[INFO ] root - Label distribution: 379 positive, 218 negative
[INFO ] PyDI.entitymatching.ml_based.MLBasedMatcher - Starting Entity Matching
[INFO ] PyDI.entitymatching.ml_based.MLBasedMatcher - Blocking 84445 x 14666 elements
[INFO ] PyDI.entitymatching.ml_based.MLBasedMatcher - Matching 84445 x 14666 elements after 0:00:0.001; 453398 blocked pairs (reduction ratio: 0.9996339048466698)
[INFO ] PyDI.entitymatching.ml_based.MLBasedMatcher - Entity Matching finished after 0:00:44.273; found 9240 correspondences.
[INFO ] PyDI.entitymatching.ml_based.MLBasedMatcher - Starting Entity Matching
[INFO ] PyDI.entitymatching.ml_based.MLBasedMatcher - Blocking 84445 x 16325 elements
[INFO ] PyDI.entitymatching.ml_based.MLBasedMatcher - Matching 84445 x 16325 elements after 0:00:0.000; 378750 blocked pairs (reduction ratio: 0.9997252577114403)
[INFO ] PyDI.entitymatching.ml_based.MLBasedMatcher - Entity Matching finished after 0:00:35.739; found 7140 correspondences.
[INFO ] PyDI.entitymatching.evaluation - Cluster Size Distribution of 8788 clusters:
[INFO ] PyDI.entitymatching.evaluation - 	Cluster Size	| Frequency	| Percentage
[INFO ] PyDI.entitymatching.evaluation - 	──────────────────────────────────────────────────
[INFO ] PyDI.entitymatching.evaluation - 		2	|	8501	|	96.73%
[INFO ] PyDI.entitymatching.evaluation - 		3	|	205	|	2.33%
[INFO ] PyDI.entitymatching.evaluation - 		4	|	55	|	0.63%
[INFO ] PyDI.entitymatching.evaluation - 		5	|	21	|	0.24%
[INFO ] PyDI.entitymatching.evaluation - 		6	|	4	|	0.05%
[INFO ] PyDI.entitymatching.evaluation - 		7	|	2	|	0.02%
[INFO ] root - Cluster size distribution written to /Users/onurcanmemis/Desktop/web-data-integration-team-project/output/cluster_analysis/cluster_size_distribution.csv
[INFO ] PyDI.entitymatching.evaluation - Cluster Size Distribution of 6295 clusters:
[INFO ] PyDI.entitymatching.evaluation - 	Cluster Size	| Frequency	| Percentage
[INFO ] PyDI.entitymatching.evaluation - 	──────────────────────────────────────────────────
[INFO ] PyDI.entitymatching.evaluation - 		2	|	5805	|	92.22%
[INFO ] PyDI.entitymatching.evaluation - 		3	|	334	|	5.31%
[INFO ] PyDI.entitymatching.evaluation - 		4	|	106	|	1.68%
[INFO ] PyDI.entitymatching.evaluation - 		5	|	25	|	0.40%
[INFO ] PyDI.entitymatching.evaluation - 		6	|	12	|	0.19%
[INFO ] PyDI.entitymatching.evaluation - 		7	|	8	|	0.13%
[INFO ] PyDI.entitymatching.evaluation - 		8	|	3	|	0.05%
[INFO ] PyDI.entitymatching.evaluation - 		9	|	2	|	0.03%
[INFO ] root - Cluster size distribution written to /Users/onurcanmemis/Desktop/web-data-integration-team-project/output/cluster_analysis/cluster_size_distribution.csv
[INFO ] root - Confusion Matrix:
[INFO ] root -   True Positives:  92
[INFO ] root -   True Negatives:  52
[INFO ] root -   False Positives: 3
[INFO ] root -   False Negatives: 1
[INFO ] root - Performance Metrics:
[INFO ] root -   Accuracy:  0.973
[INFO ] root -   Precision: 0.968
[INFO ] root -   Recall:    0.989
[INFO ] root -   F1-Score:  0.979
[INFO ] root - Confusion Matrix:
[INFO ] root -   True Positives:  84
[INFO ] root -   True Negatives:  53
[INFO ] root -   False Positives: 1
[INFO ] root -   False Negatives: 11
[INFO ] root - Performance Metrics:
[INFO ] root -   Accuracy:  0.919
[INFO ] root -   Precision: 0.988
[INFO ] root -   Recall:    0.884
[INFO ] root -   F1-Score:  0.933
[INFO ] root - Filtered correspondences: 9240 -> 9240 (threshold=0.0)
[INFO ] root - Maximum bipartite matching: 9240 -> 8845 
[INFO ] root - MaximumBipartiteMatching: 9240 -> 8845 correspondences
[INFO ] root - MaximumBipartiteMatching: 17980 -> 17690 entities
[INFO ] root - Filtered correspondences: 7140 -> 7140 (threshold=0.0)
[INFO ] root - Maximum bipartite matching: 7140 -> 6449 
[INFO ] root - MaximumBipartiteMatching: 7140 -> 6449 correspondences
[INFO ] root - MaximumBipartiteMatching: 13331 -> 12898 entities
[INFO ] root - Confusion Matrix:
[INFO ] root -   True Positives:  90
[INFO ] root -   True Negatives:  54
[INFO ] root -   False Positives: 1
[INFO ] root -   False Negatives: 3
[INFO ] root - Performance Metrics:
[INFO ] root -   Accuracy:  0.973
[INFO ] root -   Precision: 0.989
[INFO ] root -   Recall:    0.968
[INFO ] root -   F1-Score:  0.978
[INFO ] root - Confusion Matrix:
[INFO ] root -   True Positives:  79
[INFO ] root -   True Negatives:  53
[INFO ] root -   False Positives: 1
[INFO ] root -   False Negatives: 16
[INFO ] root - Performance Metrics:
[INFO ] root -   Accuracy:  0.886
[INFO ] root -   Precision: 0.988
[INFO ] root -   Recall:    0.832
[INFO ] root -   F1-Score:  0.903
[INFO ] PyDI.entitymatching.ml_based.MLBasedMatcher - Starting Entity Matching
[INFO ] PyDI.entitymatching.ml_based.MLBasedMatcher - Blocking 84445 x 14666 elements
[INFO ] PyDI.entitymatching.ml_based.MLBasedMatcher - Matching 84445 x 14666 elements after 0:00:0.001; 453398 blocked pairs (reduction ratio: 0.9996339048466698)
[INFO ] PyDI.entitymatching.ml_based.MLBasedMatcher - Entity Matching finished after 0:00:43.972; found 61166 correspondences.
[INFO ] PyDI.entitymatching.ml_based.MLBasedMatcher - Starting Entity Matching
[INFO ] PyDI.entitymatching.ml_based.MLBasedMatcher - Blocking 84445 x 16325 elements
[INFO ] PyDI.entitymatching.ml_based.MLBasedMatcher - Matching 84445 x 16325 elements after 0:00:0.000; 378750 blocked pairs (reduction ratio: 0.9997252577114403)
[INFO ] PyDI.entitymatching.ml_based.MLBasedMatcher - Entity Matching finished after 0:00:36.096; found 54402 correspondences.
[INFO ] PyDI.entitymatching.evaluation - Cluster Size Distribution of 6093 clusters:
[INFO ] PyDI.entitymatching.evaluation - 	Cluster Size	| Frequency	| Percentage
[INFO ] PyDI.entitymatching.evaluation - 	──────────────────────────────────────────────────
[INFO ] PyDI.entitymatching.evaluation - 		2	|	1703	|	27.95%
[INFO ] PyDI.entitymatching.evaluation - 		3	|	841	|	13.80%
[INFO ] PyDI.entitymatching.evaluation - 		4	|	785	|	12.88%
[INFO ] PyDI.entitymatching.evaluation - 		5	|	588	|	9.65%
[INFO ] PyDI.entitymatching.evaluation - 		6	|	575	|	9.44%
[INFO ] PyDI.entitymatching.evaluation - 		7	|	348	|	5.71%
[INFO ] PyDI.entitymatching.evaluation - 		8	|	313	|	5.14%
[INFO ] PyDI.entitymatching.evaluation - 		9	|	207	|	3.40%
[INFO ] PyDI.entitymatching.evaluation - 		10	|	128	|	2.10%
[INFO ] PyDI.entitymatching.evaluation - 		11	|	112	|	1.84%
[INFO ] PyDI.entitymatching.evaluation - 		12	|	66	|	1.08%
[INFO ] PyDI.entitymatching.evaluation - 		13	|	59	|	0.97%
[INFO ] PyDI.entitymatching.evaluation - 		14	|	52	|	0.85%
[INFO ] PyDI.entitymatching.evaluation - 		15	|	24	|	0.39%
[INFO ] PyDI.entitymatching.evaluation - 		16	|	31	|	0.51%
[INFO ] PyDI.entitymatching.evaluation - 		17	|	26	|	0.43%
[INFO ] PyDI.entitymatching.evaluation - 		18	|	19	|	0.31%
[INFO ] PyDI.entitymatching.evaluation - 		19	|	19	|	0.31%
[INFO ] PyDI.entitymatching.evaluation - 		20	|	11	|	0.18%
[INFO ] PyDI.entitymatching.evaluation - 		21	|	19	|	0.31%
[INFO ] PyDI.entitymatching.evaluation - 		22	|	11	|	0.18%
[INFO ] PyDI.entitymatching.evaluation - 		23	|	12	|	0.20%
[INFO ] PyDI.entitymatching.evaluation - 		24	|	6	|	0.10%
[INFO ] PyDI.entitymatching.evaluation - 		25	|	6	|	0.10%
[INFO ] PyDI.entitymatching.evaluation - 		26	|	11	|	0.18%
[INFO ] PyDI.entitymatching.evaluation - 		27	|	10	|	0.16%
[INFO ] PyDI.entitymatching.evaluation - 		28	|	12	|	0.20%
[INFO ] PyDI.entitymatching.evaluation - 		29	|	7	|	0.11%
[INFO ] PyDI.entitymatching.evaluation - 		30	|	3	|	0.05%
[INFO ] PyDI.entitymatching.evaluation - 		31	|	3	|	0.05%
[INFO ] PyDI.entitymatching.evaluation - 		32	|	2	|	0.03%
[INFO ] PyDI.entitymatching.evaluation - 		33	|	4	|	0.07%
[INFO ] PyDI.entitymatching.evaluation - 		34	|	2	|	0.03%
[INFO ] PyDI.entitymatching.evaluation - 		35	|	3	|	0.05%
[INFO ] PyDI.entitymatching.evaluation - 		36	|	2	|	0.03%
[INFO ] PyDI.entitymatching.evaluation - 		37	|	4	|	0.07%
[INFO ] PyDI.entitymatching.evaluation - 		38	|	1	|	0.02%
[INFO ] PyDI.entitymatching.evaluation - 		39	|	4	|	0.07%
[INFO ] PyDI.entitymatching.evaluation - 		40	|	2	|	0.03%
[INFO ] PyDI.entitymatching.evaluation - 		41	|	1	|	0.02%
[INFO ] PyDI.entitymatching.evaluation - 		42	|	3	|	0.05%
[INFO ] PyDI.entitymatching.evaluation - 		43	|	3	|	0.05%
[INFO ] PyDI.entitymatching.evaluation - 		44	|	3	|	0.05%
[INFO ] PyDI.entitymatching.evaluation - 		45	|	2	|	0.03%
[INFO ] PyDI.entitymatching.evaluation - 		46	|	2	|	0.03%
[INFO ] PyDI.entitymatching.evaluation - 		47	|	1	|	0.02%
[INFO ] PyDI.entitymatching.evaluation - 		48	|	1	|	0.02%
[INFO ] PyDI.entitymatching.evaluation - 		50	|	1	|	0.02%
[INFO ] PyDI.entitymatching.evaluation - 		53	|	3	|	0.05%
[INFO ] PyDI.entitymatching.evaluation - 		55	|	1	|	0.02%
[INFO ] PyDI.entitymatching.evaluation - 		56	|	4	|	0.07%
[INFO ] PyDI.entitymatching.evaluation - 		57	|	3	|	0.05%
[INFO ] PyDI.entitymatching.evaluation - 		58	|	2	|	0.03%
[INFO ] PyDI.entitymatching.evaluation - 		59	|	1	|	0.02%
[INFO ] PyDI.entitymatching.evaluation - 		62	|	4	|	0.07%
[INFO ] PyDI.entitymatching.evaluation - 		65	|	1	|	0.02%
[INFO ] PyDI.entitymatching.evaluation - 		66	|	1	|	0.02%
[INFO ] PyDI.entitymatching.evaluation - 		70	|	2	|	0.03%
[INFO ] PyDI.entitymatching.evaluation - 		71	|	2	|	0.03%
[INFO ] PyDI.entitymatching.evaluation - 		73	|	1	|	0.02%
[INFO ] PyDI.entitymatching.evaluation - 		74	|	1	|	0.02%
[INFO ] PyDI.entitymatching.evaluation - 		80	|	2	|	0.03%
[INFO ] PyDI.entitymatching.evaluation - 		81	|	1	|	0.02%
[INFO ] PyDI.entitymatching.evaluation - 		82	|	1	|	0.02%
[INFO ] PyDI.entitymatching.evaluation - 		89	|	1	|	0.02%
[INFO ] PyDI.entitymatching.evaluation - 		101	|	1	|	0.02%
[INFO ] PyDI.entitymatching.evaluation - 		105	|	1	|	0.02%
[INFO ] PyDI.entitymatching.evaluation - 		107	|	1	|	0.02%
[INFO ] PyDI.entitymatching.evaluation - 		117	|	1	|	0.02%
[INFO ] PyDI.entitymatching.evaluation - 		121	|	1	|	0.02%
[INFO ] PyDI.entitymatching.evaluation - 		124	|	1	|	0.02%
[INFO ] PyDI.entitymatching.evaluation - 		125	|	1	|	0.02%
[INFO ] PyDI.entitymatching.evaluation - 		134	|	1	|	0.02%
[INFO ] PyDI.entitymatching.evaluation - 		139	|	1	|	0.02%
[INFO ] PyDI.entitymatching.evaluation - 		154	|	1	|	0.02%
[INFO ] PyDI.entitymatching.evaluation - 		188	|	1	|	0.02%
[INFO ] PyDI.entitymatching.evaluation - 		189	|	1	|	0.02%
[INFO ] PyDI.entitymatching.evaluation - 		202	|	1	|	0.02%
[INFO ] PyDI.entitymatching.evaluation - 		203	|	1	|	0.02%
[INFO ] root - Cluster size distribution written to /Users/onurcanmemis/Desktop/web-data-integration-team-project/output/cluster_analysis/cluster_size_distribution.csv
[INFO ] PyDI.entitymatching.evaluation - Cluster Size Distribution of 3844 clusters:
[INFO ] PyDI.entitymatching.evaluation - 	Cluster Size	| Frequency	| Percentage
[INFO ] PyDI.entitymatching.evaluation - 	──────────────────────────────────────────────────
[INFO ] PyDI.entitymatching.evaluation - 		2	|	2014	|	52.39%
[INFO ] PyDI.entitymatching.evaluation - 		3	|	419	|	10.90%
[INFO ] PyDI.entitymatching.evaluation - 		4	|	341	|	8.87%
[INFO ] PyDI.entitymatching.evaluation - 		5	|	212	|	5.52%
[INFO ] PyDI.entitymatching.evaluation - 		6	|	152	|	3.95%
[INFO ] PyDI.entitymatching.evaluation - 		7	|	116	|	3.02%
[INFO ] PyDI.entitymatching.evaluation - 		8	|	71	|	1.85%
[INFO ] PyDI.entitymatching.evaluation - 		9	|	68	|	1.77%
[INFO ] PyDI.entitymatching.evaluation - 		10	|	45	|	1.17%
[INFO ] PyDI.entitymatching.evaluation - 		11	|	36	|	0.94%
[INFO ] PyDI.entitymatching.evaluation - 		12	|	33	|	0.86%
[INFO ] PyDI.entitymatching.evaluation - 		13	|	40	|	1.04%
[INFO ] PyDI.entitymatching.evaluation - 		14	|	39	|	1.01%
[INFO ] PyDI.entitymatching.evaluation - 		15	|	18	|	0.47%
[INFO ] PyDI.entitymatching.evaluation - 		16	|	12	|	0.31%
[INFO ] PyDI.entitymatching.evaluation - 		17	|	13	|	0.34%
[INFO ] PyDI.entitymatching.evaluation - 		18	|	16	|	0.42%
[INFO ] PyDI.entitymatching.evaluation - 		19	|	10	|	0.26%
[INFO ] PyDI.entitymatching.evaluation - 		20	|	8	|	0.21%
[INFO ] PyDI.entitymatching.evaluation - 		21	|	11	|	0.29%
[INFO ] PyDI.entitymatching.evaluation - 		22	|	7	|	0.18%
[INFO ] PyDI.entitymatching.evaluation - 		23	|	9	|	0.23%
[INFO ] PyDI.entitymatching.evaluation - 		24	|	6	|	0.16%
[INFO ] PyDI.entitymatching.evaluation - 		25	|	3	|	0.08%
[INFO ] PyDI.entitymatching.evaluation - 		26	|	10	|	0.26%
[INFO ] PyDI.entitymatching.evaluation - 		27	|	4	|	0.10%
[INFO ] PyDI.entitymatching.evaluation - 		28	|	6	|	0.16%
[INFO ] PyDI.entitymatching.evaluation - 		29	|	2	|	0.05%
[INFO ] PyDI.entitymatching.evaluation - 		30	|	8	|	0.21%
[INFO ] PyDI.entitymatching.evaluation - 		31	|	8	|	0.21%
[INFO ] PyDI.entitymatching.evaluation - 		32	|	3	|	0.08%
[INFO ] PyDI.entitymatching.evaluation - 		33	|	2	|	0.05%
[INFO ] PyDI.entitymatching.evaluation - 		34	|	6	|	0.16%
[INFO ] PyDI.entitymatching.evaluation - 		35	|	2	|	0.05%
[INFO ] PyDI.entitymatching.evaluation - 		36	|	7	|	0.18%
[INFO ] PyDI.entitymatching.evaluation - 		37	|	1	|	0.03%
[INFO ] PyDI.entitymatching.evaluation - 		38	|	1	|	0.03%
[INFO ] PyDI.entitymatching.evaluation - 		39	|	4	|	0.10%
[INFO ] PyDI.entitymatching.evaluation - 		40	|	3	|	0.08%
[INFO ] PyDI.entitymatching.evaluation - 		41	|	3	|	0.08%
[INFO ] PyDI.entitymatching.evaluation - 		42	|	3	|	0.08%
[INFO ] PyDI.entitymatching.evaluation - 		43	|	2	|	0.05%
[INFO ] PyDI.entitymatching.evaluation - 		44	|	3	|	0.08%
[INFO ] PyDI.entitymatching.evaluation - 		45	|	1	|	0.03%
[INFO ] PyDI.entitymatching.evaluation - 		46	|	2	|	0.05%
[INFO ] PyDI.entitymatching.evaluation - 		47	|	1	|	0.03%
[INFO ] PyDI.entitymatching.evaluation - 		48	|	1	|	0.03%
[INFO ] PyDI.entitymatching.evaluation - 		49	|	3	|	0.08%
[INFO ] PyDI.entitymatching.evaluation - 		50	|	2	|	0.05%
[INFO ] PyDI.entitymatching.evaluation - 		51	|	2	|	0.05%
[INFO ] PyDI.entitymatching.evaluation - 		53	|	1	|	0.03%
[INFO ] PyDI.entitymatching.evaluation - 		54	|	1	|	0.03%
[INFO ] PyDI.entitymatching.evaluation - 		57	|	2	|	0.05%
[INFO ] PyDI.entitymatching.evaluation - 		58	|	1	|	0.03%
[INFO ] PyDI.entitymatching.evaluation - 		59	|	2	|	0.05%
[INFO ] PyDI.entitymatching.evaluation - 		61	|	1	|	0.03%
[INFO ] PyDI.entitymatching.evaluation - 		62	|	1	|	0.03%
[INFO ] PyDI.entitymatching.evaluation - 		63	|	2	|	0.05%
[INFO ] PyDI.entitymatching.evaluation - 		65	|	1	|	0.03%
[INFO ] PyDI.entitymatching.evaluation - 		70	|	3	|	0.08%
[INFO ] PyDI.entitymatching.evaluation - 		74	|	2	|	0.05%
[INFO ] PyDI.entitymatching.evaluation - 		82	|	1	|	0.03%
[INFO ] PyDI.entitymatching.evaluation - 		83	|	2	|	0.05%
[INFO ] PyDI.entitymatching.evaluation - 		84	|	3	|	0.08%
[INFO ] PyDI.entitymatching.evaluation - 		97	|	2	|	0.05%
[INFO ] PyDI.entitymatching.evaluation - 		100	|	1	|	0.03%
[INFO ] PyDI.entitymatching.evaluation - 		105	|	1	|	0.03%
[INFO ] PyDI.entitymatching.evaluation - 		106	|	1	|	0.03%
[INFO ] PyDI.entitymatching.evaluation - 		112	|	2	|	0.05%
[INFO ] PyDI.entitymatching.evaluation - 		113	|	2	|	0.05%
[INFO ] PyDI.entitymatching.evaluation - 		117	|	1	|	0.03%
[INFO ] PyDI.entitymatching.evaluation - 		127	|	1	|	0.03%
[INFO ] PyDI.entitymatching.evaluation - 		129	|	1	|	0.03%
[INFO ] PyDI.entitymatching.evaluation - 		137	|	1	|	0.03%
[INFO ] PyDI.entitymatching.evaluation - 		150	|	1	|	0.03%
[INFO ] PyDI.entitymatching.evaluation - 		157	|	1	|	0.03%
[INFO ] PyDI.entitymatching.evaluation - 		160	|	1	|	0.03%
[INFO ] PyDI.entitymatching.evaluation - 		176	|	1	|	0.03%
[INFO ] PyDI.entitymatching.evaluation - 		179	|	1	|	0.03%
[INFO ] PyDI.entitymatching.evaluation - 		180	|	1	|	0.03%
[INFO ] PyDI.entitymatching.evaluation - 		184	|	1	|	0.03%
[INFO ] PyDI.entitymatching.evaluation - 		203	|	1	|	0.03%
[INFO ] PyDI.entitymatching.evaluation - 		233	|	1	|	0.03%
[INFO ] PyDI.entitymatching.evaluation - 		237	|	1	|	0.03%
[INFO ] PyDI.entitymatching.evaluation - 		254	|	1	|	0.03%
[INFO ] PyDI.entitymatching.evaluation - 		264	|	1	|	0.03%
[INFO ] PyDI.entitymatching.evaluation - 		391	|	1	|	0.03%
[INFO ] PyDI.entitymatching.evaluation - 		483	|	1	|	0.03%
[INFO ] PyDI.entitymatching.evaluation - 		516	|	1	|	0.03%
[INFO ] PyDI.entitymatching.evaluation - 		558	|	1	|	0.03%
[INFO ] PyDI.entitymatching.evaluation - 		720	|	1	|	0.03%
[INFO ] PyDI.entitymatching.evaluation - 		1044	|	1	|	0.03%
[INFO ] PyDI.entitymatching.evaluation - 		1158	|	1	|	0.03%
[INFO ] root - Cluster size distribution written to /Users/onurcanmemis/Desktop/web-data-integration-team-project/output/cluster_analysis/cluster_size_distribution.csv
[INFO ] root - Confusion Matrix:
[INFO ] root -   True Positives:  93
[INFO ] root -   True Negatives:  51
[INFO ] root -   False Positives: 4
[INFO ] root -   False Negatives: 0
[INFO ] root - Performance Metrics:
[INFO ] root -   Accuracy:  0.973
[INFO ] root -   Precision: 0.959
[INFO ] root -   Recall:    1.000
[INFO ] root -   F1-Score:  0.979
[INFO ] root - Confusion Matrix:
[INFO ] root -   True Positives:  88
[INFO ] root -   True Negatives:  52
[INFO ] root -   False Positives: 2
[INFO ] root -   False Negatives: 7
[INFO ] root - Performance Metrics:
[INFO ] root -   Accuracy:  0.940
[INFO ] root -   Precision: 0.978
[INFO ] root -   Recall:    0.926
[INFO ] root -   F1-Score:  0.951
[INFO ] root - Filtered correspondences: 61166 -> 61166 (threshold=0.0)
[INFO ] root - Maximum bipartite matching: 61166 -> 12238 
[INFO ] root - MaximumBipartiteMatching: 61166 -> 12238 correspondences
[INFO ] root - MaximumBipartiteMatching: 37402 -> 24476 entities
[INFO ] root - Filtered correspondences: 54402 -> 54402 (threshold=0.0)
[INFO ] root - Maximum bipartite matching: 54402 -> 10572 
[INFO ] root - MaximumBipartiteMatching: 54402 -> 10572 correspondences
[INFO ] root - MaximumBipartiteMatching: 28503 -> 21144 entities
[INFO ] root - Confusion Matrix:
[INFO ] root -   True Positives:  57
[INFO ] root -   True Negatives:  55
[INFO ] root -   False Positives: 0
[INFO ] root -   False Negatives: 36
[INFO ] root - Performance Metrics:
[INFO ] root -   Accuracy:  0.757
[INFO ] root -   Precision: 1.000
[INFO ] root -   Recall:    0.613
[INFO ] root -   F1-Score:  0.760
[INFO ] root - Confusion Matrix:
[INFO ] root -   True Positives:  54
[INFO ] root -   True Negatives:  54
[INFO ] root -   False Positives: 0
[INFO ] root -   False Negatives: 41
[INFO ] root - Performance Metrics:
[INFO ] root -   Accuracy:  0.725
[INFO ] root -   Precision: 1.000
[INFO ] root -   Recall:    0.568
[INFO ] root -   F1-Score:  0.725
[INFO ] PyDI.entitymatching.rule_based.RuleBasedMatcher - Starting Entity Matching
[INFO ] PyDI.entitymatching.rule_based.RuleBasedMatcher - Blocking 84445 x 14666 elements
[INFO ] PyDI.entitymatching.rule_based.RuleBasedMatcher - Matching 84445 x 14666 elements after 0:00:0.038; 453398 blocked pairs (reduction ratio: 0.9996339048466698)
[INFO ] PyDI.entitymatching.rule_based.RuleBasedMatcher - Entity Matching finished after 0:00:48.699; found 20447 correspondences.
[INFO ] PyDI.entitymatching.rule_based.RuleBasedMatcher - Starting Entity Matching
[INFO ] PyDI.entitymatching.rule_based.RuleBasedMatcher - Blocking 84445 x 16325 elements
[INFO ] PyDI.entitymatching.rule_based.RuleBasedMatcher - Matching 84445 x 16325 elements after 0:00:0.017; 378750 blocked pairs (reduction ratio: 0.9997252577114403)
[INFO ] PyDI.entitymatching.rule_based.RuleBasedMatcher - Entity Matching finished after 0:00:39.541; found 18182 correspondences.
[INFO ] PyDI.entitymatching.rule_based.RuleBasedMatcher - Starting Entity Matching
[INFO ] PyDI.entitymatching.rule_based.RuleBasedMatcher - Blocking 84445 x 14666 elements
[INFO ] PyDI.entitymatching.rule_based.RuleBasedMatcher - Matching 84445 x 14666 elements after 0:00:0.025; 453398 blocked pairs (reduction ratio: 0.9996339048466698)
[INFO ] PyDI.entitymatching.rule_based.RuleBasedMatcher - Entity Matching finished after 0:00:37.669; found 9127 correspondences.
[INFO ] PyDI.entitymatching.rule_based.RuleBasedMatcher - Starting Entity Matching
[INFO ] PyDI.entitymatching.rule_based.RuleBasedMatcher - Blocking 84445 x 16325 elements
[INFO ] PyDI.entitymatching.rule_based.RuleBasedMatcher - Matching 84445 x 16325 elements after 0:00:0.014; 378750 blocked pairs (reduction ratio: 0.9997252577114403)
[INFO ] PyDI.entitymatching.rule_based.RuleBasedMatcher - Entity Matching finished after 0:00:31.209; found 6648 correspondences.
[INFO ] root - Label distribution: 374 positive, 220 negative
[INFO ] root - Label distribution: 379 positive, 218 negative
[INFO ] PyDI.entitymatching.ml_based.MLBasedMatcher - Starting Entity Matching
[INFO ] PyDI.entitymatching.ml_based.MLBasedMatcher - Blocking 84445 x 14666 elements
[INFO ] PyDI.entitymatching.ml_based.MLBasedMatcher - Matching 84445 x 14666 elements after 0:00:0.002; 453398 blocked pairs (reduction ratio: 0.9996339048466698)
[INFO ] PyDI.entitymatching.ml_based.MLBasedMatcher - Entity Matching finished after 0:00:45.087; found 9240 correspondences.
[INFO ] PyDI.entitymatching.ml_based.MLBasedMatcher - Starting Entity Matching
[INFO ] PyDI.entitymatching.ml_based.MLBasedMatcher - Blocking 84445 x 16325 elements
[INFO ] PyDI.entitymatching.ml_based.MLBasedMatcher - Matching 84445 x 16325 elements after 0:00:0.000; 378750 blocked pairs (reduction ratio: 0.9997252577114403)
[INFO ] PyDI.entitymatching.ml_based.MLBasedMatcher - Entity Matching finished after 0:00:36.429; found 7140 correspondences.
[INFO ] PyDI.entitymatching.ml_based.MLBasedMatcher - Starting Entity Matching
[INFO ] PyDI.entitymatching.ml_based.MLBasedMatcher - Blocking 84445 x 14666 elements
[INFO ] PyDI.entitymatching.ml_based.MLBasedMatcher - Matching 84445 x 14666 elements after 0:00:0.001; 453398 blocked pairs (reduction ratio: 0.9996339048466698)
[INFO ] PyDI.entitymatching.ml_based.MLBasedMatcher - Entity Matching finished after 0:00:45.758; found 61166 correspondences.
[INFO ] PyDI.entitymatching.ml_based.MLBasedMatcher - Starting Entity Matching
[INFO ] PyDI.entitymatching.ml_based.MLBasedMatcher - Blocking 84445 x 16325 elements
[INFO ] PyDI.entitymatching.ml_based.MLBasedMatcher - Matching 84445 x 16325 elements after 0:00:0.001; 378750 blocked pairs (reduction ratio: 0.9997252577114403)
[INFO ] PyDI.entitymatching.ml_based.MLBasedMatcher - Entity Matching finished after 0:00:36.785; found 54402 correspondences.
[INFO ] PyDI.entitymatching.rule_based.RuleBasedMatcher - Starting Entity Matching
[INFO ] PyDI.entitymatching.rule_based.RuleBasedMatcher - Blocking 84445 x 14666 elements
[INFO ] PyDI.entitymatching.rule_based.RuleBasedMatcher - Matching 84445 x 14666 elements after 0:00:0.034; 453398 blocked pairs (reduction ratio: 0.9996339048466698)
[INFO ] PyDI.entitymatching.rule_based.RuleBasedMatcher - Entity Matching finished after 0:00:45.186; found 20447 correspondences.
[INFO ] PyDI.entitymatching.rule_based.RuleBasedMatcher - Starting Entity Matching
[INFO ] PyDI.entitymatching.rule_based.RuleBasedMatcher - Blocking 84445 x 16325 elements
[INFO ] PyDI.entitymatching.rule_based.RuleBasedMatcher - Matching 84445 x 16325 elements after 0:00:0.015; 378750 blocked pairs (reduction ratio: 0.9997252577114403)
[INFO ] PyDI.entitymatching.rule_based.RuleBasedMatcher - Entity Matching finished after 0:00:37.373; found 18182 correspondences.
[INFO ] PyDI.entitymatching.evaluation - Cluster Size Distribution of 8750 clusters:
[INFO ] PyDI.entitymatching.evaluation - 	Cluster Size	| Frequency	| Percentage
[INFO ] PyDI.entitymatching.evaluation - 	──────────────────────────────────────────────────
[INFO ] PyDI.entitymatching.evaluation - 		2	|	6089	|	69.59%
[INFO ] PyDI.entitymatching.evaluation - 		3	|	1199	|	13.70%
[INFO ] PyDI.entitymatching.evaluation - 		4	|	596	|	6.81%
[INFO ] PyDI.entitymatching.evaluation - 		5	|	255	|	2.91%
[INFO ] PyDI.entitymatching.evaluation - 		6	|	193	|	2.21%
[INFO ] PyDI.entitymatching.evaluation - 		7	|	90	|	1.03%
[INFO ] PyDI.entitymatching.evaluation - 		8	|	71	|	0.81%
[INFO ] PyDI.entitymatching.evaluation - 		9	|	50	|	0.57%
[INFO ] PyDI.entitymatching.evaluation - 		10	|	38	|	0.43%
[INFO ] PyDI.entitymatching.evaluation - 		11	|	27	|	0.31%
[INFO ] PyDI.entitymatching.evaluation - 		12	|	28	|	0.32%
[INFO ] PyDI.entitymatching.evaluation - 		13	|	17	|	0.19%
[INFO ] PyDI.entitymatching.evaluation - 		14	|	16	|	0.18%
[INFO ] PyDI.entitymatching.evaluation - 		15	|	9	|	0.10%
[INFO ] PyDI.entitymatching.evaluation - 		16	|	10	|	0.11%
[INFO ] PyDI.entitymatching.evaluation - 		17	|	6	|	0.07%
[INFO ] PyDI.entitymatching.evaluation - 		18	|	6	|	0.07%
[INFO ] PyDI.entitymatching.evaluation - 		19	|	1	|	0.01%
[INFO ] PyDI.entitymatching.evaluation - 		20	|	5	|	0.06%
[INFO ] PyDI.entitymatching.evaluation - 		21	|	5	|	0.06%
[INFO ] PyDI.entitymatching.evaluation - 		22	|	1	|	0.01%
[INFO ] PyDI.entitymatching.evaluation - 		23	|	2	|	0.02%
[INFO ] PyDI.entitymatching.evaluation - 		25	|	1	|	0.01%
[INFO ] PyDI.entitymatching.evaluation - 		26	|	2	|	0.02%
[INFO ] PyDI.entitymatching.evaluation - 		27	|	5	|	0.06%
[INFO ] PyDI.entitymatching.evaluation - 		28	|	2	|	0.02%
[INFO ] PyDI.entitymatching.evaluation - 		29	|	1	|	0.01%
[INFO ] PyDI.entitymatching.evaluation - 		30	|	1	|	0.01%
[INFO ] PyDI.entitymatching.evaluation - 		31	|	2	|	0.02%
[INFO ] PyDI.entitymatching.evaluation - 		32	|	1	|	0.01%
[INFO ] PyDI.entitymatching.evaluation - 		33	|	1	|	0.01%
[INFO ] PyDI.entitymatching.evaluation - 		37	|	3	|	0.03%
[INFO ] PyDI.entitymatching.evaluation - 		38	|	1	|	0.01%
[INFO ] PyDI.entitymatching.evaluation - 		40	|	1	|	0.01%
[INFO ] PyDI.entitymatching.evaluation - 		44	|	1	|	0.01%
[INFO ] PyDI.entitymatching.evaluation - 		46	|	1	|	0.01%
[INFO ] PyDI.entitymatching.evaluation - 		51	|	2	|	0.02%
[INFO ] PyDI.entitymatching.evaluation - 		53	|	1	|	0.01%
[INFO ] PyDI.entitymatching.evaluation - 		54	|	1	|	0.01%
[INFO ] PyDI.entitymatching.evaluation - 		56	|	2	|	0.02%
[INFO ] PyDI.entitymatching.evaluation - 		58	|	1	|	0.01%
[INFO ] PyDI.entitymatching.evaluation - 		65	|	1	|	0.01%
[INFO ] PyDI.entitymatching.evaluation - 		66	|	1	|	0.01%
[INFO ] PyDI.entitymatching.evaluation - 		86	|	1	|	0.01%
[INFO ] PyDI.entitymatching.evaluation - 		172	|	1	|	0.01%
[INFO ] PyDI.entitymatching.evaluation - 		199	|	1	|	0.01%
[INFO ] PyDI.entitymatching.evaluation - 		306	|	1	|	0.01%
[INFO ] root - Cluster size distribution written to /Users/onurcanmemis/Desktop/web-data-integration-team-project/output/cluster_analysis/cluster_size_distribution.csv
[INFO ] PyDI.entitymatching.evaluation - Cluster Size Distribution of 4893 clusters:
[INFO ] PyDI.entitymatching.evaluation - 	Cluster Size	| Frequency	| Percentage
[INFO ] PyDI.entitymatching.evaluation - 	──────────────────────────────────────────────────
[INFO ] PyDI.entitymatching.evaluation - 		2	|	3047	|	62.27%
[INFO ] PyDI.entitymatching.evaluation - 		3	|	605	|	12.36%
[INFO ] PyDI.entitymatching.evaluation - 		4	|	422	|	8.62%
[INFO ] PyDI.entitymatching.evaluation - 		5	|	203	|	4.15%
[INFO ] PyDI.entitymatching.evaluation - 		6	|	163	|	3.33%
[INFO ] PyDI.entitymatching.evaluation - 		7	|	98	|	2.00%
[INFO ] PyDI.entitymatching.evaluation - 		8	|	59	|	1.21%
[INFO ] PyDI.entitymatching.evaluation - 		9	|	45	|	0.92%
[INFO ] PyDI.entitymatching.evaluation - 		10	|	31	|	0.63%
[INFO ] PyDI.entitymatching.evaluation - 		11	|	21	|	0.43%
[INFO ] PyDI.entitymatching.evaluation - 		12	|	18	|	0.37%
[INFO ] PyDI.entitymatching.evaluation - 		13	|	18	|	0.37%
[INFO ] PyDI.entitymatching.evaluation - 		14	|	17	|	0.35%
[INFO ] PyDI.entitymatching.evaluation - 		15	|	9	|	0.18%
[INFO ] PyDI.entitymatching.evaluation - 		16	|	16	|	0.33%
[INFO ] PyDI.entitymatching.evaluation - 		17	|	14	|	0.29%
[INFO ] PyDI.entitymatching.evaluation - 		18	|	11	|	0.22%
[INFO ] PyDI.entitymatching.evaluation - 		19	|	6	|	0.12%
[INFO ] PyDI.entitymatching.evaluation - 		20	|	8	|	0.16%
[INFO ] PyDI.entitymatching.evaluation - 		21	|	8	|	0.16%
[INFO ] PyDI.entitymatching.evaluation - 		22	|	6	|	0.12%
[INFO ] PyDI.entitymatching.evaluation - 		23	|	3	|	0.06%
[INFO ] PyDI.entitymatching.evaluation - 		24	|	4	|	0.08%
[INFO ] PyDI.entitymatching.evaluation - 		25	|	1	|	0.02%
[INFO ] PyDI.entitymatching.evaluation - 		26	|	6	|	0.12%
[INFO ] PyDI.entitymatching.evaluation - 		27	|	1	|	0.02%
[INFO ] PyDI.entitymatching.evaluation - 		28	|	4	|	0.08%
[INFO ] PyDI.entitymatching.evaluation - 		29	|	8	|	0.16%
[INFO ] PyDI.entitymatching.evaluation - 		30	|	5	|	0.10%
[INFO ] PyDI.entitymatching.evaluation - 		31	|	1	|	0.02%
[INFO ] PyDI.entitymatching.evaluation - 		34	|	3	|	0.06%
[INFO ] PyDI.entitymatching.evaluation - 		35	|	4	|	0.08%
[INFO ] PyDI.entitymatching.evaluation - 		36	|	2	|	0.04%
[INFO ] PyDI.entitymatching.evaluation - 		37	|	1	|	0.02%
[INFO ] PyDI.entitymatching.evaluation - 		38	|	2	|	0.04%
[INFO ] PyDI.entitymatching.evaluation - 		39	|	2	|	0.04%
[INFO ] PyDI.entitymatching.evaluation - 		40	|	2	|	0.04%
[INFO ] PyDI.entitymatching.evaluation - 		41	|	3	|	0.06%
[INFO ] PyDI.entitymatching.evaluation - 		43	|	1	|	0.02%
[INFO ] PyDI.entitymatching.evaluation - 		48	|	3	|	0.06%
[INFO ] PyDI.entitymatching.evaluation - 		49	|	1	|	0.02%
[INFO ] PyDI.entitymatching.evaluation - 		50	|	1	|	0.02%
[INFO ] PyDI.entitymatching.evaluation - 		56	|	1	|	0.02%
[INFO ] PyDI.entitymatching.evaluation - 		59	|	1	|	0.02%
[INFO ] PyDI.entitymatching.evaluation - 		60	|	1	|	0.02%
[INFO ] PyDI.entitymatching.evaluation - 		63	|	1	|	0.02%
[INFO ] PyDI.entitymatching.evaluation - 		64	|	1	|	0.02%
[INFO ] PyDI.entitymatching.evaluation - 		71	|	1	|	0.02%
[INFO ] PyDI.entitymatching.evaluation - 		84	|	1	|	0.02%
[INFO ] PyDI.entitymatching.evaluation - 		91	|	1	|	0.02%
[INFO ] PyDI.entitymatching.evaluation - 		112	|	1	|	0.02%
[INFO ] PyDI.entitymatching.evaluation - 		310	|	1	|	0.02%
[INFO ] root - Cluster size distribution written to /Users/onurcanmemis/Desktop/web-data-integration-team-project/output/cluster_analysis/cluster_size_distribution.csv
[INFO ] PyDI.entitymatching.rule_based.RuleBasedMatcher - Starting Entity Matching
[INFO ] PyDI.entitymatching.rule_based.RuleBasedMatcher - Blocking 84445 x 14666 elements
[INFO ] PyDI.entitymatching.rule_based.RuleBasedMatcher - Matching 84445 x 14666 elements after 0:00:0.037; 453398 blocked pairs (reduction ratio: 0.9996339048466698)
[INFO ] PyDI.entitymatching.rule_based.RuleBasedMatcher - Entity Matching finished after 0:00:41.978; found 9127 correspondences.
[INFO ] PyDI.entitymatching.rule_based.RuleBasedMatcher - Starting Entity Matching
[INFO ] PyDI.entitymatching.rule_based.RuleBasedMatcher - Blocking 84445 x 16325 elements
[INFO ] PyDI.entitymatching.rule_based.RuleBasedMatcher - Matching 84445 x 16325 elements after 0:00:0.014; 378750 blocked pairs (reduction ratio: 0.9997252577114403)
[INFO ] PyDI.entitymatching.rule_based.RuleBasedMatcher - Entity Matching finished after 0:00:34.206; found 6648 correspondences.
[INFO ] PyDI.entitymatching.evaluation - Cluster Size Distribution of 8762 clusters:
[INFO ] PyDI.entitymatching.evaluation - 	Cluster Size	| Frequency	| Percentage
[INFO ] PyDI.entitymatching.evaluation - 	──────────────────────────────────────────────────
[INFO ] PyDI.entitymatching.evaluation - 		2	|	8527	|	97.32%
[INFO ] PyDI.entitymatching.evaluation - 		3	|	169	|	1.93%
[INFO ] PyDI.entitymatching.evaluation - 		4	|	43	|	0.49%
[INFO ] PyDI.entitymatching.evaluation - 		5	|	20	|	0.23%
[INFO ] PyDI.entitymatching.evaluation - 		6	|	1	|	0.01%
[INFO ] PyDI.entitymatching.evaluation - 		7	|	2	|	0.02%
[INFO ] root - Cluster size distribution written to /Users/onurcanmemis/Desktop/web-data-integration-team-project/output/cluster_analysis/cluster_size_distribution.csv
[INFO ] PyDI.entitymatching.evaluation - Cluster Size Distribution of 6258 clusters:
[INFO ] PyDI.entitymatching.evaluation - 	Cluster Size	| Frequency	| Percentage
[INFO ] PyDI.entitymatching.evaluation - 	──────────────────────────────────────────────────
[INFO ] PyDI.entitymatching.evaluation - 		2	|	6020	|	96.20%
[INFO ] PyDI.entitymatching.evaluation - 		3	|	174	|	2.78%
[INFO ] PyDI.entitymatching.evaluation - 		4	|	46	|	0.74%
[INFO ] PyDI.entitymatching.evaluation - 		5	|	13	|	0.21%
[INFO ] PyDI.entitymatching.evaluation - 		6	|	2	|	0.03%
[INFO ] PyDI.entitymatching.evaluation - 		7	|	1	|	0.02%
[INFO ] PyDI.entitymatching.evaluation - 		8	|	2	|	0.03%
[INFO ] root - Cluster size distribution written to /Users/onurcanmemis/Desktop/web-data-integration-team-project/output/cluster_analysis/cluster_size_distribution.csv
[INFO ] PyDI.entitymatching.ml_based.MLBasedMatcher - Starting Entity Matching
[INFO ] PyDI.entitymatching.ml_based.MLBasedMatcher - Blocking 84445 x 14666 elements
[INFO ] PyDI.entitymatching.ml_based.MLBasedMatcher - Matching 84445 x 14666 elements after 0:00:0.001; 453398 blocked pairs (reduction ratio: 0.9996339048466698)
[INFO ] PyDI.entitymatching.ml_based.MLBasedMatcher - Entity Matching finished after 0:00:46.061; found 9240 correspondences.
[INFO ] PyDI.entitymatching.ml_based.MLBasedMatcher - Starting Entity Matching
[INFO ] PyDI.entitymatching.ml_based.MLBasedMatcher - Blocking 84445 x 16325 elements
[INFO ] PyDI.entitymatching.ml_based.MLBasedMatcher - Matching 84445 x 16325 elements after 0:00:0.000; 378750 blocked pairs (reduction ratio: 0.9997252577114403)
[INFO ] PyDI.entitymatching.ml_based.MLBasedMatcher - Entity Matching finished after 0:00:35.847; found 7140 correspondences.
[INFO ] PyDI.entitymatching.evaluation - Cluster Size Distribution of 8788 clusters:
[INFO ] PyDI.entitymatching.evaluation - 	Cluster Size	| Frequency	| Percentage
[INFO ] PyDI.entitymatching.evaluation - 	──────────────────────────────────────────────────
[INFO ] PyDI.entitymatching.evaluation - 		2	|	8501	|	96.73%
[INFO ] PyDI.entitymatching.evaluation - 		3	|	205	|	2.33%
[INFO ] PyDI.entitymatching.evaluation - 		4	|	55	|	0.63%
[INFO ] PyDI.entitymatching.evaluation - 		5	|	21	|	0.24%
[INFO ] PyDI.entitymatching.evaluation - 		6	|	4	|	0.05%
[INFO ] PyDI.entitymatching.evaluation - 		7	|	2	|	0.02%
[INFO ] root - Cluster size distribution written to /Users/onurcanmemis/Desktop/web-data-integration-team-project/output/cluster_analysis/cluster_size_distribution.csv
[INFO ] PyDI.entitymatching.evaluation - Cluster Size Distribution of 6295 clusters:
[INFO ] PyDI.entitymatching.evaluation - 	Cluster Size	| Frequency	| Percentage
[INFO ] PyDI.entitymatching.evaluation - 	──────────────────────────────────────────────────
[INFO ] PyDI.entitymatching.evaluation - 		2	|	5805	|	92.22%
[INFO ] PyDI.entitymatching.evaluation - 		3	|	334	|	5.31%
[INFO ] PyDI.entitymatching.evaluation - 		4	|	106	|	1.68%
[INFO ] PyDI.entitymatching.evaluation - 		5	|	25	|	0.40%
[INFO ] PyDI.entitymatching.evaluation - 		6	|	12	|	0.19%
[INFO ] PyDI.entitymatching.evaluation - 		7	|	8	|	0.13%
[INFO ] PyDI.entitymatching.evaluation - 		8	|	3	|	0.05%
[INFO ] PyDI.entitymatching.evaluation - 		9	|	2	|	0.03%
[INFO ] root - Cluster size distribution written to /Users/onurcanmemis/Desktop/web-data-integration-team-project/output/cluster_analysis/cluster_size_distribution.csv
[INFO ] PyDI.entitymatching.ml_based.MLBasedMatcher - Starting Entity Matching
[INFO ] PyDI.entitymatching.ml_based.MLBasedMatcher - Blocking 84445 x 14666 elements
[INFO ] PyDI.entitymatching.ml_based.MLBasedMatcher - Matching 84445 x 14666 elements after 0:00:0.004; 453398 blocked pairs (reduction ratio: 0.9996339048466698)
[INFO ] PyDI.entitymatching.ml_based.MLBasedMatcher - Entity Matching finished after 0:00:44.390; found 61166 correspondences.
[INFO ] PyDI.entitymatching.ml_based.MLBasedMatcher - Starting Entity Matching
[INFO ] PyDI.entitymatching.ml_based.MLBasedMatcher - Blocking 84445 x 16325 elements
[INFO ] PyDI.entitymatching.ml_based.MLBasedMatcher - Matching 84445 x 16325 elements after 0:00:0.000; 378750 blocked pairs (reduction ratio: 0.9997252577114403)
[INFO ] PyDI.entitymatching.ml_based.MLBasedMatcher - Entity Matching finished after 0:00:35.747; found 54402 correspondences.
[INFO ] PyDI.entitymatching.evaluation - Cluster Size Distribution of 6093 clusters:
[INFO ] PyDI.entitymatching.evaluation - 	Cluster Size	| Frequency	| Percentage
[INFO ] PyDI.entitymatching.evaluation - 	──────────────────────────────────────────────────
[INFO ] PyDI.entitymatching.evaluation - 		2	|	1703	|	27.95%
[INFO ] PyDI.entitymatching.evaluation - 		3	|	841	|	13.80%
[INFO ] PyDI.entitymatching.evaluation - 		4	|	785	|	12.88%
[INFO ] PyDI.entitymatching.evaluation - 		5	|	588	|	9.65%
[INFO ] PyDI.entitymatching.evaluation - 		6	|	575	|	9.44%
[INFO ] PyDI.entitymatching.evaluation - 		7	|	348	|	5.71%
[INFO ] PyDI.entitymatching.evaluation - 		8	|	313	|	5.14%
[INFO ] PyDI.entitymatching.evaluation - 		9	|	207	|	3.40%
[INFO ] PyDI.entitymatching.evaluation - 		10	|	128	|	2.10%
[INFO ] PyDI.entitymatching.evaluation - 		11	|	112	|	1.84%
[INFO ] PyDI.entitymatching.evaluation - 		12	|	66	|	1.08%
[INFO ] PyDI.entitymatching.evaluation - 		13	|	59	|	0.97%
[INFO ] PyDI.entitymatching.evaluation - 		14	|	52	|	0.85%
[INFO ] PyDI.entitymatching.evaluation - 		15	|	24	|	0.39%
[INFO ] PyDI.entitymatching.evaluation - 		16	|	31	|	0.51%
[INFO ] PyDI.entitymatching.evaluation - 		17	|	26	|	0.43%
[INFO ] PyDI.entitymatching.evaluation - 		18	|	19	|	0.31%
[INFO ] PyDI.entitymatching.evaluation - 		19	|	19	|	0.31%
[INFO ] PyDI.entitymatching.evaluation - 		20	|	11	|	0.18%
[INFO ] PyDI.entitymatching.evaluation - 		21	|	19	|	0.31%
[INFO ] PyDI.entitymatching.evaluation - 		22	|	11	|	0.18%
[INFO ] PyDI.entitymatching.evaluation - 		23	|	12	|	0.20%
[INFO ] PyDI.entitymatching.evaluation - 		24	|	6	|	0.10%
[INFO ] PyDI.entitymatching.evaluation - 		25	|	6	|	0.10%
[INFO ] PyDI.entitymatching.evaluation - 		26	|	11	|	0.18%
[INFO ] PyDI.entitymatching.evaluation - 		27	|	10	|	0.16%
[INFO ] PyDI.entitymatching.evaluation - 		28	|	12	|	0.20%
[INFO ] PyDI.entitymatching.evaluation - 		29	|	7	|	0.11%
[INFO ] PyDI.entitymatching.evaluation - 		30	|	3	|	0.05%
[INFO ] PyDI.entitymatching.evaluation - 		31	|	3	|	0.05%
[INFO ] PyDI.entitymatching.evaluation - 		32	|	2	|	0.03%
[INFO ] PyDI.entitymatching.evaluation - 		33	|	4	|	0.07%
[INFO ] PyDI.entitymatching.evaluation - 		34	|	2	|	0.03%
[INFO ] PyDI.entitymatching.evaluation - 		35	|	3	|	0.05%
[INFO ] PyDI.entitymatching.evaluation - 		36	|	2	|	0.03%
[INFO ] PyDI.entitymatching.evaluation - 		37	|	4	|	0.07%
[INFO ] PyDI.entitymatching.evaluation - 		38	|	1	|	0.02%
[INFO ] PyDI.entitymatching.evaluation - 		39	|	4	|	0.07%
[INFO ] PyDI.entitymatching.evaluation - 		40	|	2	|	0.03%
[INFO ] PyDI.entitymatching.evaluation - 		41	|	1	|	0.02%
[INFO ] PyDI.entitymatching.evaluation - 		42	|	3	|	0.05%
[INFO ] PyDI.entitymatching.evaluation - 		43	|	3	|	0.05%
[INFO ] PyDI.entitymatching.evaluation - 		44	|	3	|	0.05%
[INFO ] PyDI.entitymatching.evaluation - 		45	|	2	|	0.03%
[INFO ] PyDI.entitymatching.evaluation - 		46	|	2	|	0.03%
[INFO ] PyDI.entitymatching.evaluation - 		47	|	1	|	0.02%
[INFO ] PyDI.entitymatching.evaluation - 		48	|	1	|	0.02%
[INFO ] PyDI.entitymatching.evaluation - 		50	|	1	|	0.02%
[INFO ] PyDI.entitymatching.evaluation - 		53	|	3	|	0.05%
[INFO ] PyDI.entitymatching.evaluation - 		55	|	1	|	0.02%
[INFO ] PyDI.entitymatching.evaluation - 		56	|	4	|	0.07%
[INFO ] PyDI.entitymatching.evaluation - 		57	|	3	|	0.05%
[INFO ] PyDI.entitymatching.evaluation - 		58	|	2	|	0.03%
[INFO ] PyDI.entitymatching.evaluation - 		59	|	1	|	0.02%
[INFO ] PyDI.entitymatching.evaluation - 		62	|	4	|	0.07%
[INFO ] PyDI.entitymatching.evaluation - 		65	|	1	|	0.02%
[INFO ] PyDI.entitymatching.evaluation - 		66	|	1	|	0.02%
[INFO ] PyDI.entitymatching.evaluation - 		70	|	2	|	0.03%
[INFO ] PyDI.entitymatching.evaluation - 		71	|	2	|	0.03%
[INFO ] PyDI.entitymatching.evaluation - 		73	|	1	|	0.02%
[INFO ] PyDI.entitymatching.evaluation - 		74	|	1	|	0.02%
[INFO ] PyDI.entitymatching.evaluation - 		80	|	2	|	0.03%
[INFO ] PyDI.entitymatching.evaluation - 		81	|	1	|	0.02%
[INFO ] PyDI.entitymatching.evaluation - 		82	|	1	|	0.02%
[INFO ] PyDI.entitymatching.evaluation - 		89	|	1	|	0.02%
[INFO ] PyDI.entitymatching.evaluation - 		101	|	1	|	0.02%
[INFO ] PyDI.entitymatching.evaluation - 		105	|	1	|	0.02%
[INFO ] PyDI.entitymatching.evaluation - 		107	|	1	|	0.02%
[INFO ] PyDI.entitymatching.evaluation - 		117	|	1	|	0.02%
[INFO ] PyDI.entitymatching.evaluation - 		121	|	1	|	0.02%
[INFO ] PyDI.entitymatching.evaluation - 		124	|	1	|	0.02%
[INFO ] PyDI.entitymatching.evaluation - 		125	|	1	|	0.02%
[INFO ] PyDI.entitymatching.evaluation - 		134	|	1	|	0.02%
[INFO ] PyDI.entitymatching.evaluation - 		139	|	1	|	0.02%
[INFO ] PyDI.entitymatching.evaluation - 		154	|	1	|	0.02%
[INFO ] PyDI.entitymatching.evaluation - 		188	|	1	|	0.02%
[INFO ] PyDI.entitymatching.evaluation - 		189	|	1	|	0.02%
[INFO ] PyDI.entitymatching.evaluation - 		202	|	1	|	0.02%
[INFO ] PyDI.entitymatching.evaluation - 		203	|	1	|	0.02%
[INFO ] root - Cluster size distribution written to /Users/onurcanmemis/Desktop/web-data-integration-team-project/output/cluster_analysis/cluster_size_distribution.csv
[INFO ] PyDI.entitymatching.evaluation - Cluster Size Distribution of 3844 clusters:
[INFO ] PyDI.entitymatching.evaluation - 	Cluster Size	| Frequency	| Percentage
[INFO ] PyDI.entitymatching.evaluation - 	──────────────────────────────────────────────────
[INFO ] PyDI.entitymatching.evaluation - 		2	|	2014	|	52.39%
[INFO ] PyDI.entitymatching.evaluation - 		3	|	419	|	10.90%
[INFO ] PyDI.entitymatching.evaluation - 		4	|	341	|	8.87%
[INFO ] PyDI.entitymatching.evaluation - 		5	|	212	|	5.52%
[INFO ] PyDI.entitymatching.evaluation - 		6	|	152	|	3.95%
[INFO ] PyDI.entitymatching.evaluation - 		7	|	116	|	3.02%
[INFO ] PyDI.entitymatching.evaluation - 		8	|	71	|	1.85%
[INFO ] PyDI.entitymatching.evaluation - 		9	|	68	|	1.77%
[INFO ] PyDI.entitymatching.evaluation - 		10	|	45	|	1.17%
[INFO ] PyDI.entitymatching.evaluation - 		11	|	36	|	0.94%
[INFO ] PyDI.entitymatching.evaluation - 		12	|	33	|	0.86%
[INFO ] PyDI.entitymatching.evaluation - 		13	|	40	|	1.04%
[INFO ] PyDI.entitymatching.evaluation - 		14	|	39	|	1.01%
[INFO ] PyDI.entitymatching.evaluation - 		15	|	18	|	0.47%
[INFO ] PyDI.entitymatching.evaluation - 		16	|	12	|	0.31%
[INFO ] PyDI.entitymatching.evaluation - 		17	|	13	|	0.34%
[INFO ] PyDI.entitymatching.evaluation - 		18	|	16	|	0.42%
[INFO ] PyDI.entitymatching.evaluation - 		19	|	10	|	0.26%
[INFO ] PyDI.entitymatching.evaluation - 		20	|	8	|	0.21%
[INFO ] PyDI.entitymatching.evaluation - 		21	|	11	|	0.29%
[INFO ] PyDI.entitymatching.evaluation - 		22	|	7	|	0.18%
[INFO ] PyDI.entitymatching.evaluation - 		23	|	9	|	0.23%
[INFO ] PyDI.entitymatching.evaluation - 		24	|	6	|	0.16%
[INFO ] PyDI.entitymatching.evaluation - 		25	|	3	|	0.08%
[INFO ] PyDI.entitymatching.evaluation - 		26	|	10	|	0.26%
[INFO ] PyDI.entitymatching.evaluation - 		27	|	4	|	0.10%
[INFO ] PyDI.entitymatching.evaluation - 		28	|	6	|	0.16%
[INFO ] PyDI.entitymatching.evaluation - 		29	|	2	|	0.05%
[INFO ] PyDI.entitymatching.evaluation - 		30	|	8	|	0.21%
[INFO ] PyDI.entitymatching.evaluation - 		31	|	8	|	0.21%
[INFO ] PyDI.entitymatching.evaluation - 		32	|	3	|	0.08%
[INFO ] PyDI.entitymatching.evaluation - 		33	|	2	|	0.05%
[INFO ] PyDI.entitymatching.evaluation - 		34	|	6	|	0.16%
[INFO ] PyDI.entitymatching.evaluation - 		35	|	2	|	0.05%
[INFO ] PyDI.entitymatching.evaluation - 		36	|	7	|	0.18%
[INFO ] PyDI.entitymatching.evaluation - 		37	|	1	|	0.03%
[INFO ] PyDI.entitymatching.evaluation - 		38	|	1	|	0.03%
[INFO ] PyDI.entitymatching.evaluation - 		39	|	4	|	0.10%
[INFO ] PyDI.entitymatching.evaluation - 		40	|	3	|	0.08%
[INFO ] PyDI.entitymatching.evaluation - 		41	|	3	|	0.08%
[INFO ] PyDI.entitymatching.evaluation - 		42	|	3	|	0.08%
[INFO ] PyDI.entitymatching.evaluation - 		43	|	2	|	0.05%
[INFO ] PyDI.entitymatching.evaluation - 		44	|	3	|	0.08%
[INFO ] PyDI.entitymatching.evaluation - 		45	|	1	|	0.03%
[INFO ] PyDI.entitymatching.evaluation - 		46	|	2	|	0.05%
[INFO ] PyDI.entitymatching.evaluation - 		47	|	1	|	0.03%
[INFO ] PyDI.entitymatching.evaluation - 		48	|	1	|	0.03%
[INFO ] PyDI.entitymatching.evaluation - 		49	|	3	|	0.08%
[INFO ] PyDI.entitymatching.evaluation - 		50	|	2	|	0.05%
[INFO ] PyDI.entitymatching.evaluation - 		51	|	2	|	0.05%
[INFO ] PyDI.entitymatching.evaluation - 		53	|	1	|	0.03%
[INFO ] PyDI.entitymatching.evaluation - 		54	|	1	|	0.03%
[INFO ] PyDI.entitymatching.evaluation - 		57	|	2	|	0.05%
[INFO ] PyDI.entitymatching.evaluation - 		58	|	1	|	0.03%
[INFO ] PyDI.entitymatching.evaluation - 		59	|	2	|	0.05%
[INFO ] PyDI.entitymatching.evaluation - 		61	|	1	|	0.03%
[INFO ] PyDI.entitymatching.evaluation - 		62	|	1	|	0.03%
[INFO ] PyDI.entitymatching.evaluation - 		63	|	2	|	0.05%
[INFO ] PyDI.entitymatching.evaluation - 		65	|	1	|	0.03%
[INFO ] PyDI.entitymatching.evaluation - 		70	|	3	|	0.08%
[INFO ] PyDI.entitymatching.evaluation - 		74	|	2	|	0.05%
[INFO ] PyDI.entitymatching.evaluation - 		82	|	1	|	0.03%
[INFO ] PyDI.entitymatching.evaluation - 		83	|	2	|	0.05%
[INFO ] PyDI.entitymatching.evaluation - 		84	|	3	|	0.08%
[INFO ] PyDI.entitymatching.evaluation - 		97	|	2	|	0.05%
[INFO ] PyDI.entitymatching.evaluation - 		100	|	1	|	0.03%
[INFO ] PyDI.entitymatching.evaluation - 		105	|	1	|	0.03%
[INFO ] PyDI.entitymatching.evaluation - 		106	|	1	|	0.03%
[INFO ] PyDI.entitymatching.evaluation - 		112	|	2	|	0.05%
[INFO ] PyDI.entitymatching.evaluation - 		113	|	2	|	0.05%
[INFO ] PyDI.entitymatching.evaluation - 		117	|	1	|	0.03%
[INFO ] PyDI.entitymatching.evaluation - 		127	|	1	|	0.03%
[INFO ] PyDI.entitymatching.evaluation - 		129	|	1	|	0.03%
[INFO ] PyDI.entitymatching.evaluation - 		137	|	1	|	0.03%
[INFO ] PyDI.entitymatching.evaluation - 		150	|	1	|	0.03%
[INFO ] PyDI.entitymatching.evaluation - 		157	|	1	|	0.03%
[INFO ] PyDI.entitymatching.evaluation - 		160	|	1	|	0.03%
[INFO ] PyDI.entitymatching.evaluation - 		176	|	1	|	0.03%
[INFO ] PyDI.entitymatching.evaluation - 		179	|	1	|	0.03%
[INFO ] PyDI.entitymatching.evaluation - 		180	|	1	|	0.03%
[INFO ] PyDI.entitymatching.evaluation - 		184	|	1	|	0.03%
[INFO ] PyDI.entitymatching.evaluation - 		203	|	1	|	0.03%
[INFO ] PyDI.entitymatching.evaluation - 		233	|	1	|	0.03%
[INFO ] PyDI.entitymatching.evaluation - 		237	|	1	|	0.03%
[INFO ] PyDI.entitymatching.evaluation - 		254	|	1	|	0.03%
[INFO ] PyDI.entitymatching.evaluation - 		264	|	1	|	0.03%
[INFO ] PyDI.entitymatching.evaluation - 		391	|	1	|	0.03%
[INFO ] PyDI.entitymatching.evaluation - 		483	|	1	|	0.03%
[INFO ] PyDI.entitymatching.evaluation - 		516	|	1	|	0.03%
[INFO ] PyDI.entitymatching.evaluation - 		558	|	1	|	0.03%
[INFO ] PyDI.entitymatching.evaluation - 		720	|	1	|	0.03%
[INFO ] PyDI.entitymatching.evaluation - 		1044	|	1	|	0.03%
[INFO ] PyDI.entitymatching.evaluation - 		1158	|	1	|	0.03%
[INFO ] root - Cluster size distribution written to /Users/onurcanmemis/Desktop/web-data-integration-team-project/output/cluster_analysis/cluster_size_distribution.csv
[INFO ] PyDI.entitymatching.rule_based.RuleBasedMatcher - Starting Entity Matching
[INFO ] PyDI.entitymatching.rule_based.RuleBasedMatcher - Blocking 84445 x 14666 elements
[INFO ] PyDI.entitymatching.rule_based.RuleBasedMatcher - Matching 84445 x 14666 elements after 0:00:0.044; 453398 blocked pairs (reduction ratio: 0.9996339048466698)
[INFO ] PyDI.entitymatching.rule_based.RuleBasedMatcher - Entity Matching finished after 0:00:42.443; found 9127 correspondences.
[INFO ] PyDI.entitymatching.rule_based.RuleBasedMatcher - Starting Entity Matching
[INFO ] PyDI.entitymatching.rule_based.RuleBasedMatcher - Blocking 84445 x 16325 elements
[INFO ] PyDI.entitymatching.rule_based.RuleBasedMatcher - Matching 84445 x 16325 elements after 0:00:0.014; 378750 blocked pairs (reduction ratio: 0.9997252577114403)
[INFO ] PyDI.entitymatching.rule_based.RuleBasedMatcher - Entity Matching finished after 0:00:32.844; found 6648 correspondences.
[INFO ] PyDI.entitymatching.evaluation - Cluster Size Distribution of 8762 clusters:
[INFO ] PyDI.entitymatching.evaluation - 	Cluster Size	| Frequency	| Percentage
[INFO ] PyDI.entitymatching.evaluation - 	──────────────────────────────────────────────────
[INFO ] PyDI.entitymatching.evaluation - 		2	|	8527	|	97.32%
[INFO ] PyDI.entitymatching.evaluation - 		3	|	169	|	1.93%
[INFO ] PyDI.entitymatching.evaluation - 		4	|	43	|	0.49%
[INFO ] PyDI.entitymatching.evaluation - 		5	|	20	|	0.23%
[INFO ] PyDI.entitymatching.evaluation - 		6	|	1	|	0.01%
[INFO ] PyDI.entitymatching.evaluation - 		7	|	2	|	0.02%
[INFO ] root - Cluster size distribution written to /Users/onurcanmemis/Desktop/web-data-integration-team-project/output/cluster_analysis/cluster_size_distribution.csv
[INFO ] PyDI.entitymatching.evaluation - Cluster Size Distribution of 6258 clusters:
[INFO ] PyDI.entitymatching.evaluation - 	Cluster Size	| Frequency	| Percentage
[INFO ] PyDI.entitymatching.evaluation - 	──────────────────────────────────────────────────
[INFO ] PyDI.entitymatching.evaluation - 		2	|	6020	|	96.20%
[INFO ] PyDI.entitymatching.evaluation - 		3	|	174	|	2.78%
[INFO ] PyDI.entitymatching.evaluation - 		4	|	46	|	0.74%
[INFO ] PyDI.entitymatching.evaluation - 		5	|	13	|	0.21%
[INFO ] PyDI.entitymatching.evaluation - 		6	|	2	|	0.03%
[INFO ] PyDI.entitymatching.evaluation - 		7	|	1	|	0.02%
[INFO ] PyDI.entitymatching.evaluation - 		8	|	2	|	0.03%
[INFO ] root - Cluster size distribution written to /Users/onurcanmemis/Desktop/web-data-integration-team-project/output/cluster_analysis/cluster_size_distribution.csv
[INFO ] root - Confusion Matrix:
[INFO ] root -   True Positives:  91
[INFO ] root -   True Negatives:  53
[INFO ] root -   False Positives: 2
[INFO ] root -   False Negatives: 2
[INFO ] root - Performance Metrics:
[INFO ] root -   Accuracy:  0.973
[INFO ] root -   Precision: 0.978
[INFO ] root -   Recall:    0.978
[INFO ] root -   F1-Score:  0.978
[INFO ] root - Confusion Matrix:
[INFO ] root -   True Positives:  78
[INFO ] root -   True Negatives:  54
[INFO ] root -   False Positives: 0
[INFO ] root -   False Negatives: 17
[INFO ] root - Performance Metrics:
[INFO ] root -   Accuracy:  0.886
[INFO ] root -   Precision: 1.000
[INFO ] root -   Recall:    0.821
[INFO ] root -   F1-Score:  0.902
[INFO ] root - Filtered correspondences: 9127 -> 9127 (threshold=0.0)
[INFO ] root - Maximum bipartite matching: 9127 -> 8805 
[INFO ] root - MaximumBipartiteMatching: 9127 -> 8805 correspondences
[INFO ] root - MaximumBipartiteMatching: 17853 -> 17610 entities
[INFO ] root - Filtered correspondences: 6648 -> 6648 (threshold=0.0)
[INFO ] root - Maximum bipartite matching: 6648 -> 6320 
[INFO ] root - MaximumBipartiteMatching: 6648 -> 6320 correspondences
[INFO ] root - MaximumBipartiteMatching: 12846 -> 12640 entities
[INFO ] root - Confusion Matrix:
[INFO ] root -   True Positives:  90
[INFO ] root -   True Negatives:  54
[INFO ] root -   False Positives: 1
[INFO ] root -   False Negatives: 3
[INFO ] root - Performance Metrics:
[INFO ] root -   Accuracy:  0.973
[INFO ] root -   Precision: 0.989
[INFO ] root -   Recall:    0.968
[INFO ] root -   F1-Score:  0.978
[INFO ] root - Confusion Matrix:
[INFO ] root -   True Positives:  75
[INFO ] root -   True Negatives:  54
[INFO ] root -   False Positives: 0
[INFO ] root -   False Negatives: 20
[INFO ] root - Performance Metrics:
[INFO ] root -   Accuracy:  0.866
[INFO ] root -   Precision: 1.000
[INFO ] root -   Recall:    0.789
[INFO ] root -   F1-Score:  0.882
[INFO ] PyDI.entitymatching.rule_based.RuleBasedMatcher - Starting Entity Matching
[INFO ] PyDI.entitymatching.rule_based.RuleBasedMatcher - Blocking 84445 x 14666 elements
[INFO ] PyDI.entitymatching.rule_based.RuleBasedMatcher - Matching 84445 x 14666 elements after 0:00:0.019; 453398 blocked pairs (reduction ratio: 0.9996339048466698)
[INFO ] PyDI.entitymatching.rule_based.RuleBasedMatcher - Entity Matching finished after 0:00:46.525; found 20447 correspondences.
[INFO ] PyDI.entitymatching.rule_based.RuleBasedMatcher - Starting Entity Matching
[INFO ] PyDI.entitymatching.rule_based.RuleBasedMatcher - Blocking 84445 x 16325 elements
[INFO ] PyDI.entitymatching.rule_based.RuleBasedMatcher - Matching 84445 x 16325 elements after 0:00:0.022; 378750 blocked pairs (reduction ratio: 0.9997252577114403)
[INFO ] PyDI.entitymatching.rule_based.RuleBasedMatcher - Entity Matching finished after 0:00:37.658; found 18182 correspondences.
[INFO ] root - Filtered correspondences: 20447 -> 20447 (threshold=0.0)
[INFO ] root - Maximum bipartite matching: 20447 -> 11314 
[INFO ] root - MaximumBipartiteMatching: 20447 -> 11314 correspondences
[INFO ] root - MaximumBipartiteMatching: 26501 -> 22628 entities
[INFO ] root - Filtered correspondences: 18182 -> 18182 (threshold=0.0)
[INFO ] root - Maximum bipartite matching: 18182 -> 8000 
[INFO ] root - MaximumBipartiteMatching: 18182 -> 8000 correspondences
[INFO ] root - MaximumBipartiteMatching: 18645 -> 16000 entities
[INFO ] root - Confusion Matrix:
[INFO ] root -   True Positives:  77
[INFO ] root -   True Negatives:  54
[INFO ] root -   False Positives: 1
[INFO ] root -   False Negatives: 16
[INFO ] root - Performance Metrics:
[INFO ] root -   Accuracy:  0.885
[INFO ] root -   Precision: 0.987
[INFO ] root -   Recall:    0.828
[INFO ] root -   F1-Score:  0.901
[INFO ] root - Confusion Matrix:
[INFO ] root -   True Positives:  66
[INFO ] root -   True Negatives:  54
[INFO ] root -   False Positives: 0
[INFO ] root -   False Negatives: 29
[INFO ] root - Performance Metrics:
[INFO ] root -   Accuracy:  0.805
[INFO ] root -   Precision: 1.000
[INFO ] root -   Recall:    0.695
[INFO ] root -   F1-Score:  0.820
