cluster_size,frequency,percentage
2,5915,92.5086018142008
3,329,5.14544885830466
4,93,1.4544885830466063
5,31,0.4848295276822021
6,12,0.1876759461995621
7,7,0.10947763528307788
8,5,0.07819831091648421
9,2,0.03127932436659368
